{
"type": "FeatureCollection",
"name": "杨树点位",
"crs": { "type": "name", "properties": { "name": "urn:ogc:def:crs:EPSG::3857" } },
"features": [
{ "type": "Feature", "properties": { "fid": 1, "编号": "HX0279", "乡镇": "漷县镇", "村": "曹庄村", "24越冬基数": null, "25点围环情况": null, "25年成虫危害程度": "无", "24年危害程度": "无", "面积": null, "24年杨扇杨小发生": null, "23年杨扇杨小发生": null, "19年危害程度": "无", "25年越冬基数调查": null, "2025年幼虫危害程度": "无" }, "geometry": { "type": "Point", "coordinates": [ 13010524.879124963656068, 4831608.881409483030438, 21.896754150748848 ] } },
{ "type": "Feature", "properties": { "fid": 2, "编号": "HX0280", "乡镇": "漷县镇", "村": "曹庄村", "24越冬基数": null, "25点围环情况": null, "25年成虫危害程度": "无", "24年危害程度": "无", "面积": null, "24年杨扇杨小发生": null, "23年杨扇杨小发生": null, "19年危害程度": "无", "25年越冬基数调查": null, "2025年幼虫危害程度": "无" }, "geometry": { "type": "Point", "coordinates": [ 13010911.7693638112396, 4830249.179409737698734, 16.186554150748862 ] } },
{ "type": "Feature", "properties": { "fid": 3, "编号": "HX0281", "乡镇": "漷县镇", "村": "曹庄村", "24越冬基数": null, "25点围环情况": null, "25年成虫危害程度": "无", "24年危害程度": "无", "面积": null, "24年杨扇杨小发生": null, "23年杨扇杨小发生": null, "19年危害程度": "无", "25年越冬基数调查": null, "2025年幼虫危害程度": "无" }, "geometry": { "type": "Point", "coordinates": [ 13010856.992746207863092, 4830136.775351935997605, 16.710754150748926 ] } },
{ "type": "Feature", "properties": { "fid": 4, "编号": "HX0282", "乡镇": "漷县镇", "村": "侯黄庄", "24越冬基数": null, "25点围环情况": null, "25年成虫危害程度": "无", "24年危害程度": "无", "面积": null, "24年杨扇杨小发生": "无", "23年杨扇杨小发生": "无", "19年危害程度": "无", "25年越冬基数调查": null, "2025年幼虫危害程度": "轻" }, "geometry": { "type": "Point", "coordinates": [ 13010980.88119569607079, 4829023.220362031832337, 13.642554150748992 ] } },
{ "type": "Feature", "properties": { "fid": 5, "编号": "HX0283", "乡镇": "漷县镇", "村": "侯黄庄", "24越冬基数": null, "25点围环情况": null, "25年成虫危害程度": "无", "24年危害程度": "无", "面积": null, "24年杨扇杨小发生": "无", "23年杨扇杨小发生": "无", "19年危害程度": "无", "25年越冬基数调查": null, "2025年幼虫危害程度": "轻" }, "geometry": { "type": "Point", "coordinates": [ 13011006.43392538651824, 4828979.946215285919607, 15.733754150748837 ] } },
{ "type": "Feature", "properties": { "fid": 6, "编号": "XJ0545", "乡镇": "西集镇", "村": "老庄户", "24越冬基数": null, "25点围环情况": null, "25年成虫危害程度": "无", "24年危害程度": "无", "面积": null, "24年杨扇杨小发生": "无", "23年杨扇杨小发生": "", "19年危害程度": "无", "25年越冬基数调查": null, "2025年幼虫危害程度": "无" }, "geometry": { "type": "Point", "coordinates": [ 13002462.570343911647797, 4833462.943477613851428, 16.581254150748919 ] } },
{ "type": "Feature", "properties": { "fid": 7, "编号": "XJ0546", "乡镇": "西集镇", "村": "耿楼村", "24越冬基数": null, "25点围环情况": null, "25年成虫危害程度": "无", "24年危害程度": "无", "面积": null, "24年杨扇杨小发生": null, "23年杨扇杨小发生": null, "19年危害程度": "无", "25年越冬基数调查": null, "2025年幼虫危害程度": "无" }, "geometry": { "type": "Point", "coordinates": [ 13005069.734699815511703, 4832583.278291082940996, 17.102454150748827 ] } },
{ "type": "Feature", "properties": { "fid": 8, "编号": "XJ0548", "乡镇": "西集镇", "村": "耿楼村", "24越冬基数": null, "25点围环情况": null, "25年成虫危害程度": "无", "24年危害程度": "无", "面积": null, "24年杨扇杨小发生": null, "23年杨扇杨小发生": null, "19年危害程度": "无", "25年越冬基数调查": null, "2025年幼虫危害程度": "无" }, "geometry": { "type": "Point", "coordinates": [ 13004397.514922367408872, 4834170.938178914599121, 14.95695415074897 ] } },
{ "type": "Feature", "properties": { "fid": 9, "编号": "XJ0549", "乡镇": "西集镇", "村": "耿楼村", "24越冬基数": null, "25点围环情况": null, "25年成虫危害程度": "无", "24年危害程度": "无", "面积": null, "24年杨扇杨小发生": null, "23年杨扇杨小发生": null, "19年危害程度": "无", "25年越冬基数调查": null, "2025年幼虫危害程度": "无" }, "geometry": { "type": "Point", "coordinates": [ 13004375.860237317159772, 4834048.717465154826641, 16.534154150748918 ] } },
{ "type": "Feature", "properties": { "fid": 10, "编号": "XJ0552", "乡镇": "西集镇", "村": "郎西村", "24越冬基数": null, "25点围环情况": "轻度", "25年成虫危害程度": "无", "24年危害程度": "轻", "面积": 8.9, "24年杨扇杨小发生": null, "23年杨扇杨小发生": null, "19年危害程度": "无", "25年越冬基数调查": null, "2025年幼虫危害程度": "无" }, "geometry": { "type": "Point", "coordinates": [ 13003665.287004094570875, 4835843.969031690619886, 17.720954150748867 ] } },
{ "type": "Feature", "properties": { "fid": 11, "编号": "XJ0554", "乡镇": "西集镇", "村": "曹刘各", "24越冬基数": null, "25点围环情况": null, "25年成虫危害程度": "无", "24年危害程度": "无", "面积": null, "24年杨扇杨小发生": null, "23年杨扇杨小发生": null, "19年危害程度": "无", "25年越冬基数调查": null, "2025年幼虫危害程度": "无" }, "geometry": { "type": "Point", "coordinates": [ 13010031.124556941911578, 4836183.698695039376616, 30.484854150749015 ] } },
{ "type": "Feature", "properties": { "fid": 12, "编号": "XJ0556", "乡镇": "西集镇", "村": "桥上村", "24越冬基数": null, "25点围环情况": null, "25年成虫危害程度": "无", "24年危害程度": "无", "面积": null, "24年杨扇杨小发生": null, "23年杨扇杨小发生": null, "19年危害程度": "无", "25年越冬基数调查": null, "2025年幼虫危害程度": "无" }, "geometry": { "type": "Point", "coordinates": [ 13014216.890484165400267, 4834647.616392057389021, 7.671454150749014 ] } },
{ "type": "Feature", "properties": { "fid": 13, "编号": "XJ0557", "乡镇": "西集镇", "村": "牛牧屯", "24越冬基数": null, "25点围环情况": null, "25年成虫危害程度": "无", "24年危害程度": "无", "面积": null, "24年杨扇杨小发生": "无", "23年杨扇杨小发生": "轻", "19年危害程度": "无", "25年越冬基数调查": null, "2025年幼虫危害程度": "无" }, "geometry": { "type": "Point", "coordinates": [ 13016421.386943781748414, 4834632.048654168844223, 17.238954150748896 ] } },
{ "type": "Feature", "properties": { "fid": 14, "编号": "LC0253", "乡镇": "潞城镇", "村": "肖庄村", "24越冬基数": null, "25点围环情况": null, "25年成虫危害程度": "无", "24年危害程度": "无", "面积": null, "24年杨扇杨小发生": null, "23年杨扇杨小发生": null, "19年危害程度": "无", "25年越冬基数调查": null, "2025年幼虫危害程度": "无" }, "geometry": { "type": "Point", "coordinates": [ 13001950.589673472568393, 4843807.426782601512969, 22.619154150748955 ] } },
{ "type": "Feature", "properties": { "fid": 15, "编号": "TH0044", "乡镇": "台湖镇", "村": "大地村", "24越冬基数": null, "25点围环情况": null, "25年成虫危害程度": "无", "24年危害程度": "无", "面积": null, "24年杨扇杨小发生": null, "23年杨扇杨小发生": null, "19年危害程度": "无", "25年越冬基数调查": null, "2025年幼虫危害程度": "无" }, "geometry": { "type": "Point", "coordinates": [ 12983359.850403029471636, 4836804.786957356147468, -0.000045849251137 ] } },
{ "type": "Feature", "properties": { "fid": 16, "编号": "XJ0063", "乡镇": "西集镇", "村": "和合站", "24越冬基数": null, "25点围环情况": null, "25年成虫危害程度": "无", "24年危害程度": "无", "面积": null, "24年杨扇杨小发生": null, "23年杨扇杨小发生": null, "19年危害程度": "无", "25年越冬基数调查": null, "2025年幼虫危害程度": "无" }, "geometry": { "type": "Point", "coordinates": [ 13008392.43811366520822, 4831515.675743401050568, -0.000045849251137 ] } },
{ "type": "Feature", "properties": { "fid": 17, "编号": "HX0005", "乡镇": "漷县镇", "村": "曹庄村", "24越冬基数": null, "25点围环情况": null, "25年成虫危害程度": "无", "24年危害程度": "无", "面积": 82.5, "24年杨扇杨小发生": null, "23年杨扇杨小发生": null, "19年危害程度": "轻", "25年越冬基数调查": null, "2025年幼虫危害程度": "中" }, "geometry": { "type": "Point", "coordinates": [ 13010620.142058251425624, 4831435.914579473435879, -0.000045849251137 ] } },
{ "type": "Feature", "properties": { "fid": 18, "编号": "HX0007", "乡镇": "漷县镇", "村": "马庄村", "24越冬基数": null, "25点围环情况": null, "25年成虫危害程度": "无", "24年危害程度": "无", "面积": null, "24年杨扇杨小发生": "无", "23年杨扇杨小发生": "中", "19年危害程度": "无", "25年越冬基数调查": null, "2025年幼虫危害程度": "无" }, "geometry": { "type": "Point", "coordinates": [ 13008099.201068798080087, 4830772.149071883410215, -0.000045849251137 ] } },
{ "type": "Feature", "properties": { "fid": 19, "编号": "HX0009", "乡镇": "漷县镇", "村": "凌庄村", "24越冬基数": null, "25点围环情况": "严重", "25年成虫危害程度": "无", "24年危害程度": "重", "面积": 93.0, "24年杨扇杨小发生": null, "23年杨扇杨小发生": null, "19年危害程度": "无", "25年越冬基数调查": null, "2025年幼虫危害程度": "轻" }, "geometry": { "type": "Point", "coordinates": [ 13007898.592700878158212, 4831781.877195344306529, -0.000045849251137 ] } },
{ "type": "Feature", "properties": { "fid": 20, "编号": "HX0011", "乡镇": "漷县镇", "村": "马头村", "24越冬基数": null, "25点围环情况": null, "25年成虫危害程度": "无", "24年危害程度": "无", "面积": null, "24年杨扇杨小发生": "轻", "23年杨扇杨小发生": "轻", "19年危害程度": "无", "25年越冬基数调查": null, "2025年幼虫危害程度": "轻" }, "geometry": { "type": "Point", "coordinates": [ 13005019.083015350624919, 4831622.841237716376781, -0.000045849251137 ] } },
{ "type": "Feature", "properties": { "fid": 21, "编号": "HX0014", "乡镇": "漷县镇", "村": "马头村", "24越冬基数": null, "25点围环情况": null, "25年成虫危害程度": "无", "24年危害程度": "无", "面积": null, "24年杨扇杨小发生": "无", "23年杨扇杨小发生": "", "19年危害程度": "无", "25年越冬基数调查": null, "2025年幼虫危害程度": "无" }, "geometry": { "type": "Point", "coordinates": [ 13004121.64594036526978, 4831677.260472877882421, -0.000045849251137 ] } },
{ "type": "Feature", "properties": { "fid": 22, "编号": "HX0017", "乡镇": "漷县镇", "村": "杨地村", "24越冬基数": null, "25点围环情况": null, "25年成虫危害程度": "无", "24年危害程度": "无", "面积": null, "24年杨扇杨小发生": null, "23年杨扇杨小发生": null, "19年危害程度": "无", "25年越冬基数调查": null, "2025年幼虫危害程度": "无" }, "geometry": { "type": "Point", "coordinates": [ 13001662.86210541240871, 4833124.707920677959919, -0.000045849251137 ] } },
{ "type": "Feature", "properties": { "fid": 23, "编号": "HX0019", "乡镇": "漷县镇", "村": "杨堤村", "24越冬基数": null, "25点围环情况": null, "25年成虫危害程度": "无", "24年危害程度": "无", "面积": null, "24年杨扇杨小发生": null, "23年杨扇杨小发生": null, "19年危害程度": "无", "25年越冬基数调查": null, "2025年幼虫危害程度": "无" }, "geometry": { "type": "Point", "coordinates": [ 13001920.896175570785999, 4833402.712080537341535, -0.000045849251137 ] } },
{ "type": "Feature", "properties": { "fid": 24, "编号": "HX0024", "乡镇": "漷县镇", "村": "榆林庄", "24越冬基数": null, "25点围环情况": null, "25年成虫危害程度": "无", "24年危害程度": "无", "面积": null, "24年杨扇杨小发生": null, "23年杨扇杨小发生": null, "19年危害程度": "无", "25年越冬基数调查": null, "2025年幼虫危害程度": "无" }, "geometry": { "type": "Point", "coordinates": [ 13000286.524638067930937, 4836387.556463059969246, -0.000045849251137 ] } },
{ "type": "Feature", "properties": { "fid": 25, "编号": "HX0037", "乡镇": "漷县镇", "村": "翟各庄", "24越冬基数": null, "25点围环情况": null, "25年成虫危害程度": "无", "24年危害程度": "无", "面积": null, "24年杨扇杨小发生": null, "23年杨扇杨小发生": null, "19年危害程度": "无", "25年越冬基数调查": null, "2025年幼虫危害程度": "无" }, "geometry": { "type": "Point", "coordinates": [ 12997320.19348631799221, 4834198.044671328738332, -0.000045849251137 ] } },
{ "type": "Feature", "properties": { "fid": 26, "编号": "HX0041", "乡镇": "漷县镇", "村": "草厂村", "24越冬基数": null, "25点围环情况": null, "25年成虫危害程度": "无", "24年危害程度": "无", "面积": 41.4, "24年杨扇杨小发生": null, "23年杨扇杨小发生": null, "19年危害程度": "轻", "25年越冬基数调查": null, "2025年幼虫危害程度": "轻" }, "geometry": { "type": "Point", "coordinates": [ 12996217.228849302977324, 4828998.519919427111745, -0.000045849251137 ] } },
{ "type": "Feature", "properties": { "fid": 27, "编号": "HX0045", "乡镇": "漷县镇", "村": "草厂村", "24越冬基数": null, "25点围环情况": "轻度", "25年成虫危害程度": "轻", "24年危害程度": "重", "面积": 80.4, "24年杨扇杨小发生": null, "23年杨扇杨小发生": null, "19年危害程度": "中", "25年越冬基数调查": null, "2025年幼虫危害程度": "重" }, "geometry": { "type": "Point", "coordinates": [ 12996797.545143591240048, 4828408.532984075136483, -0.000045849251137 ] } },
{ "type": "Feature", "properties": { "fid": 28, "编号": "HX0047", "乡镇": "漷县镇", "村": "草厂村", "24越冬基数": null, "25点围环情况": "严重", "25年成虫危害程度": "中", "24年危害程度": "重", "面积": 31.7, "24年杨扇杨小发生": null, "23年杨扇杨小发生": null, "19年危害程度": "轻", "25年越冬基数调查": "1", "2025年幼虫危害程度": "重" }, "geometry": { "type": "Point", "coordinates": [ 12996881.014749273657799, 4827868.973061313852668, -0.000045849251137 ] } },
{ "type": "Feature", "properties": { "fid": 29, "编号": "YF0110", "乡镇": "于家务", "村": "神仙村", "24越冬基数": null, "25点围环情况": null, "25年成虫危害程度": "无", "24年危害程度": "无", "面积": null, "24年杨扇杨小发生": null, "23年杨扇杨小发生": null, "19年危害程度": "无", "25年越冬基数调查": null, "2025年幼虫危害程度": "无" }, "geometry": { "type": "Point", "coordinates": [ 12995342.607669439166784, 4825410.14539110660553, -0.000045849251137 ] } },
{ "type": "Feature", "properties": { "fid": 30, "编号": "HX0053", "乡镇": "漷县镇", "村": "北堤寺", "24越冬基数": null, "25点围环情况": "轻度", "25年成虫危害程度": "无", "24年危害程度": "中", "面积": 7.9, "24年杨扇杨小发生": null, "23年杨扇杨小发生": null, "19年危害程度": "轻", "25年越冬基数调查": null, "2025年幼虫危害程度": "中" }, "geometry": { "type": "Point", "coordinates": [ 12995475.14018358848989, 4823632.721507874317467, -0.000045849251137 ] } },
{ "type": "Feature", "properties": { "fid": 31, "编号": "HX0058", "乡镇": "漷县镇", "村": "柏庄村", "24越冬基数": null, "25点围环情况": null, "25年成虫危害程度": "无", "24年危害程度": "无", "面积": null, "24年杨扇杨小发生": null, "23年杨扇杨小发生": null, "19年危害程度": "无", "25年越冬基数调查": null, "2025年幼虫危害程度": "无" }, "geometry": { "type": "Point", "coordinates": [ 13004499.375195976346731, 4825951.339385198429227, -0.000045849251137 ] } },
{ "type": "Feature", "properties": { "fid": 32, "编号": "HX0060", "乡镇": "漷县镇", "村": "军屯村", "24越冬基数": null, "25点围环情况": null, "25年成虫危害程度": "无", "24年危害程度": "无", "面积": null, "24年杨扇杨小发生": "无", "23年杨扇杨小发生": "", "19年危害程度": "无", "25年越冬基数调查": null, "2025年幼虫危害程度": "轻" }, "geometry": { "type": "Point", "coordinates": [ 13003955.848144391551614, 4826239.497577955015004, -0.000045849251137 ] } },
{ "type": "Feature", "properties": { "fid": 33, "编号": "HX0070", "乡镇": "漷县镇", "村": "罗庄村", "24越冬基数": null, "25点围环情况": null, "25年成虫危害程度": "无", "24年危害程度": "无", "面积": 21.8, "24年杨扇杨小发生": null, "23年杨扇杨小发生": null, "19年危害程度": "重", "25年越冬基数调查": null, "2025年幼虫危害程度": "轻" }, "geometry": { "type": "Point", "coordinates": [ 13010204.019997201859951, 4819689.454936167225242, -0.000045849251137 ] } },
{ "type": "Feature", "properties": { "fid": 34, "编号": "HX0072", "乡镇": "漷县镇", "村": "梁家务", "24越冬基数": null, "25点围环情况": "严重", "25年成虫危害程度": "中", "24年危害程度": "重", "面积": 34.4, "24年杨扇杨小发生": null, "23年杨扇杨小发生": null, "19年危害程度": "重", "25年越冬基数调查": null, "2025年幼虫危害程度": "重" }, "geometry": { "type": "Point", "coordinates": [ 13011584.411674814298749, 4818645.582382973283529, -0.000045849251137 ] } },
{ "type": "Feature", "properties": { "fid": 35, "编号": "HX0074", "乡镇": "漷县镇", "村": "罗庄村", "24越冬基数": null, "25点围环情况": null, "25年成虫危害程度": "无", "24年危害程度": "无", "面积": null, "24年杨扇杨小发生": null, "23年杨扇杨小发生": null, "19年危害程度": "无", "25年越冬基数调查": null, "2025年幼虫危害程度": "无" }, "geometry": { "type": "Point", "coordinates": [ 13011300.237699599936604, 4818868.321783448569477, -0.000045849251137 ] } },
{ "type": "Feature", "properties": { "fid": 36, "编号": "HX0077", "乡镇": "漷县镇", "村": "边怀庄", "24越冬基数": null, "25点围环情况": null, "25年成虫危害程度": "无", "24年危害程度": "无", "面积": null, "24年杨扇杨小发生": null, "23年杨扇杨小发生": null, "19年危害程度": "", "25年越冬基数调查": null, "2025年幼虫危害程度": "中" }, "geometry": { "type": "Point", "coordinates": [ 13010103.57848072052002, 4820812.783146447502077, -0.000045849251137 ] } },
{ "type": "Feature", "properties": { "fid": 37, "编号": "HX0087", "乡镇": "漷县镇", "村": "觅子店", "24越冬基数": null, "25点围环情况": null, "25年成虫危害程度": "无", "24年危害程度": "无", "面积": null, "24年杨扇杨小发生": null, "23年杨扇杨小发生": null, "19年危害程度": "无", "25年越冬基数调查": null, "2025年幼虫危害程度": "无" }, "geometry": { "type": "Point", "coordinates": [ 13009292.066195232793689, 4824345.004399267956614, -0.000045849251137 ] } },
{ "type": "Feature", "properties": { "fid": 38, "编号": "HX0092", "乡镇": "漷县镇", "村": "小屯村", "24越冬基数": null, "25点围环情况": null, "25年成虫危害程度": "无", "24年危害程度": "无", "面积": null, "24年杨扇杨小发生": "无", "23年杨扇杨小发生": "", "19年危害程度": "无", "25年越冬基数调查": null, "2025年幼虫危害程度": "无" }, "geometry": { "type": "Point", "coordinates": [ 13013039.803899269551039, 4827355.195130593143404, -0.000045849251137 ] } },
{ "type": "Feature", "properties": { "fid": 39, "编号": "HX0094", "乡镇": "漷县镇", "村": "曹庄村", "24越冬基数": null, "25点围环情况": null, "25年成虫危害程度": "无", "24年危害程度": "无", "面积": null, "24年杨扇杨小发生": "无", "23年杨扇杨小发生": "", "19年危害程度": "无", "25年越冬基数调查": null, "2025年幼虫危害程度": "无" }, "geometry": { "type": "Point", "coordinates": [ 13012157.015486108139157, 4827374.699551148340106, -0.000045849251137 ] } },
{ "type": "Feature", "properties": { "fid": 40, "编号": "HX0096", "乡镇": "漷县镇", "村": "纪各庄", "24越冬基数": null, "25点围环情况": null, "25年成虫危害程度": "无", "24年危害程度": "无", "面积": null, "24年杨扇杨小发生": "无", "23年杨扇杨小发生": "", "19年危害程度": "无", "25年越冬基数调查": null, "2025年幼虫危害程度": "无" }, "geometry": { "type": "Point", "coordinates": [ 13011632.365533610805869, 4827370.715701380744576, -0.000045849251137 ] } },
{ "type": "Feature", "properties": { "fid": 41, "编号": "HX0100", "乡镇": "漷县镇", "村": "漷县村", "24越冬基数": null, "25点围环情况": null, "25年成虫危害程度": "无", "24年危害程度": "无", "面积": null, "24年杨扇杨小发生": null, "23年杨扇杨小发生": null, "19年危害程度": "无", "25年越冬基数调查": null, "2025年幼虫危害程度": "无" }, "geometry": { "type": "Point", "coordinates": [ 12998158.605634320527315, 4834701.248158531263471, -0.000045849251137 ] } },
{ "type": "Feature", "properties": { "fid": 42, "编号": "HX0102", "乡镇": "漷县镇", "村": "漷县村", "24越冬基数": null, "25点围环情况": null, "25年成虫危害程度": "无", "24年危害程度": "无", "面积": null, "24年杨扇杨小发生": null, "23年杨扇杨小发生": null, "19年危害程度": "无", "25年越冬基数调查": null, "2025年幼虫危害程度": "无" }, "geometry": { "type": "Point", "coordinates": [ 12998664.153604043647647, 4834594.074361353181303, -0.000045849251137 ] } },
{ "type": "Feature", "properties": { "fid": 43, "编号": "HX0107", "乡镇": "漷县镇", "村": "漷县村", "24越冬基数": null, "25点围环情况": null, "25年成虫危害程度": "无", "24年危害程度": "无", "面积": null, "24年杨扇杨小发生": null, "23年杨扇杨小发生": null, "19年危害程度": "无", "25年越冬基数调查": null, "2025年幼虫危害程度": "无" }, "geometry": { "type": "Point", "coordinates": [ 12999231.263287220150232, 4834082.875050481408834, -0.000045849251137 ] } },
{ "type": "Feature", "properties": { "fid": 44, "编号": "HX0109", "乡镇": "漷县镇", "村": "郭县村", "24越冬基数": null, "25点围环情况": null, "25年成虫危害程度": "无", "24年危害程度": "无", "面积": null, "24年杨扇杨小发生": null, "23年杨扇杨小发生": null, "19年危害程度": "无", "25年越冬基数调查": null, "2025年幼虫危害程度": "无" }, "geometry": { "type": "Point", "coordinates": [ 12998586.205326970666647, 4833576.879242494702339, -0.000045849251137 ] } },
{ "type": "Feature", "properties": { "fid": 45, "编号": "HX0116", "乡镇": "漷县镇", "村": "大柳树", "24越冬基数": null, "25点围环情况": "严重", "25年成虫危害程度": "中", "24年危害程度": "重", "面积": 12.3, "24年杨扇杨小发生": null, "23年杨扇杨小发生": null, "19年危害程度": "无", "25年越冬基数调查": null, "2025年幼虫危害程度": "重" }, "geometry": { "type": "Point", "coordinates": [ 13009110.247666889801621, 4825805.94292913377285, -0.000045849251137 ] } },
{ "type": "Feature", "properties": { "fid": 46, "编号": "HX0120", "乡镇": "漷县镇", "村": "三黄庄", "24越冬基数": null, "25点围环情况": null, "25年成虫危害程度": "无", "24年危害程度": "无", "面积": null, "24年杨扇杨小发生": null, "23年杨扇杨小发生": null, "19年危害程度": "无", "25年越冬基数调查": null, "2025年幼虫危害程度": "无" }, "geometry": { "type": "Point", "coordinates": [ 13001382.122083885595202, 4830826.069862015545368, -0.000045849251137 ] } },
{ "type": "Feature", "properties": { "fid": 47, "编号": "HX0122", "乡镇": "漷县镇", "村": "南丁庄", "24越冬基数": null, "25点围环情况": null, "25年成虫危害程度": "无", "24年危害程度": "无", "面积": null, "24年杨扇杨小发生": "无", "23年杨扇杨小发生": "", "19年危害程度": "无", "25年越冬基数调查": null, "2025年幼虫危害程度": "无" }, "geometry": { "type": "Point", "coordinates": [ 13000234.28996335528791, 4829379.805586894974113, -0.000045849251137 ] } },
{ "type": "Feature", "properties": { "fid": 48, "编号": "HX0125", "乡镇": "漷县镇", "村": "草厂村", "24越冬基数": null, "25点围环情况": "严重", "25年成虫危害程度": "轻", "24年危害程度": "重", "面积": 58.8, "24年杨扇杨小发生": null, "23年杨扇杨小发生": null, "19年危害程度": "轻", "25年越冬基数调查": null, "2025年幼虫危害程度": "重" }, "geometry": { "type": "Point", "coordinates": [ 12998000.187161572277546, 4829377.205789442174137, -0.000045849251137 ] } },
{ "type": "Feature", "properties": { "fid": 49, "编号": "HX0130", "乡镇": "漷县镇", "村": "东鲁村", "24越冬基数": null, "25点围环情况": null, "25年成虫危害程度": "无", "24年危害程度": "无", "面积": null, "24年杨扇杨小发生": "无", "23年杨扇杨小发生": "", "19年危害程度": "无", "25年越冬基数调查": null, "2025年幼虫危害程度": "无" }, "geometry": { "type": "Point", "coordinates": [ 12997310.431500643491745, 4830538.422364161349833, -0.000045849251137 ] } },
{ "type": "Feature", "properties": { "fid": 50, "编号": "HX0137", "乡镇": "漷县镇", "村": "石槽村", "24越冬基数": null, "25点围环情况": null, "25年成虫危害程度": "无", "24年危害程度": "无", "面积": null, "24年杨扇杨小发生": null, "23年杨扇杨小发生": null, "19年危害程度": "", "25年越冬基数调查": null, "2025年幼虫危害程度": "无" }, "geometry": { "type": "Point", "coordinates": [ 13004790.200235851109028, 4829383.601726745255291, -0.000045849251137 ] } },
{ "type": "Feature", "properties": { "fid": 52, "编号": "HX0146", "乡镇": "漷县镇", "村": "毛庄村", "24越冬基数": null, "25点围环情况": null, "25年成虫危害程度": "无", "24年危害程度": "无", "面积": null, "24年杨扇杨小发生": null, "23年杨扇杨小发生": null, "19年危害程度": "", "25年越冬基数调查": null, "2025年幼虫危害程度": "无" }, "geometry": { "type": "Point", "coordinates": [ 13006133.845796311274171, 4827738.6537363268435, -0.000045849251137 ] } },
{ "type": "Feature", "properties": { "fid": 53, "编号": "HX0149", "乡镇": "漷县镇", "村": "毛庄村", "24越冬基数": null, "25点围环情况": null, "25年成虫危害程度": "无", "24年危害程度": "无", "面积": null, "24年杨扇杨小发生": null, "23年杨扇杨小发生": null, "19年危害程度": "无", "25年越冬基数调查": null, "2025年幼虫危害程度": "轻" }, "geometry": { "type": "Point", "coordinates": [ 13006332.523395294323564, 4827919.007730734534562, -0.000045849251137 ] } },
{ "type": "Feature", "properties": { "fid": 54, "编号": "HX0153", "乡镇": "漷县镇", "村": "石槽村", "24越冬基数": null, "25点围环情况": null, "25年成虫危害程度": "无", "24年危害程度": "无", "面积": null, "24年杨扇杨小发生": "无", "23年杨扇杨小发生": "", "19年危害程度": "无", "25年越冬基数调查": null, "2025年幼虫危害程度": "无" }, "geometry": { "type": "Point", "coordinates": [ 13006400.080939272418618, 4830341.437999994494021, -0.000045849251137 ] } },
{ "type": "Feature", "properties": { "fid": 55, "编号": "HX0155", "乡镇": "漷县镇", "村": "石槽村", "24越冬基数": null, "25点围环情况": null, "25年成虫危害程度": "无", "24年危害程度": "无", "面积": null, "24年杨扇杨小发生": "无", "23年杨扇杨小发生": "", "19年危害程度": "无", "25年越冬基数调查": null, "2025年幼虫危害程度": "无" }, "geometry": { "type": "Point", "coordinates": [ 13006601.821726163849235, 4829977.027863429859281, -0.000045849251137 ] } },
{ "type": "Feature", "properties": { "fid": 56, "编号": "HX0157", "乡镇": "漷县镇", "村": "凌庄村", "24越冬基数": null, "25点围环情况": null, "25年成虫危害程度": "无", "24年危害程度": "无", "面积": null, "24年杨扇杨小发生": null, "23年杨扇杨小发生": null, "19年危害程度": "无", "25年越冬基数调查": null, "2025年幼虫危害程度": "无" }, "geometry": { "type": "Point", "coordinates": [ 13006823.997850274667144, 4830157.542775343172252, -0.000045849251137 ] } },
{ "type": "Feature", "properties": { "fid": 57, "编号": "HX0159", "乡镇": "漷县镇", "村": "凌庄村", "24越冬基数": null, "25点围环情况": null, "25年成虫危害程度": "无", "24年危害程度": "无", "面积": null, "24年杨扇杨小发生": "无", "23年杨扇杨小发生": "", "19年危害程度": "无", "25年越冬基数调查": null, "2025年幼虫危害程度": "中" }, "geometry": { "type": "Point", "coordinates": [ 13006962.87036862410605, 4829865.141408386640251, -0.000045849251137 ] } },
{ "type": "Feature", "properties": { "fid": 58, "编号": "HX0170", "乡镇": "漷县镇", "村": "张庄村", "24越冬基数": null, "25点围环情况": null, "25年成虫危害程度": "无", "24年危害程度": "无", "面积": null, "24年杨扇杨小发生": null, "23年杨扇杨小发生": null, "19年危害程度": "无", "25年越冬基数调查": null, "2025年幼虫危害程度": "无" }, "geometry": { "type": "Point", "coordinates": [ 13009356.070532044395804, 4828481.044777873903513, -0.000045849251137 ] } },
{ "type": "Feature", "properties": { "fid": 61, "编号": "HX0185", "乡镇": "漷县镇", "村": "曹庄村", "24越冬基数": null, "25点围环情况": null, "25年成虫危害程度": "无", "24年危害程度": "无", "面积": null, "24年杨扇杨小发生": null, "23年杨扇杨小发生": null, "19年危害程度": "无", "25年越冬基数调查": null, "2025年幼虫危害程度": "无" }, "geometry": { "type": "Point", "coordinates": [ 13012938.602756701409817, 4828209.877354997210205, -0.000045849251137 ] } },
{ "type": "Feature", "properties": { "fid": 62, "编号": "HX0190", "乡镇": "漷县镇", "村": "侯黄庄", "24越冬基数": null, "25点围环情况": null, "25年成虫危害程度": "无", "24年危害程度": "无", "面积": 32.3, "24年杨扇杨小发生": "无", "23年杨扇杨小发生": "无", "19年危害程度": "轻", "25年越冬基数调查": null, "2025年幼虫危害程度": "无" }, "geometry": { "type": "Point", "coordinates": [ 13010254.375952742993832, 4827790.618847493082285, -0.000045849251137 ] } },
{ "type": "Feature", "properties": { "fid": 63, "编号": "HX0193", "乡镇": "漷县镇", "村": "后尖平", "24越冬基数": null, "25点围环情况": null, "25年成虫危害程度": "无", "24年危害程度": "无", "面积": null, "24年杨扇杨小发生": "无", "23年杨扇杨小发生": "", "19年危害程度": "无", "25年越冬基数调查": null, "2025年幼虫危害程度": "无" }, "geometry": { "type": "Point", "coordinates": [ 13009868.111742259934545, 4827340.129217131063342, -0.000045849251137 ] } },
{ "type": "Feature", "properties": { "fid": 64, "编号": "HX0195", "乡镇": "漷县镇", "村": "大柳树", "24越冬基数": null, "25点围环情况": null, "25年成虫危害程度": "无", "24年危害程度": "无", "面积": null, "24年杨扇杨小发生": "无", "23年杨扇杨小发生": "", "19年危害程度": "无", "25年越冬基数调查": null, "2025年幼虫危害程度": "无" }, "geometry": { "type": "Point", "coordinates": [ 13009039.997175926342607, 4827210.196087402291596, -0.000045849251137 ] } },
{ "type": "Feature", "properties": { "fid": 65, "编号": "HX0201", "乡镇": "漷县镇", "村": "军屯村", "24越冬基数": null, "25点围环情况": null, "25年成虫危害程度": "无", "24年危害程度": "无", "面积": null, "24年杨扇杨小发生": null, "23年杨扇杨小发生": null, "19年危害程度": "无", "25年越冬基数调查": null, "2025年幼虫危害程度": "无" }, "geometry": { "type": "Point", "coordinates": [ 13004796.03649259544909, 4826355.223103122785687, -0.000045849251137 ] } },
{ "type": "Feature", "properties": { "fid": 66, "编号": "HX0203", "乡镇": "漷县镇", "村": "军屯村", "24越冬基数": null, "25点围环情况": null, "25年成虫危害程度": "无", "24年危害程度": "无", "面积": null, "24年杨扇杨小发生": null, "23年杨扇杨小发生": null, "19年危害程度": "无", "25年越冬基数调查": null, "2025年幼虫危害程度": "轻" }, "geometry": { "type": "Point", "coordinates": [ 13005460.906078288331628, 4827580.999352098442614, -0.000045849251137 ] } },
{ "type": "Feature", "properties": { "fid": 67, "编号": "HX0205", "乡镇": "漷县镇", "村": "靛庄村", "24越冬基数": null, "25点围环情况": null, "25年成虫危害程度": "无", "24年危害程度": "无", "面积": null, "24年杨扇杨小发生": null, "23年杨扇杨小发生": null, "19年危害程度": "无", "25年越冬基数调查": null, "2025年幼虫危害程度": "无" }, "geometry": { "type": "Point", "coordinates": [ 12999266.815502868965268, 4837143.15622182097286, -0.000045849251137 ] } },
{ "type": "Feature", "properties": { "fid": 68, "编号": "HX0208", "乡镇": "漷县镇", "村": "苏庄村", "24越冬基数": null, "25点围环情况": null, "25年成虫危害程度": "轻", "24年危害程度": "无", "面积": null, "24年杨扇杨小发生": null, "23年杨扇杨小发生": null, "19年危害程度": "无", "25年越冬基数调查": null, "2025年幼虫危害程度": "中" }, "geometry": { "type": "Point", "coordinates": [ 12999912.85745007917285, 4837684.387302746064961, -0.000045849251137 ] } },
{ "type": "Feature", "properties": { "fid": 69, "编号": "HX0221", "乡镇": "漷县镇", "村": "凌庄村", "24越冬基数": null, "25点围环情况": null, "25年成虫危害程度": "无", "24年危害程度": "无", "面积": null, "24年杨扇杨小发生": "无", "23年杨扇杨小发生": "", "19年危害程度": "无", "25年越冬基数调查": null, "2025年幼虫危害程度": "中" }, "geometry": { "type": "Point", "coordinates": [ 13007323.104079959914088, 4829677.922815259546041, -0.000045849251137 ] } },
{ "type": "Feature", "properties": { "fid": 71, "编号": "HX0225", "乡镇": "漷县镇", "村": "东寺庄", "24越冬基数": null, "25点围环情况": null, "25年成虫危害程度": "无", "24年危害程度": "无", "面积": null, "24年杨扇杨小发生": null, "23年杨扇杨小发生": null, "19年危害程度": "", "25年越冬基数调查": null, "2025年幼虫危害程度": "无" }, "geometry": { "type": "Point", "coordinates": [ 13006891.89979512989521, 4827997.419465628452599, -0.000045849251137 ] } },
{ "type": "Feature", "properties": { "fid": 72, "编号": "LC0007", "乡镇": "潞城镇", "村": "武窑村", "24越冬基数": null, "25点围环情况": null, "25年成虫危害程度": "无", "24年危害程度": "无", "面积": null, "24年杨扇杨小发生": "无", "23年杨扇杨小发生": "", "19年危害程度": "无", "25年越冬基数调查": null, "2025年幼虫危害程度": "轻" }, "geometry": { "type": "Point", "coordinates": [ 12998982.347476968541741, 4843094.077811809256673, -0.000045849251137 ] } },
{ "type": "Feature", "properties": { "fid": 73, "编号": "LC0009", "乡镇": "潞城镇", "村": "武窑村", "24越冬基数": null, "25点围环情况": null, "25年成虫危害程度": "无", "24年危害程度": "无", "面积": null, "24年杨扇杨小发生": "无", "23年杨扇杨小发生": "", "19年危害程度": "无", "25年越冬基数调查": null, "2025年幼虫危害程度": "无" }, "geometry": { "type": "Point", "coordinates": [ 12999213.045741535723209, 4842745.633215229026973, -0.000045849251137 ] } },
{ "type": "Feature", "properties": { "fid": 74, "编号": "LC0014", "乡镇": "潞城镇", "村": "武窑村", "24越冬基数": null, "25点围环情况": null, "25年成虫危害程度": "无", "24年危害程度": "无", "面积": null, "24年杨扇杨小发生": "无", "23年杨扇杨小发生": "", "19年危害程度": "", "25年越冬基数调查": null, "2025年幼虫危害程度": "无" }, "geometry": { "type": "Point", "coordinates": [ 12999566.659177558496594, 4842070.560561031103134, -0.000045849251137 ] } },
{ "type": "Feature", "properties": { "fid": 75, "编号": "LC0025", "乡镇": "潞城镇", "村": "谢楼村", "24越冬基数": null, "25点围环情况": null, "25年成虫危害程度": "无", "24年危害程度": "无", "面积": null, "24年杨扇杨小发生": null, "23年杨扇杨小发生": null, "19年危害程度": "无", "25年越冬基数调查": null, "2025年幼虫危害程度": "无" }, "geometry": { "type": "Point", "coordinates": [ 13004292.986180612817407, 4841776.393131852149963, -0.000045849251137 ] } },
{ "type": "Feature", "properties": { "fid": 76, "编号": "LC0026", "乡镇": "潞城镇", "村": "兴各庄", "24越冬基数": null, "25点围环情况": "轻度", "25年成虫危害程度": "无", "24年危害程度": "中", "面积": 59.6, "24年杨扇杨小发生": null, "23年杨扇杨小发生": null, "19年危害程度": "无", "25年越冬基数调查": null, "2025年幼虫危害程度": "轻" }, "geometry": { "type": "Point", "coordinates": [ 13008604.050200492143631, 4843391.934371693991125, -0.000045849251137 ] } },
{ "type": "Feature", "properties": { "fid": 78, "编号": "LC0033", "乡镇": "潞城镇", "村": "太子府", "24越冬基数": null, "25点围环情况": null, "25年成虫危害程度": "无", "24年危害程度": "无", "面积": 43.2, "24年杨扇杨小发生": null, "23年杨扇杨小发生": null, "19年危害程度": "轻", "25年越冬基数调查": null, "2025年幼虫危害程度": "无" }, "geometry": { "type": "Point", "coordinates": [ 13007929.188642347231507, 4843279.84218810684979, -0.000045849251137 ] } },
{ "type": "Feature", "properties": { "fid": 79, "编号": "LC0035", "乡镇": "潞城镇", "村": "兴各庄", "24越冬基数": null, "25点围环情况": null, "25年成虫危害程度": "无", "24年危害程度": "无", "面积": null, "24年杨扇杨小发生": null, "23年杨扇杨小发生": null, "19年危害程度": "无", "25年越冬基数调查": null, "2025年幼虫危害程度": "无" }, "geometry": { "type": "Point", "coordinates": [ 13006991.966788742691278, 4843712.175842103548348, -0.000045849251137 ] } },
{ "type": "Feature", "properties": { "fid": 81, "编号": "LC0045", "乡镇": "潞城镇", "村": "李疃村", "24越冬基数": null, "25点围环情况": null, "25年成虫危害程度": "无", "24年危害程度": "无", "面积": null, "24年杨扇杨小发生": null, "23年杨扇杨小发生": null, "19年危害程度": "无", "25年越冬基数调查": null, "2025年幼虫危害程度": "无" }, "geometry": { "type": "Point", "coordinates": [ 13005138.507097171619534, 4846050.457762312144041, -0.000045849251137 ] } },
{ "type": "Feature", "properties": { "fid": 82, "编号": "LC0047", "乡镇": "潞城镇", "村": "李疃村", "24越冬基数": null, "25点围环情况": null, "25年成虫危害程度": "无", "24年危害程度": "无", "面积": null, "24年杨扇杨小发生": null, "23年杨扇杨小发生": null, "19年危害程度": "无", "25年越冬基数调查": null, "2025年幼虫危害程度": "无" }, "geometry": { "type": "Point", "coordinates": [ 13004799.118582382798195, 4845695.302380609326065, -0.000045849251137 ] } },
{ "type": "Feature", "properties": { "fid": 83, "编号": "LC0049", "乡镇": "潞城镇", "村": "前疃村", "24越冬基数": null, "25点围环情况": null, "25年成虫危害程度": "无", "24年危害程度": "无", "面积": null, "24年杨扇杨小发生": null, "23年杨扇杨小发生": null, "19年危害程度": "无", "25年越冬基数调查": null, "2025年幼虫危害程度": "无" }, "geometry": { "type": "Point", "coordinates": [ 13004876.745326256379485, 4846515.889039883390069, -0.000045849251137 ] } },
{ "type": "Feature", "properties": { "fid": 84, "编号": "LC0051", "乡镇": "潞城镇", "村": "前疃村", "24越冬基数": null, "25点围环情况": null, "25年成虫危害程度": "无", "24年危害程度": "无", "面积": null, "24年杨扇杨小发生": null, "23年杨扇杨小发生": null, "19年危害程度": "无", "25年越冬基数调查": null, "2025年幼虫危害程度": "无" }, "geometry": { "type": "Point", "coordinates": [ 13004825.974070778116584, 4846796.746627241373062, -0.000045849251137 ] } },
{ "type": "Feature", "properties": { "fid": 85, "编号": "LC0065", "乡镇": "潞城镇", "村": "贾后疃", "24越冬基数": null, "25点围环情况": null, "25年成虫危害程度": "无", "24年危害程度": "无", "面积": null, "24年杨扇杨小发生": null, "23年杨扇杨小发生": null, "19年危害程度": "无", "25年越冬基数调查": null, "2025年幼虫危害程度": "轻" }, "geometry": { "type": "Point", "coordinates": [ 13003034.366111431270838, 4847457.050613241270185, -0.000045849251137 ] } },
{ "type": "Feature", "properties": { "fid": 86, "编号": "LC0075", "乡镇": "潞城镇", "村": "后榆村", "24越冬基数": null, "25点围环情况": "黑", "25年成虫危害程度": "黑点", "24年危害程度": "无", "面积": null, "24年杨扇杨小发生": null, "23年杨扇杨小发生": null, "19年危害程度": "无", "25年越冬基数调查": null, "2025年幼虫危害程度": "黑" }, "geometry": { "type": "Point", "coordinates": [ 13001055.172833751887083, 4848213.442030269652605, -0.000045849251137 ] } },
{ "type": "Feature", "properties": { "fid": 87, "编号": "LC0077", "乡镇": "潞城镇", "村": "后榆村", "24越冬基数": null, "25点围环情况": "黑", "25年成虫危害程度": "黑点", "24年危害程度": "无", "面积": null, "24年杨扇杨小发生": null, "23年杨扇杨小发生": null, "19年危害程度": "无", "25年越冬基数调查": null, "2025年幼虫危害程度": "黑" }, "geometry": { "type": "Point", "coordinates": [ 13000136.857289360836148, 4848746.377075699158013, -0.000045849251137 ] } },
{ "type": "Feature", "properties": { "fid": 88, "编号": "LC0079", "乡镇": "潞城镇", "村": "后榆村", "24越冬基数": null, "25点围环情况": null, "25年成虫危害程度": "无", "24年危害程度": "无", "面积": null, "24年杨扇杨小发生": null, "23年杨扇杨小发生": null, "19年危害程度": "无", "25年越冬基数调查": null, "2025年幼虫危害程度": "无" }, "geometry": { "type": "Point", "coordinates": [ 12999614.127267736941576, 4849102.5563830351457, -0.000045849251137 ] } },
{ "type": "Feature", "properties": { "fid": 90, "编号": "LC0083", "乡镇": "潞城镇", "村": "东堡村", "24越冬基数": null, "25点围环情况": null, "25年成虫危害程度": "无", "24年危害程度": "无", "面积": 43.0, "24年杨扇杨小发生": null, "23年杨扇杨小发生": null, "19年危害程度": "轻", "25年越冬基数调查": null, "2025年幼虫危害程度": "无" }, "geometry": { "type": "Point", "coordinates": [ 12999079.883323254063725, 4849981.74490550532937, -0.000045849251137 ] } },
{ "type": "Feature", "properties": { "fid": 91, "编号": "LC0085", "乡镇": "潞城镇", "村": "东堡村", "24越冬基数": null, "25点围环情况": null, "25年成虫危害程度": "无", "24年危害程度": "无", "面积": null, "24年杨扇杨小发生": null, "23年杨扇杨小发生": null, "19年危害程度": "无", "25年越冬基数调查": null, "2025年幼虫危害程度": "无" }, "geometry": { "type": "Point", "coordinates": [ 12998540.594111107289791, 4850913.109693764708936, -0.000045849251137 ] } },
{ "type": "Feature", "properties": { "fid": 92, "编号": "LC0095", "乡镇": "潞城镇", "村": "东堡村", "24越冬基数": null, "25点围环情况": null, "25年成虫危害程度": "无", "24年危害程度": "无", "面积": null, "24年杨扇杨小发生": null, "23年杨扇杨小发生": null, "19年危害程度": "", "25年越冬基数调查": null, "2025年幼虫危害程度": "无" }, "geometry": { "type": "Point", "coordinates": [ 12997549.131137505173683, 4851300.432455277070403, -0.000045849251137 ] } },
{ "type": "Feature", "properties": { "fid": 93, "编号": "LC0102", "乡镇": "潞城镇", "村": "后屯村", "24越冬基数": null, "25点围环情况": null, "25年成虫危害程度": "无", "24年危害程度": "无", "面积": null, "24年杨扇杨小发生": null, "23年杨扇杨小发生": null, "19年危害程度": "无", "25年越冬基数调查": null, "2025年幼虫危害程度": "无" }, "geometry": { "type": "Point", "coordinates": [ 12991559.572507210075855, 4854606.930341156199574, -0.000045849251137 ] } },
{ "type": "Feature", "properties": { "fid": 94, "编号": "LC0106", "乡镇": "潞城镇", "村": "后屯村", "24越冬基数": null, "25点围环情况": null, "25年成虫危害程度": "无", "24年危害程度": "无", "面积": null, "24年杨扇杨小发生": null, "23年杨扇杨小发生": null, "19年危害程度": "无", "25年越冬基数调查": null, "2025年幼虫危害程度": "无" }, "geometry": { "type": "Point", "coordinates": [ 12991094.359956162050366, 4855025.155651024542749, -0.000045849251137 ] } },
{ "type": "Feature", "properties": { "fid": 95, "编号": "LC0133", "乡镇": "潞城镇", "村": "辛安屯", "24越冬基数": null, "25点围环情况": null, "25年成虫危害程度": "无", "24年危害程度": "无", "面积": null, "24年杨扇杨小发生": null, "23年杨扇杨小发生": null, "19年危害程度": "无", "25年越冬基数调查": null, "2025年幼虫危害程度": "无" }, "geometry": { "type": "Point", "coordinates": [ 12991467.399359030649066, 4852154.190350322052836, -0.000045849251137 ] } },
{ "type": "Feature", "properties": { "fid": 96, "编号": "LC0138", "乡镇": "潞城镇", "村": "杨坨村", "24越冬基数": null, "25点围环情况": null, "25年成虫危害程度": "无", "24年危害程度": "无", "面积": null, "24年杨扇杨小发生": null, "23年杨扇杨小发生": null, "19年危害程度": "无", "25年越冬基数调查": null, "2025年幼虫危害程度": "无" }, "geometry": { "type": "Point", "coordinates": [ 12991571.114118233323097, 4851322.565559956245124, -0.000045849251137 ] } },
{ "type": "Feature", "properties": { "fid": 97, "编号": "LC0146", "乡镇": "潞城镇", "村": "大营村", "24越冬基数": null, "25点围环情况": null, "25年成虫危害程度": "无", "24年危害程度": "无", "面积": null, "24年杨扇杨小发生": null, "23年杨扇杨小发生": null, "19年危害程度": "无", "25年越冬基数调查": null, "2025年幼虫危害程度": "无" }, "geometry": { "type": "Point", "coordinates": [ 12994530.956953445449471, 4849641.160702143795788, -0.000045849251137 ] } },
{ "type": "Feature", "properties": { "fid": 98, "编号": "LC0148", "乡镇": "潞城镇", "村": "黎辛庄", "24越冬基数": null, "25点围环情况": null, "25年成虫危害程度": "无", "24年危害程度": "无", "面积": null, "24年杨扇杨小发生": null, "23年杨扇杨小发生": null, "19年危害程度": "无", "25年越冬基数调查": null, "2025年幼虫危害程度": "无" }, "geometry": { "type": "Point", "coordinates": [ 12995965.011056073009968, 4848911.781892533414066, -0.000045849251137 ] } },
{ "type": "Feature", "properties": { "fid": 99, "编号": "LC0150", "乡镇": "潞城镇", "村": "黎辛庄", "24越冬基数": null, "25点围环情况": null, "25年成虫危害程度": "无", "24年危害程度": "无", "面积": null, "24年杨扇杨小发生": null, "23年杨扇杨小发生": null, "19年危害程度": "无", "25年越冬基数调查": null, "2025年幼虫危害程度": "无" }, "geometry": { "type": "Point", "coordinates": [ 12995770.718203229829669, 4848615.215408227406442, -0.000045849251137 ] } },
{ "type": "Feature", "properties": { "fid": 100, "编号": "LC0160", "乡镇": "潞城镇", "村": "八各庄", "24越冬基数": null, "25点围环情况": null, "25年成虫危害程度": "无", "24年危害程度": "无", "面积": null, "24年杨扇杨小发生": null, "23年杨扇杨小发生": null, "19年危害程度": "无", "25年越冬基数调查": null, "2025年幼虫危害程度": "轻" }, "geometry": { "type": "Point", "coordinates": [ 12997159.087024427950382, 4846594.928922278806567, -0.000045849251137 ] } },
{ "type": "Feature", "properties": { "fid": 101, "编号": "LC0162", "乡镇": "潞城镇", "村": "大甘棠", "24越冬基数": null, "25点围环情况": null, "25年成虫危害程度": "无", "24年危害程度": "无", "面积": null, "24年杨扇杨小发生": null, "23年杨扇杨小发生": null, "19年危害程度": "无", "25年越冬基数调查": null, "2025年幼虫危害程度": "无" }, "geometry": { "type": "Point", "coordinates": [ 12996615.580741593614221, 4846699.751536178402603, -0.000045849251137 ] } },
{ "type": "Feature", "properties": { "fid": 102, "编号": "LC0164", "乡镇": "潞城镇", "村": "大甘棠", "24越冬基数": null, "25点围环情况": null, "25年成虫危害程度": "无", "24年危害程度": "无", "面积": null, "24年杨扇杨小发生": null, "23年杨扇杨小发生": null, "19年危害程度": "无", "25年越冬基数调查": null, "2025年幼虫危害程度": "轻" }, "geometry": { "type": "Point", "coordinates": [ 12996929.877110496163368, 4845884.102855769917369, -0.000045849251137 ] } },
{ "type": "Feature", "properties": { "fid": 103, "编号": "LC0167", "乡镇": "潞城镇", "村": "大甘棠", "24越冬基数": null, "25点围环情况": null, "25年成虫危害程度": "无", "24年危害程度": "无", "面积": null, "24年杨扇杨小发生": null, "23年杨扇杨小发生": null, "19年危害程度": "无", "25年越冬基数调查": null, "2025年幼虫危害程度": "轻" }, "geometry": { "type": "Point", "coordinates": [ 12997057.362724659964442, 4845764.593823581933975, -0.000045849251137 ] } },
{ "type": "Feature", "properties": { "fid": 104, "编号": "LC0176", "乡镇": "潞城镇", "村": "大甘棠", "24越冬基数": null, "25点围环情况": null, "25年成虫危害程度": "无", "24年危害程度": "无", "面积": null, "24年杨扇杨小发生": null, "23年杨扇杨小发生": null, "19年危害程度": "无", "25年越冬基数调查": null, "2025年幼虫危害程度": "无" }, "geometry": { "type": "Point", "coordinates": [ 12998355.568383740261197, 4846422.895832302980125, -0.000045849251137 ] } },
{ "type": "Feature", "properties": { "fid": 105, "编号": "LC0178", "乡镇": "潞城镇", "村": "大甘棠", "24越冬基数": null, "25点围环情况": null, "25年成虫危害程度": "无", "24年危害程度": "无", "面积": null, "24年杨扇杨小发生": null, "23年杨扇杨小发生": null, "19年危害程度": "无", "25年越冬基数调查": null, "2025年幼虫危害程度": "无" }, "geometry": { "type": "Point", "coordinates": [ 12998348.852298203855753, 4845979.558734064921737, -0.000045849251137 ] } },
{ "type": "Feature", "properties": { "fid": 106, "编号": "LC0182", "乡镇": "潞城镇", "村": "大甘棠", "24越冬基数": null, "25点围环情况": null, "25年成虫危害程度": "无", "24年危害程度": "无", "面积": null, "24年杨扇杨小发生": null, "23年杨扇杨小发生": null, "19年危害程度": "无", "25年越冬基数调查": null, "2025年幼虫危害程度": "无" }, "geometry": { "type": "Point", "coordinates": [ 12997200.9696194678545, 4844782.327790883369744, -0.000045849251137 ] } },
{ "type": "Feature", "properties": { "fid": 107, "编号": "LC0196", "乡镇": "潞城镇", "村": "谢楼村", "24越冬基数": null, "25点围环情况": null, "25年成虫危害程度": "无", "24年危害程度": "无", "面积": null, "24年杨扇杨小发生": null, "23年杨扇杨小发生": null, "19年危害程度": "无", "25年越冬基数调查": null, "2025年幼虫危害程度": "无" }, "geometry": { "type": "Point", "coordinates": [ 13003907.268696900457144, 4841333.007365396246314, -0.000045849251137 ] } },
{ "type": "Feature", "properties": { "fid": 109, "编号": "LC0204", "乡镇": "潞城镇", "村": "侉店村", "24越冬基数": null, "25点围环情况": null, "25年成虫危害程度": "无", "24年危害程度": "无", "面积": 10.4, "24年杨扇杨小发生": null, "23年杨扇杨小发生": null, "19年危害程度": "轻", "25年越冬基数调查": null, "2025年幼虫危害程度": "无" }, "geometry": { "type": "Point", "coordinates": [ 13002918.513129556551576, 4844269.261864883825183, -0.000045849251137 ] } },
{ "type": "Feature", "properties": { "fid": 111, "编号": "LC0217", "乡镇": "潞城镇", "村": "前榆林", "24越冬基数": null, "25点围环情况": null, "25年成虫危害程度": "无", "24年危害程度": "无", "面积": 38.2, "24年杨扇杨小发生": null, "23年杨扇杨小发生": null, "19年危害程度": "轻", "25年越冬基数调查": null, "2025年幼虫危害程度": "无" }, "geometry": { "type": "Point", "coordinates": [ 12999379.138345707207918, 4847119.534756045788527, -0.000045849251137 ] } },
{ "type": "Feature", "properties": { "fid": 112, "编号": "LC0222", "乡镇": "潞城镇", "村": "崔家楼", "24越冬基数": null, "25点围环情况": null, "25年成虫危害程度": "无", "24年危害程度": "无", "面积": null, "24年杨扇杨小发生": null, "23年杨扇杨小发生": null, "19年危害程度": "无", "25年越冬基数调查": null, "2025年幼虫危害程度": "无" }, "geometry": { "type": "Point", "coordinates": [ 13001628.438368283212185, 4842595.30326984077692, -0.000045849251137 ] } },
{ "type": "Feature", "properties": { "fid": 113, "编号": "LC0224", "乡镇": "潞城镇", "村": "小豆各", "24越冬基数": null, "25点围环情况": null, "25年成虫危害程度": "无", "24年危害程度": "无", "面积": null, "24年杨扇杨小发生": null, "23年杨扇杨小发生": null, "19年危害程度": "无", "25年越冬基数调查": null, "2025年幼虫危害程度": "无" }, "geometry": { "type": "Point", "coordinates": [ 13000044.381889717653394, 4843491.621613472700119, -0.000045849251137 ] } },
{ "type": "Feature", "properties": { "fid": 114, "编号": "LC0226", "乡镇": "潞城镇", "村": "武窑村", "24越冬基数": null, "25点围环情况": null, "25年成虫危害程度": "无", "24年危害程度": "无", "面积": null, "24年杨扇杨小发生": null, "23年杨扇杨小发生": null, "19年危害程度": "无", "25年越冬基数调查": null, "2025年幼虫危害程度": "无" }, "geometry": { "type": "Point", "coordinates": [ 12999759.567042641341686, 4842897.167674805969, -0.000045849251137 ] } },
{ "type": "Feature", "properties": { "fid": 115, "编号": "LC0228", "乡镇": "潞城镇", "村": "康各庄", "24越冬基数": null, "25点围环情况": null, "25年成虫危害程度": "无", "24年危害程度": "无", "面积": null, "24年杨扇杨小发生": null, "23年杨扇杨小发生": null, "19年危害程度": "无", "25年越冬基数调查": null, "2025年幼虫危害程度": "无" }, "geometry": { "type": "Point", "coordinates": [ 13006657.579183937981725, 4842378.242382487282157, -0.000045849251137 ] } },
{ "type": "Feature", "properties": { "fid": 117, "编号": "LC0236", "乡镇": "潞城镇", "村": "小甘棠", "24越冬基数": null, "25点围环情况": null, "25年成虫危害程度": "无", "24年危害程度": "无", "面积": null, "24年杨扇杨小发生": null, "23年杨扇杨小发生": null, "19年危害程度": "无", "25年越冬基数调查": null, "2025年幼虫危害程度": "无" }, "geometry": { "type": "Point", "coordinates": [ 12998991.996365880593657, 4845224.492653056979179, -0.000045849251137 ] } },
{ "type": "Feature", "properties": { "fid": 118, "编号": "LC0238", "乡镇": "潞城镇", "村": "后榆村", "24越冬基数": null, "25点围环情况": null, "25年成虫危害程度": "无", "24年危害程度": "无", "面积": null, "24年杨扇杨小发生": null, "23年杨扇杨小发生": null, "19年危害程度": "无", "25年越冬基数调查": null, "2025年幼虫危害程度": "无" }, "geometry": { "type": "Point", "coordinates": [ 13000014.862521160393953, 4848716.419647840783, -0.000045849251137 ] } },
{ "type": "Feature", "properties": { "fid": 119, "编号": "LC0239", "乡镇": "潞城镇", "村": "大甘棠", "24越冬基数": null, "25点围环情况": "轻度", "25年成虫危害程度": "无", "24年危害程度": "轻", "面积": 9.6, "24年杨扇杨小发生": null, "23年杨扇杨小发生": null, "19年危害程度": "无", "25年越冬基数调查": null, "2025年幼虫危害程度": "轻" }, "geometry": { "type": "Point", "coordinates": [ 12997013.795826938003302, 4846300.243192051537335, -0.000045849251137 ] } },
{ "type": "Feature", "properties": { "fid": 120, "编号": "LY0002", "乡镇": "梨园镇", "村": "小街三", "24越冬基数": null, "25点围环情况": null, "25年成虫危害程度": "无", "24年危害程度": "无", "面积": null, "24年杨扇杨小发生": null, "23年杨扇杨小发生": null, "19年危害程度": "无", "25年越冬基数调查": null, "2025年幼虫危害程度": "无" }, "geometry": { "type": "Point", "coordinates": [ 12988025.414470789954066, 4847503.272508011199534, -0.000045849251137 ] } },
{ "type": "Feature", "properties": { "fid": 121, "编号": "MQ0025", "乡镇": "马驹桥镇", "村": "马村", "24越冬基数": null, "25点围环情况": null, "25年成虫危害程度": "无", "24年危害程度": "无", "面积": null, "24年杨扇杨小发生": "无", "23年杨扇杨小发生": "无", "19年危害程度": "无", "25年越冬基数调查": null, "2025年幼虫危害程度": "无" }, "geometry": { "type": "Point", "coordinates": [ 12972186.617391789332032, 4828952.780160941183567, -0.000045849251137 ] } },
{ "type": "Feature", "properties": { "fid": 122, "编号": "MQ0036", "乡镇": "马驹桥镇", "村": "史村", "24越冬基数": null, "25点围环情况": null, "25年成虫危害程度": "无", "24年危害程度": "无", "面积": null, "24年杨扇杨小发生": null, "23年杨扇杨小发生": null, "19年危害程度": "无", "25年越冬基数调查": null, "2025年幼虫危害程度": "无" }, "geometry": { "type": "Point", "coordinates": [ 12977868.731313867494464, 4827902.112245067954063, -0.000045849251137 ] } },
{ "type": "Feature", "properties": { "fid": 123, "编号": "MQ0060", "乡镇": "马驹桥镇", "村": "驸马庄", "24越冬基数": null, "25点围环情况": null, "25年成虫危害程度": "无", "24年危害程度": "无", "面积": null, "24年杨扇杨小发生": "无", "23年杨扇杨小发生": "", "19年危害程度": "无", "25年越冬基数调查": null, "2025年幼虫危害程度": "无" }, "geometry": { "type": "Point", "coordinates": [ 12979186.100121505558491, 4830916.905939598567784, -0.000045849251137 ] } },
{ "type": "Feature", "properties": { "fid": 124, "编号": "MQ0062", "乡镇": "马驹桥镇", "村": "团瓢庄", "24越冬基数": null, "25点围环情况": null, "25年成虫危害程度": "无", "24年危害程度": "无", "面积": null, "24年杨扇杨小发生": "无", "23年杨扇杨小发生": "", "19年危害程度": "无", "25年越冬基数调查": null, "2025年幼虫危害程度": "轻" }, "geometry": { "type": "Point", "coordinates": [ 12979468.169509373605251, 4830295.250343021005392, -0.000045849251137 ] } },
{ "type": "Feature", "properties": { "fid": 125, "编号": "MQ0064", "乡镇": "马驹桥镇", "村": "驸马庄", "24越冬基数": null, "25点围环情况": null, "25年成虫危害程度": "无", "24年危害程度": "无", "面积": null, "24年杨扇杨小发生": "无", "23年杨扇杨小发生": "无", "19年危害程度": "无", "25年越冬基数调查": null, "2025年幼虫危害程度": "无" }, "geometry": { "type": "Point", "coordinates": [ 12977936.857873687520623, 4830484.365339134819806, -0.000045849251137 ] } },
{ "type": "Feature", "properties": { "fid": 126, "编号": "MQ0066", "乡镇": "马驹桥镇", "村": "团瓢庄", "24越冬基数": null, "25点围环情况": null, "25年成虫危害程度": "无", "24年危害程度": "无", "面积": null, "24年杨扇杨小发生": "无", "23年杨扇杨小发生": "", "19年危害程度": "无", "25年越冬基数调查": null, "2025年幼虫危害程度": "无" }, "geometry": { "type": "Point", "coordinates": [ 12980454.419088685885072, 4831929.371470659971237, -0.000045849251137 ] } },
{ "type": "Feature", "properties": { "fid": 127, "编号": "MQ0070", "乡镇": "马驹桥镇", "村": "北京市", "24越冬基数": null, "25点围环情况": null, "25年成虫危害程度": "无", "24年危害程度": "无", "面积": null, "24年杨扇杨小发生": "无", "23年杨扇杨小发生": "", "19年危害程度": "无", "25年越冬基数调查": null, "2025年幼虫危害程度": "无" }, "geometry": { "type": "Point", "coordinates": [ 12971533.552709555253386, 4828679.062785069458187, -0.000045849251137 ] } },
{ "type": "Feature", "properties": { "fid": 128, "编号": "MQ0072", "乡镇": "马驹桥镇", "村": "驸马庄", "24越冬基数": null, "25点围环情况": null, "25年成虫危害程度": "无", "24年危害程度": "无", "面积": null, "24年杨扇杨小发生": "无", "23年杨扇杨小发生": "", "19年危害程度": "无", "25年越冬基数调查": null, "2025年幼虫危害程度": "无" }, "geometry": { "type": "Point", "coordinates": [ 12978978.490182261914015, 4830661.354918107390404, -0.000045849251137 ] } },
{ "type": "Feature", "properties": { "fid": 129, "编号": "SZ0001", "乡镇": "宋庄镇", "村": "师姑庄", "24越冬基数": null, "25点围环情况": null, "25年成虫危害程度": "无", "24年危害程度": "无", "面积": null, "24年杨扇杨小发生": null, "23年杨扇杨小发生": null, "19年危害程度": "无", "25年越冬基数调查": null, "2025年幼虫危害程度": "无" }, "geometry": { "type": "Point", "coordinates": [ 12998799.758867010474205, 4852525.545555502176285, -0.000045849251137 ] } },
{ "type": "Feature", "properties": { "fid": 130, "编号": "SZ0006", "乡镇": "宋庄镇", "村": "师姑庄", "24越冬基数": null, "25点围环情况": null, "25年成虫危害程度": "无", "24年危害程度": "无", "面积": null, "24年杨扇杨小发生": null, "23年杨扇杨小发生": null, "19年危害程度": "无", "25年越冬基数调查": null, "2025年幼虫危害程度": "无" }, "geometry": { "type": "Point", "coordinates": [ 12996874.375690711662173, 4852867.064716066233814, -0.000045849251137 ] } },
{ "type": "Feature", "properties": { "fid": 131, "编号": "SZ0008", "乡镇": "宋庄镇", "村": "师姑庄", "24越冬基数": null, "25点围环情况": null, "25年成虫危害程度": "无", "24年危害程度": "无", "面积": null, "24年杨扇杨小发生": null, "23年杨扇杨小发生": null, "19年危害程度": "无", "25年越冬基数调查": null, "2025年幼虫危害程度": "无" }, "geometry": { "type": "Point", "coordinates": [ 12997893.704121075570583, 4853051.280376951210201, -0.000045849251137 ] } },
{ "type": "Feature", "properties": { "fid": 132, "编号": "SZ0011", "乡镇": "宋庄镇", "村": "摇不动", "24越冬基数": null, "25点围环情况": null, "25年成虫危害程度": "无", "24年危害程度": "无", "面积": null, "24年杨扇杨小发生": "无", "23年杨扇杨小发生": "", "19年危害程度": "无", "25年越冬基数调查": null, "2025年幼虫危害程度": "无" }, "geometry": { "type": "Point", "coordinates": [ 12999236.444027798250318, 4854699.431554671376944, -0.000045849251137 ] } },
{ "type": "Feature", "properties": { "fid": 133, "编号": "SZ0019", "乡镇": "宋庄镇", "村": "白庙村", "24越冬基数": null, "25点围环情况": null, "25年成虫危害程度": "无", "24年危害程度": "无", "面积": null, "24年杨扇杨小发生": null, "23年杨扇杨小发生": null, "19年危害程度": "无", "25年越冬基数调查": null, "2025年幼虫危害程度": "无" }, "geometry": { "type": "Point", "coordinates": [ 12998764.768530987203121, 4857661.734266869723797, -0.000045849251137 ] } },
{ "type": "Feature", "properties": { "fid": 134, "编号": "SZ0021", "乡镇": "宋庄镇", "村": "白庙村", "24越冬基数": null, "25点围环情况": null, "25年成虫危害程度": "无", "24年危害程度": "无", "面积": null, "24年杨扇杨小发生": null, "23年杨扇杨小发生": null, "19年危害程度": "无", "25年越冬基数调查": null, "2025年幼虫危害程度": "无" }, "geometry": { "type": "Point", "coordinates": [ 12997197.075494844466448, 4858569.248156527988613, -0.000045849251137 ] } },
{ "type": "Feature", "properties": { "fid": 135, "编号": "SZ0023", "乡镇": "宋庄镇", "村": "白庙村", "24越冬基数": null, "25点围环情况": null, "25年成虫危害程度": "无", "24年危害程度": "无", "面积": null, "24年杨扇杨小发生": null, "23年杨扇杨小发生": null, "19年危害程度": "", "25年越冬基数调查": null, "2025年幼虫危害程度": "无" }, "geometry": { "type": "Point", "coordinates": [ 12997229.977457966655493, 4857747.385988021269441, -0.000045849251137 ] } },
{ "type": "Feature", "properties": { "fid": 136, "编号": "SZ0025", "乡镇": "宋庄镇", "村": "小杨各", "24越冬基数": null, "25点围环情况": null, "25年成虫危害程度": "无", "24年危害程度": "无", "面积": null, "24年杨扇杨小发生": "无", "23年杨扇杨小发生": "", "19年危害程度": "无", "25年越冬基数调查": null, "2025年幼虫危害程度": "无" }, "geometry": { "type": "Point", "coordinates": [ 12996424.48390525020659, 4859997.892090172506869, -0.000045849251137 ] } },
{ "type": "Feature", "properties": { "fid": 137, "编号": "SZ0027", "乡镇": "宋庄镇", "村": "郝各庄", "24越冬基数": null, "25点围环情况": "严重", "25年成虫危害程度": "中", "24年危害程度": "重", "面积": 72.0, "24年杨扇杨小发生": null, "23年杨扇杨小发生": null, "19年危害程度": "无", "25年越冬基数调查": "1", "2025年幼虫危害程度": "重" }, "geometry": { "type": "Point", "coordinates": [ 12998486.341970382258296, 4864703.328884305432439, -0.000045849251137 ] } },
{ "type": "Feature", "properties": { "fid": 138, "编号": "SZ0029", "乡镇": "宋庄镇", "村": "郝各庄", "24越冬基数": null, "25点围环情况": null, "25年成虫危害程度": "无", "24年危害程度": "无", "面积": null, "24年杨扇杨小发生": "无", "23年杨扇杨小发生": "", "19年危害程度": "无", "25年越冬基数调查": null, "2025年幼虫危害程度": "中" }, "geometry": { "type": "Point", "coordinates": [ 12997733.880394192412496, 4864248.243525552563369, -0.000045849251137 ] } },
{ "type": "Feature", "properties": { "fid": 139, "编号": "SZ0031", "乡镇": "宋庄镇", "村": "高各庄", "24越冬基数": null, "25点围环情况": null, "25年成虫危害程度": "无", "24年危害程度": "无", "面积": null, "24年杨扇杨小发生": "无", "23年杨扇杨小发生": "无", "19年危害程度": "无", "25年越冬基数调查": null, "2025年幼虫危害程度": "无" }, "geometry": { "type": "Point", "coordinates": [ 12998169.676409417763352, 4865627.224183490499854, -0.000045849251137 ] } },
{ "type": "Feature", "properties": { "fid": 140, "编号": "SZ0033", "乡镇": "宋庄镇", "村": "港北村", "24越冬基数": null, "25点围环情况": null, "25年成虫危害程度": "无", "24年危害程度": "无", "面积": null, "24年杨扇杨小发生": null, "23年杨扇杨小发生": null, "19年危害程度": "无", "25年越冬基数调查": null, "2025年幼虫危害程度": "无" }, "geometry": { "type": "Point", "coordinates": [ 12997462.507053676992655, 4866976.885214373469353, -0.000045849251137 ] } },
{ "type": "Feature", "properties": { "fid": 141, "编号": "SZ0037", "乡镇": "宋庄镇", "村": "港北村", "24越冬基数": null, "25点围环情况": null, "25年成虫危害程度": "无", "24年危害程度": "无", "面积": null, "24年杨扇杨小发生": "无", "23年杨扇杨小发生": "无", "19年危害程度": "", "25年越冬基数调查": null, "2025年幼虫危害程度": "无" }, "geometry": { "type": "Point", "coordinates": [ 12996961.708871480077505, 4868039.158641310408711, -0.000045849251137 ] } },
{ "type": "Feature", "properties": { "fid": 142, "编号": "SZ0039", "乡镇": "宋庄镇", "村": "翟里村", "24越冬基数": null, "25点围环情况": null, "25年成虫危害程度": "无", "24年危害程度": "无", "面积": null, "24年杨扇杨小发生": null, "23年杨扇杨小发生": null, "19年危害程度": "无", "25年越冬基数调查": null, "2025年幼虫危害程度": "无" }, "geometry": { "type": "Point", "coordinates": [ 12995957.244929645210505, 4865989.691131283529103, -0.000045849251137 ] } },
{ "type": "Feature", "properties": { "fid": 143, "编号": "SZ0047", "乡镇": "宋庄镇", "村": "关辛庄", "24越冬基数": null, "25点围环情况": null, "25年成虫危害程度": "无", "24年危害程度": "无", "面积": null, "24年杨扇杨小发生": "无", "23年杨扇杨小发生": "无", "19年危害程度": "无", "25年越冬基数调查": null, "2025年幼虫危害程度": "无" }, "geometry": { "type": "Point", "coordinates": [ 12995877.046720333397388, 4864162.740529110655189, -0.000045849251137 ] } },
{ "type": "Feature", "properties": { "fid": 144, "编号": "SZ0063", "乡镇": "宋庄镇", "村": "北窑上", "24越冬基数": null, "25点围环情况": "黑", "25年成虫危害程度": "黑点", "24年危害程度": "无", "面积": null, "24年杨扇杨小发生": "无", "23年杨扇杨小发生": "无", "19年危害程度": "无", "25年越冬基数调查": null, "2025年幼虫危害程度": "黑" }, "geometry": { "type": "Point", "coordinates": [ 12987560.491059316322207, 4867617.974766251631081, -0.000045849251137 ] } },
{ "type": "Feature", "properties": { "fid": 145, "编号": "SZ0065", "乡镇": "宋庄镇", "村": "葛渠村", "24越冬基数": null, "25点围环情况": null, "25年成虫危害程度": "无", "24年危害程度": "无", "面积": null, "24年杨扇杨小发生": null, "23年杨扇杨小发生": null, "19年危害程度": "无", "25年越冬基数调查": null, "2025年幼虫危害程度": "无" }, "geometry": { "type": "Point", "coordinates": [ 12983949.576183183118701, 4868140.507022944279015, -0.000045849251137 ] } },
{ "type": "Feature", "properties": { "fid": 147, "编号": "SZ0068", "乡镇": "宋庄镇", "村": "吴各庄", "24越冬基数": null, "25点围环情况": null, "25年成虫危害程度": "无", "24年危害程度": "无", "面积": null, "24年杨扇杨小发生": null, "23年杨扇杨小发生": null, "19年危害程度": "无", "25年越冬基数调查": null, "2025年幼虫危害程度": "无" }, "geometry": { "type": "Point", "coordinates": [ 12981862.271165544167161, 4868835.246977367438376, -0.000045849251137 ] } },
{ "type": "Feature", "properties": { "fid": 148, "编号": "SZ0070", "乡镇": "宋庄镇", "村": "管头村", "24越冬基数": null, "25点围环情况": null, "25年成虫危害程度": "无", "24年危害程度": "无", "面积": null, "24年杨扇杨小发生": null, "23年杨扇杨小发生": null, "19年危害程度": "无", "25年越冬基数调查": null, "2025年幼虫危害程度": "无" }, "geometry": { "type": "Point", "coordinates": [ 12980302.185313381254673, 4869627.518578442744911, -0.000045849251137 ] } },
{ "type": "Feature", "properties": { "fid": 149, "编号": "SZ0071", "乡镇": "宋庄镇", "村": "管头村", "24越冬基数": null, "25点围环情况": null, "25年成虫危害程度": "无", "24年危害程度": "无", "面积": null, "24年杨扇杨小发生": null, "23年杨扇杨小发生": null, "19年危害程度": "无", "25年越冬基数调查": null, "2025年幼虫危害程度": "无" }, "geometry": { "type": "Point", "coordinates": [ 12980349.0861144233495, 4869711.714621652849019, -0.000045849251137 ] } },
{ "type": "Feature", "properties": { "fid": 150, "编号": "SZ0073", "乡镇": "宋庄镇", "村": "管头村", "24越冬基数": null, "25点围环情况": null, "25年成虫危害程度": "无", "24年危害程度": "无", "面积": null, "24年杨扇杨小发生": null, "23年杨扇杨小发生": null, "19年危害程度": "无", "25年越冬基数调查": null, "2025年幼虫危害程度": "无" }, "geometry": { "type": "Point", "coordinates": [ 12980364.450081901624799, 4870165.58146720379591, -0.000045849251137 ] } },
{ "type": "Feature", "properties": { "fid": 151, "编号": "SZ0076", "乡镇": "宋庄镇", "村": "管头村", "24越冬基数": null, "25点围环情况": null, "25年成虫危害程度": "无", "24年危害程度": "无", "面积": null, "24年杨扇杨小发生": null, "23年杨扇杨小发生": null, "19年危害程度": "无", "25年越冬基数调查": null, "2025年幼虫危害程度": "无" }, "geometry": { "type": "Point", "coordinates": [ 12980041.747755266726017, 4869840.890102284029126, -0.000045849251137 ] } },
{ "type": "Feature", "properties": { "fid": 152, "编号": "SZ0078", "乡镇": "宋庄镇", "村": "管头村", "24越冬基数": null, "25点围环情况": null, "25年成虫危害程度": "无", "24年危害程度": "无", "面积": null, "24年杨扇杨小发生": null, "23年杨扇杨小发生": null, "19年危害程度": "无", "25年越冬基数调查": null, "2025年幼虫危害程度": "无" }, "geometry": { "type": "Point", "coordinates": [ 12979279.029014926403761, 4868253.335511497221887, -0.000045849251137 ] } },
{ "type": "Feature", "properties": { "fid": 153, "编号": "SZ0081", "乡镇": "宋庄镇", "村": "吴各庄", "24越冬基数": null, "25点围环情况": null, "25年成虫危害程度": "无", "24年危害程度": "无", "面积": null, "24年杨扇杨小发生": "无", "23年杨扇杨小发生": "无", "19年危害程度": "无", "25年越冬基数调查": null, "2025年幼虫危害程度": "无" }, "geometry": { "type": "Point", "coordinates": [ 12980795.536671513691545, 4867920.093902036547661, -0.000045849251137 ] } },
{ "type": "Feature", "properties": { "fid": 154, "编号": "SZ0084", "乡镇": "宋庄镇", "村": "葛渠村", "24越冬基数": null, "25点围环情况": null, "25年成虫危害程度": "无", "24年危害程度": "无", "面积": null, "24年杨扇杨小发生": "无", "23年杨扇杨小发生": "", "19年危害程度": "无", "25年越冬基数调查": null, "2025年幼虫危害程度": "无" }, "geometry": { "type": "Point", "coordinates": [ 12983492.901743113994598, 4866368.159284424968064, -0.000045849251137 ] } },
{ "type": "Feature", "properties": { "fid": 155, "编号": "SZ0087", "乡镇": "宋庄镇", "村": "尹各庄", "24越冬基数": null, "25点围环情况": null, "25年成虫危害程度": "无", "24年危害程度": "无", "面积": null, "24年杨扇杨小发生": "无", "23年杨扇杨小发生": "", "19年危害程度": "无", "25年越冬基数调查": null, "2025年幼虫危害程度": "无" }, "geometry": { "type": "Point", "coordinates": [ 12983777.505803115665913, 4864170.53304377105087, -0.000045849251137 ] } },
{ "type": "Feature", "properties": { "fid": 156, "编号": "SZ0089", "乡镇": "宋庄镇", "村": "尹各庄", "24越冬基数": null, "25点围环情况": null, "25年成虫危害程度": "无", "24年危害程度": "无", "面积": null, "24年杨扇杨小发生": "无", "23年杨扇杨小发生": "", "19年危害程度": "无", "25年越冬基数调查": null, "2025年幼虫危害程度": "无" }, "geometry": { "type": "Point", "coordinates": [ 12983534.42999647744, 4863422.531231728382409, -0.000045849251137 ] } },
{ "type": "Feature", "properties": { "fid": 157, "编号": "SZ0091", "乡镇": "宋庄镇", "村": "尹各庄", "24越冬基数": null, "25点围环情况": null, "25年成虫危害程度": "无", "24年危害程度": "无", "面积": null, "24年杨扇杨小发生": "无", "23年杨扇杨小发生": "无", "19年危害程度": "无", "25年越冬基数调查": null, "2025年幼虫危害程度": "无" }, "geometry": { "type": "Point", "coordinates": [ 12984251.576766110956669, 4865013.233848918229342, -0.000045849251137 ] } },
{ "type": "Feature", "properties": { "fid": 158, "编号": "SZ0093", "乡镇": "宋庄镇", "村": "尹各庄", "24越冬基数": null, "25点围环情况": null, "25年成虫危害程度": "无", "24年危害程度": "无", "面积": null, "24年杨扇杨小发生": "无", "23年杨扇杨小发生": "无", "19年危害程度": "无", "25年越冬基数调查": null, "2025年幼虫危害程度": "无" }, "geometry": { "type": "Point", "coordinates": [ 12984144.118196288123727, 4863518.716959587298334, -0.000045849251137 ] } },
{ "type": "Feature", "properties": { "fid": 159, "编号": "SZ0097", "乡镇": "宋庄镇", "村": "富豪村", "24越冬基数": null, "25点围环情况": null, "25年成虫危害程度": "无", "24年危害程度": "无", "面积": null, "24年杨扇杨小发生": "无", "23年杨扇杨小发生": "无", "19年危害程度": "无", "25年越冬基数调查": null, "2025年幼虫危害程度": "无" }, "geometry": { "type": "Point", "coordinates": [ 12984223.239343918859959, 4859566.800016909837723, -0.000045849251137 ] } },
{ "type": "Feature", "properties": { "fid": 160, "编号": "SZ0100", "乡镇": "宋庄镇", "村": "富豪村", "24越冬基数": null, "25点围环情况": null, "25年成虫危害程度": "无", "24年危害程度": "无", "面积": null, "24年杨扇杨小发生": "无", "23年杨扇杨小发生": "无", "19年危害程度": "无", "25年越冬基数调查": null, "2025年幼虫危害程度": "无" }, "geometry": { "type": "Point", "coordinates": [ 12984201.72126149199903, 4859116.510583435185254, -0.000045849251137 ] } },
{ "type": "Feature", "properties": { "fid": 161, "编号": "SZ0104", "乡镇": "宋庄镇", "村": "沟渠庄", "24越冬基数": null, "25点围环情况": null, "25年成虫危害程度": "重", "24年危害程度": "无", "面积": null, "24年杨扇杨小发生": null, "23年杨扇杨小发生": null, "19年危害程度": "无", "25年越冬基数调查": "1", "2025年幼虫危害程度": "重" }, "geometry": { "type": "Point", "coordinates": [ 12991114.964227886870503, 4860752.567660313099623, -0.000045849251137 ] } },
{ "type": "Feature", "properties": { "fid": 162, "编号": "SZ0109", "乡镇": "宋庄镇", "村": "双埠头", "24越冬基数": null, "25点围环情况": null, "25年成虫危害程度": "无", "24年危害程度": "无", "面积": null, "24年杨扇杨小发生": null, "23年杨扇杨小发生": null, "19年危害程度": "无", "25年越冬基数调查": null, "2025年幼虫危害程度": "无" }, "geometry": { "type": "Point", "coordinates": [ 12989805.7519765291363, 4861305.847776936367154, -0.000045849251137 ] } },
{ "type": "Feature", "properties": { "fid": 163, "编号": "SZ0113", "乡镇": "宋庄镇", "村": "疃里村", "24越冬基数": null, "25点围环情况": null, "25年成虫危害程度": "无", "24年危害程度": "无", "面积": null, "24年杨扇杨小发生": null, "23年杨扇杨小发生": null, "19年危害程度": "无", "25年越冬基数调查": null, "2025年幼虫危害程度": "无" }, "geometry": { "type": "Point", "coordinates": [ 12990579.834388557821512, 4858229.017207466997206, -0.000045849251137 ] } },
{ "type": "Feature", "properties": { "fid": 165, "编号": "SZ0117", "乡镇": "宋庄镇", "村": "疃里村", "24越冬基数": null, "25点围环情况": null, "25年成虫危害程度": "无", "24年危害程度": "无", "面积": null, "24年杨扇杨小发生": null, "23年杨扇杨小发生": null, "19年危害程度": "无", "25年越冬基数调查": null, "2025年幼虫危害程度": "无" }, "geometry": { "type": "Point", "coordinates": [ 12990840.910436695441604, 4857699.550339828245342, -0.000045849251137 ] } },
{ "type": "Feature", "properties": { "fid": 167, "编号": "SZ0135", "乡镇": "宋庄镇", "村": "辛店村", "24越冬基数": null, "25点围环情况": null, "25年成虫危害程度": "无", "24年危害程度": "无", "面积": null, "24年杨扇杨小发生": null, "23年杨扇杨小发生": null, "19年危害程度": "无", "25年越冬基数调查": null, "2025年幼虫危害程度": "无" }, "geometry": { "type": "Point", "coordinates": [ 12995454.777836058288813, 4859107.435627724044025, -0.000045849251137 ] } },
{ "type": "Feature", "properties": { "fid": 168, "编号": "SZ0141", "乡镇": "宋庄镇", "村": "大兴庄", "24越冬基数": null, "25点围环情况": null, "25年成虫危害程度": "无", "24年危害程度": "无", "面积": null, "24年杨扇杨小发生": null, "23年杨扇杨小发生": null, "19年危害程度": "无", "25年越冬基数调查": null, "2025年幼虫危害程度": "无" }, "geometry": { "type": "Point", "coordinates": [ 12993348.208822270855308, 4861146.436097541823983, -0.000045849251137 ] } },
{ "type": "Feature", "properties": { "fid": 169, "编号": "SZ0147", "乡镇": "宋庄镇", "村": "大庞村", "24越冬基数": null, "25点围环情况": null, "25年成虫危害程度": "无", "24年危害程度": "无", "面积": null, "24年杨扇杨小发生": null, "23年杨扇杨小发生": null, "19年危害程度": "无", "25年越冬基数调查": null, "2025年幼虫危害程度": "无" }, "geometry": { "type": "Point", "coordinates": [ 12991498.801807329058647, 4862804.109054633416235, -0.000045849251137 ] } },
{ "type": "Feature", "properties": { "fid": 170, "编号": "SZ0152", "乡镇": "宋庄镇", "村": "徐辛庄", "24越冬基数": null, "25点围环情况": null, "25年成虫危害程度": "无", "24年危害程度": "无", "面积": null, "24年杨扇杨小发生": "无", "23年杨扇杨小发生": "无", "19年危害程度": "无", "25年越冬基数调查": null, "2025年幼虫危害程度": "无" }, "geometry": { "type": "Point", "coordinates": [ 12990317.476420883089304, 4864334.00827812217176, -0.000045849251137 ] } },
{ "type": "Feature", "properties": { "fid": 171, "编号": "SZ0155", "乡镇": "宋庄镇", "村": "寨辛庄", "24越冬基数": null, "25点围环情况": null, "25年成虫危害程度": "无", "24年危害程度": "无", "面积": null, "24年杨扇杨小发生": null, "23年杨扇杨小发生": null, "19年危害程度": "无", "25年越冬基数调查": null, "2025年幼虫危害程度": "无" }, "geometry": { "type": "Point", "coordinates": [ 12986238.020978989079595, 4866062.091260918416083, -0.000045849251137 ] } },
{ "type": "Feature", "properties": { "fid": 172, "编号": "SZ0157", "乡镇": "宋庄镇", "村": "寨里村", "24越冬基数": null, "25点围环情况": null, "25年成虫危害程度": "无", "24年危害程度": "无", "面积": null, "24年杨扇杨小发生": null, "23年杨扇杨小发生": null, "19年危害程度": "无", "25年越冬基数调查": null, "2025年幼虫危害程度": "无" }, "geometry": { "type": "Point", "coordinates": [ 12986397.357720134779811, 4866042.883521244861186, -0.000045849251137 ] } },
{ "type": "Feature", "properties": { "fid": 173, "编号": "SZ0200", "乡镇": "宋庄镇", "村": "富豪村", "24越冬基数": null, "25点围环情况": null, "25年成虫危害程度": "无", "24年危害程度": "无", "面积": null, "24年杨扇杨小发生": "无", "23年杨扇杨小发生": "无", "19年危害程度": "无", "25年越冬基数调查": null, "2025年幼虫危害程度": "无" }, "geometry": { "type": "Point", "coordinates": [ 12984133.993799567222595, 4860671.940554921515286, -0.000045849251137 ] } },
{ "type": "Feature", "properties": { "fid": 174, "编号": "SZ0202", "乡镇": "宋庄镇", "村": "尹各庄", "24越冬基数": null, "25点围环情况": null, "25年成虫危害程度": "无", "24年危害程度": "无", "面积": null, "24年杨扇杨小发生": "无", "23年杨扇杨小发生": "无", "19年危害程度": "无", "25年越冬基数调查": null, "2025年幼虫危害程度": "无" }, "geometry": { "type": "Point", "coordinates": [ 12983952.144660307094455, 4862859.961611886508763, -0.000045849251137 ] } },
{ "type": "Feature", "properties": { "fid": 175, "编号": "TH0002", "乡镇": "台湖镇", "村": "朱家垡", "24越冬基数": null, "25点围环情况": null, "25年成虫危害程度": "无", "24年危害程度": "无", "面积": null, "24年杨扇杨小发生": null, "23年杨扇杨小发生": null, "19年危害程度": "无", "25年越冬基数调查": null, "2025年幼虫危害程度": "无" }, "geometry": { "type": "Point", "coordinates": [ 12983420.808834685012698, 4844026.024088153615594, -0.000045849251137 ] } },
{ "type": "Feature", "properties": { "fid": 176, "编号": "TH0004", "乡镇": "台湖镇", "村": "铺头村", "24越冬基数": null, "25点围环情况": null, "25年成虫危害程度": "无", "24年危害程度": "无", "面积": null, "24年杨扇杨小发生": "无", "23年杨扇杨小发生": "无", "19年危害程度": "无", "25年越冬基数调查": null, "2025年幼虫危害程度": "无" }, "geometry": { "type": "Point", "coordinates": [ 12982470.604073313996196, 4844546.44475226663053, -0.000045849251137 ] } },
{ "type": "Feature", "properties": { "fid": 177, "编号": "TH0006", "乡镇": "台湖镇", "村": "朱家垡", "24越冬基数": null, "25点围环情况": null, "25年成虫危害程度": "无", "24年危害程度": "无", "面积": null, "24年杨扇杨小发生": "无", "23年杨扇杨小发生": "无", "19年危害程度": "无", "25年越冬基数调查": null, "2025年幼虫危害程度": "无" }, "geometry": { "type": "Point", "coordinates": [ 12982886.06484548188746, 4844225.20924290176481, -0.000045849251137 ] } },
{ "type": "Feature", "properties": { "fid": 178, "编号": "TH0008", "乡镇": "台湖镇", "村": "前营村", "24越冬基数": null, "25点围环情况": null, "25年成虫危害程度": "无", "24年危害程度": "无", "面积": null, "24年杨扇杨小发生": "无", "23年杨扇杨小发生": "无", "19年危害程度": "无", "25年越冬基数调查": null, "2025年幼虫危害程度": "无" }, "geometry": { "type": "Point", "coordinates": [ 12983571.175024524331093, 4843704.320113582536578, -0.000045849251137 ] } },
{ "type": "Feature", "properties": { "fid": 179, "编号": "TH0012", "乡镇": "台湖镇", "村": "田家府", "24越冬基数": null, "25点围环情况": null, "25年成虫危害程度": "无", "24年危害程度": "无", "面积": null, "24年杨扇杨小发生": "无", "23年杨扇杨小发生": "无", "19年危害程度": "无", "25年越冬基数调查": null, "2025年幼虫危害程度": "无" }, "geometry": { "type": "Point", "coordinates": [ 12985408.519072324037552, 4843161.663086771965027, -0.000045849251137 ] } },
{ "type": "Feature", "properties": { "fid": 180, "编号": "TH0016", "乡镇": "台湖镇", "村": "田家府", "24越冬基数": null, "25点围环情况": null, "25年成虫危害程度": "无", "24年危害程度": "无", "面积": null, "24年杨扇杨小发生": "无", "23年杨扇杨小发生": "无", "19年危害程度": "无", "25年越冬基数调查": null, "2025年幼虫危害程度": "无" }, "geometry": { "type": "Point", "coordinates": [ 12985761.695222802460194, 4842784.115174046717584, -0.000045849251137 ] } },
{ "type": "Feature", "properties": { "fid": 181, "编号": "TH0020", "乡镇": "台湖镇", "村": "田家府", "24越冬基数": null, "25点围环情况": "黑", "25年成虫危害程度": "黑点", "24年危害程度": "无", "面积": null, "24年杨扇杨小发生": null, "23年杨扇杨小发生": null, "19年危害程度": "无", "25年越冬基数调查": null, "2025年幼虫危害程度": "无" }, "geometry": { "type": "Point", "coordinates": [ 12986624.234466623514891, 4842689.899088611826301, -0.000045849251137 ] } },
{ "type": "Feature", "properties": { "fid": 182, "编号": "TH0023", "乡镇": "台湖镇", "村": "东下营", "24越冬基数": null, "25点围环情况": null, "25年成虫危害程度": "无", "24年危害程度": "无", "面积": null, "24年杨扇杨小发生": "无", "23年杨扇杨小发生": "无", "19年危害程度": "无", "25年越冬基数调查": null, "2025年幼虫危害程度": "无" }, "geometry": { "type": "Point", "coordinates": [ 12988282.670062851160765, 4841984.690836987458169, -0.000045849251137 ] } },
{ "type": "Feature", "properties": { "fid": 183, "编号": "TH0030", "乡镇": "台湖镇", "村": "碱厂村", "24越冬基数": null, "25点围环情况": null, "25年成虫危害程度": "无", "24年危害程度": "无", "面积": null, "24年杨扇杨小发生": "无", "23年杨扇杨小发生": "无", "19年危害程度": "无", "25年越冬基数调查": null, "2025年幼虫危害程度": "无" }, "geometry": { "type": "Point", "coordinates": [ 12986238.685931006446481, 4840108.282039445824921, -0.000045849251137 ] } },
{ "type": "Feature", "properties": { "fid": 184, "编号": "TH0034", "乡镇": "台湖镇", "村": "尖垡村", "24越冬基数": null, "25点围环情况": "黑", "25年成虫危害程度": "无", "24年危害程度": "无", "面积": null, "24年杨扇杨小发生": "无", "23年杨扇杨小发生": "无", "19年危害程度": "无", "25年越冬基数调查": null, "2025年幼虫危害程度": "黑" }, "geometry": { "type": "Point", "coordinates": [ 12985740.079759558662772, 4839386.107767942361534, -0.000045849251137 ] } },
{ "type": "Feature", "properties": { "fid": 185, "编号": "TH0036", "乡镇": "台湖镇", "村": "尖垡村", "24越冬基数": null, "25点围环情况": null, "25年成虫危害程度": "无", "24年危害程度": "无", "面积": null, "24年杨扇杨小发生": "无", "23年杨扇杨小发生": "无", "19年危害程度": "无", "25年越冬基数调查": null, "2025年幼虫危害程度": "无" }, "geometry": { "type": "Point", "coordinates": [ 12985412.24255, 4839054.113214767538011, -0.000045849251137 ] } },
{ "type": "Feature", "properties": { "fid": 186, "编号": "TH0038", "乡镇": "台湖镇", "村": "兴武林", "24越冬基数": null, "25点围环情况": null, "25年成虫危害程度": "无", "24年危害程度": "无", "面积": null, "24年杨扇杨小发生": "无", "23年杨扇杨小发生": "无", "19年危害程度": "无", "25年越冬基数调查": null, "2025年幼虫危害程度": "无" }, "geometry": { "type": "Point", "coordinates": [ 12984842.644330078735948, 4838718.430384244769812, -0.000045849251137 ] } },
{ "type": "Feature", "properties": { "fid": 187, "编号": "TH0042", "乡镇": "台湖镇", "村": "大地村", "24越冬基数": null, "25点围环情况": null, "25年成虫危害程度": "无", "24年危害程度": "无", "面积": null, "24年杨扇杨小发生": null, "23年杨扇杨小发生": null, "19年危害程度": "无", "25年越冬基数调查": null, "2025年幼虫危害程度": "无" }, "geometry": { "type": "Point", "coordinates": [ 12982983.793376959860325, 4837102.477997937239707, -0.000045849251137 ] } },
{ "type": "Feature", "properties": { "fid": 188, "编号": "TH0046", "乡镇": "台湖镇", "村": "高古庄", "24越冬基数": null, "25点围环情况": null, "25年成虫危害程度": "无", "24年危害程度": "无", "面积": 93.0, "24年杨扇杨小发生": "无", "23年杨扇杨小发生": "无", "19年危害程度": "轻", "25年越冬基数调查": null, "2025年幼虫危害程度": "无" }, "geometry": { "type": "Point", "coordinates": [ 12983554.736489141359925, 4834309.411707958206534, -0.000045849251137 ] } },
{ "type": "Feature", "properties": { "fid": 189, "编号": "TH0048", "乡镇": "台湖镇", "村": "高古庄", "24越冬基数": null, "25点围环情况": null, "25年成虫危害程度": "无", "24年危害程度": "无", "面积": null, "24年杨扇杨小发生": "无", "23年杨扇杨小发生": "无", "19年危害程度": "无", "25年越冬基数调查": null, "2025年幼虫危害程度": "无" }, "geometry": { "type": "Point", "coordinates": [ 12983301.168124720454216, 4834632.401318464428186, -0.000045849251137 ] } },
{ "type": "Feature", "properties": { "fid": 190, "编号": "TH0050", "乡镇": "台湖镇", "村": "高古庄", "24越冬基数": null, "25点围环情况": null, "25年成虫危害程度": "无", "24年危害程度": "无", "面积": null, "24年杨扇杨小发生": "无", "23年杨扇杨小发生": "无", "19年危害程度": "无", "25年越冬基数调查": null, "2025年幼虫危害程度": "无" }, "geometry": { "type": "Point", "coordinates": [ 12981695.609176045283675, 4834302.771770502440631, -0.000045849251137 ] } },
{ "type": "Feature", "properties": { "fid": 191, "编号": "TH0053", "乡镇": "台湖镇", "村": "高古庄", "24越冬基数": null, "25点围环情况": null, "25年成虫危害程度": "无", "24年危害程度": "无", "面积": null, "24年杨扇杨小发生": "无", "23年杨扇杨小发生": "无", "19年危害程度": "无", "25年越冬基数调查": null, "2025年幼虫危害程度": "无" }, "geometry": { "type": "Point", "coordinates": [ 12981751.790672924369574, 4834942.203763006255031, -0.000045849251137 ] } },
{ "type": "Feature", "properties": { "fid": 192, "编号": "TH0055", "乡镇": "台湖镇", "村": "新河村", "24越冬基数": null, "25点围环情况": null, "25年成虫危害程度": "无", "24年危害程度": "无", "面积": null, "24年杨扇杨小发生": "无", "23年杨扇杨小发生": "无", "19年危害程度": "无", "25年越冬基数调查": null, "2025年幼虫危害程度": "无" }, "geometry": { "type": "Point", "coordinates": [ 12982155.716608697548509, 4835731.626043651252985, -0.000045849251137 ] } },
{ "type": "Feature", "properties": { "fid": 193, "编号": "TH0057", "乡镇": "台湖镇", "村": "麦庄村", "24越冬基数": null, "25点围环情况": null, "25年成虫危害程度": "无", "24年危害程度": "无", "面积": null, "24年杨扇杨小发生": "无", "23年杨扇杨小发生": "无", "19年危害程度": "无", "25年越冬基数调查": null, "2025年幼虫危害程度": "无" }, "geometry": { "type": "Point", "coordinates": [ 12982079.788985962048173, 4836297.486448178999126, -0.000045849251137 ] } },
{ "type": "Feature", "properties": { "fid": 194, "编号": "TH0060", "乡镇": "台湖镇", "村": "麦庄村", "24越冬基数": null, "25点围环情况": null, "25年成虫危害程度": "无", "24年危害程度": "无", "面积": null, "24年杨扇杨小发生": null, "23年杨扇杨小发生": null, "19年危害程度": "无", "25年越冬基数调查": null, "2025年幼虫危害程度": "无" }, "geometry": { "type": "Point", "coordinates": [ 12981791.035438066348433, 4836609.676428906619549, -0.000045849251137 ] } },
{ "type": "Feature", "properties": { "fid": 195, "编号": "TH0062", "乡镇": "台湖镇", "村": "麦庄村", "24越冬基数": null, "25点围环情况": null, "25年成虫危害程度": "无", "24年危害程度": "无", "面积": null, "24年杨扇杨小发生": null, "23年杨扇杨小发生": null, "19年危害程度": "无", "25年越冬基数调查": null, "2025年幼虫危害程度": "无" }, "geometry": { "type": "Point", "coordinates": [ 12980379.68635524995625, 4836457.997694076038897, -0.000045849251137 ] } },
{ "type": "Feature", "properties": { "fid": 196, "编号": "TH0064", "乡镇": "台湖镇", "村": "西太平", "24越冬基数": null, "25点围环情况": null, "25年成虫危害程度": "无", "24年危害程度": "无", "面积": null, "24年杨扇杨小发生": null, "23年杨扇杨小发生": null, "19年危害程度": "无", "25年越冬基数调查": null, "2025年幼虫危害程度": "无" }, "geometry": { "type": "Point", "coordinates": [ 12980163.586231162771583, 4835452.726109351031482, -0.000045849251137 ] } },
{ "type": "Feature", "properties": { "fid": 197, "编号": "TH0071", "乡镇": "台湖镇", "村": "垛子村", "24越冬基数": null, "25点围环情况": null, "25年成虫危害程度": "无", "24年危害程度": "无", "面积": null, "24年杨扇杨小发生": null, "23年杨扇杨小发生": null, "19年危害程度": "无", "25年越冬基数调查": null, "2025年幼虫危害程度": "无" }, "geometry": { "type": "Point", "coordinates": [ 12980790.193723754957318, 4837536.852933695539832, -0.000045849251137 ] } },
{ "type": "Feature", "properties": { "fid": 198, "编号": "TH0075", "乡镇": "台湖镇", "村": "桂家坟", "24越冬基数": null, "25点围环情况": null, "25年成虫危害程度": "无", "24年危害程度": "无", "面积": null, "24年杨扇杨小发生": "无", "23年杨扇杨小发生": "无", "19年危害程度": "无", "25年越冬基数调查": null, "2025年幼虫危害程度": "无" }, "geometry": { "type": "Point", "coordinates": [ 12978681.427904799580574, 4839372.419478023424745, -0.000045849251137 ] } },
{ "type": "Feature", "properties": { "fid": 199, "编号": "TH0079", "乡镇": "台湖镇", "村": "桂家坟", "24越冬基数": null, "25点围环情况": null, "25年成虫危害程度": "无", "24年危害程度": "无", "面积": null, "24年杨扇杨小发生": "无", "23年杨扇杨小发生": "无", "19年危害程度": "无", "25年越冬基数调查": null, "2025年幼虫危害程度": "无" }, "geometry": { "type": "Point", "coordinates": [ 12978159.77095102891326, 4839800.463270725682378, -0.000045849251137 ] } },
{ "type": "Feature", "properties": { "fid": 200, "编号": "TH0100", "乡镇": "台湖镇", "村": "东下营", "24越冬基数": null, "25点围环情况": null, "25年成虫危害程度": "无", "24年危害程度": "无", "面积": null, "24年杨扇杨小发生": "无", "23年杨扇杨小发生": "无", "19年危害程度": "无", "25年越冬基数调查": null, "2025年幼虫危害程度": "无" }, "geometry": { "type": "Point", "coordinates": [ 12987834.295084854587913, 4841698.83639311324805, -0.000045849251137 ] } },
{ "type": "Feature", "properties": { "fid": 201, "编号": "TH0120", "乡镇": "台湖镇", "村": "高古庄", "24越冬基数": null, "25点围环情况": null, "25年成虫危害程度": "无", "24年危害程度": "无", "面积": null, "24年杨扇杨小发生": "无", "23年杨扇杨小发生": "无", "19年危害程度": "无", "25年越冬基数调查": null, "2025年幼虫危害程度": "无" }, "geometry": { "type": "Point", "coordinates": [ 12981966.283313289284706, 4835337.777604714035988, -0.000045849251137 ] } },
{ "type": "Feature", "properties": { "fid": 202, "编号": "XJ0014", "乡镇": "西集镇", "村": "儒家林", "24越冬基数": null, "25点围环情况": null, "25年成虫危害程度": "无", "24年危害程度": "无", "面积": null, "24年杨扇杨小发生": "无", "23年杨扇杨小发生": "无", "19年危害程度": "无", "25年越冬基数调查": null, "2025年幼虫危害程度": "无" }, "geometry": { "type": "Point", "coordinates": [ 13000524.754063405096531, 4837903.830382374115288, -0.000045849251137 ] } },
{ "type": "Feature", "properties": { "fid": 203, "编号": "XJ0016", "乡镇": "西集镇", "村": "儒家林", "24越冬基数": null, "25点围环情况": null, "25年成虫危害程度": "无", "24年危害程度": "无", "面积": null, "24年杨扇杨小发生": "无", "23年杨扇杨小发生": "无", "19年危害程度": "无", "25年越冬基数调查": null, "2025年幼虫危害程度": "无" }, "geometry": { "type": "Point", "coordinates": [ 13001030.276445362716913, 4837682.415366187691689, -0.000045849251137 ] } },
{ "type": "Feature", "properties": { "fid": 204, "编号": "XJ0018", "乡镇": "西集镇", "村": "供给店", "24越冬基数": null, "25点围环情况": null, "25年成虫危害程度": "无", "24年危害程度": "无", "面积": null, "24年杨扇杨小发生": null, "23年杨扇杨小发生": null, "19年危害程度": "无", "25年越冬基数调查": null, "2025年幼虫危害程度": "轻" }, "geometry": { "type": "Point", "coordinates": [ 13001305.056888811290264, 4838317.950304101221263, -0.000045849251137 ] } },
{ "type": "Feature", "properties": { "fid": 205, "编号": "XJ0019", "乡镇": "西集镇", "村": "儒家林", "24越冬基数": null, "25点围环情况": null, "25年成虫危害程度": "无", "24年危害程度": "无", "面积": null, "24年杨扇杨小发生": null, "23年杨扇杨小发生": null, "19年危害程度": "无", "25年越冬基数调查": null, "2025年幼虫危害程度": "无" }, "geometry": { "type": "Point", "coordinates": [ 13001293.558510724455118, 4837571.710143866948783, -0.000045849251137 ] } },
{ "type": "Feature", "properties": { "fid": 206, "编号": "XJ0025", "乡镇": "西集镇", "村": "朗东村", "24越冬基数": null, "25点围环情况": null, "25年成虫危害程度": "无", "24年危害程度": "无", "面积": null, "24年杨扇杨小发生": "无", "23年杨扇杨小发生": "无", "19年危害程度": "无", "25年越冬基数调查": null, "2025年幼虫危害程度": "无" }, "geometry": { "type": "Point", "coordinates": [ 13001330.501290947198868, 4835535.655837335623801, -0.000045849251137 ] } },
{ "type": "Feature", "properties": { "fid": 207, "编号": "XJ0030", "乡镇": "西集镇", "村": "老庄户", "24越冬基数": null, "25点围环情况": null, "25年成虫危害程度": "无", "24年危害程度": "无", "面积": null, "24年杨扇杨小发生": "无", "23年杨扇杨小发生": "无", "19年危害程度": "无", "25年越冬基数调查": null, "2025年幼虫危害程度": "无" }, "geometry": { "type": "Point", "coordinates": [ 13002725.071834698319435, 4834653.106155666522682, -0.000045849251137 ] } },
{ "type": "Feature", "properties": { "fid": 208, "编号": "XJ0034", "乡镇": "西集镇", "村": "耿楼村", "24越冬基数": null, "25点围环情况": null, "25年成虫危害程度": "轻", "24年危害程度": "无", "面积": null, "24年杨扇杨小发生": "无", "23年杨扇杨小发生": "无", "19年危害程度": "无", "25年越冬基数调查": null, "2025年幼虫危害程度": "轻" }, "geometry": { "type": "Point", "coordinates": [ 13002949.246829049661756, 4832684.378546967171133, -0.000045849251137 ] } },
{ "type": "Feature", "properties": { "fid": 209, "编号": "XJ0037", "乡镇": "西集镇", "村": "耿楼村", "24越冬基数": null, "25点围环情况": "轻度", "25年成虫危害程度": "重", "24年危害程度": "轻", "面积": 0.0, "24年杨扇杨小发生": null, "23年杨扇杨小发生": null, "19年危害程度": "无", "25年越冬基数调查": null, "2025年幼虫危害程度": "重" }, "geometry": { "type": "Point", "coordinates": [ 13002758.472264984622598, 4832210.199430515058339, -0.000045849251137 ] } },
{ "type": "Feature", "properties": { "fid": 210, "编号": "XJ0039", "乡镇": "西集镇", "村": "耿楼村", "24越冬基数": null, "25点围环情况": "轻度", "25年成虫危害程度": "重", "24年危害程度": "轻", "面积": 0.0, "24年杨扇杨小发生": null, "23年杨扇杨小发生": null, "19年危害程度": "无", "25年越冬基数调查": null, "2025年幼虫危害程度": "重" }, "geometry": { "type": "Point", "coordinates": [ 13003061.101403761655092, 4832092.686168629676104, -0.000045849251137 ] } },
{ "type": "Feature", "properties": { "fid": 211, "编号": "XJ0041", "乡镇": "西集镇", "村": "耿楼村", "24越冬基数": null, "25点围环情况": null, "25年成虫危害程度": "无", "24年危害程度": "无", "面积": null, "24年杨扇杨小发生": "无", "23年杨扇杨小发生": "无", "19年危害程度": "无", "25年越冬基数调查": null, "2025年幼虫危害程度": "轻" }, "geometry": { "type": "Point", "coordinates": [ 13003403.109293516725302, 4832281.501400753855705, -0.000045849251137 ] } },
{ "type": "Feature", "properties": { "fid": 212, "编号": "XJ0046", "乡镇": "西集镇", "村": "耿楼村", "24越冬基数": null, "25点围环情况": null, "25年成虫危害程度": "无", "24年危害程度": "无", "面积": null, "24年杨扇杨小发生": "无", "23年杨扇杨小发生": "无", "19年危害程度": "无", "25年越冬基数调查": null, "2025年幼虫危害程度": "无" }, "geometry": { "type": "Point", "coordinates": [ 13004083.270496202632785, 4832426.259934911504388, -0.000045849251137 ] } },
{ "type": "Feature", "properties": { "fid": 213, "编号": "XJ0048", "乡镇": "西集镇", "村": "耿楼村", "24越冬基数": null, "25点围环情况": null, "25年成虫危害程度": "无", "24年危害程度": "无", "面积": null, "24年杨扇杨小发生": null, "23年杨扇杨小发生": null, "19年危害程度": "无", "25年越冬基数调查": null, "2025年幼虫危害程度": "无" }, "geometry": { "type": "Point", "coordinates": [ 13004347.41026452742517, 4832015.28803906403482, -0.000045849251137 ] } },
{ "type": "Feature", "properties": { "fid": 214, "编号": "XJ0055", "乡镇": "西集镇", "村": "耿楼村", "24越冬基数": null, "25点围环情况": null, "25年成虫危害程度": "无", "24年危害程度": "无", "面积": null, "24年杨扇杨小发生": null, "23年杨扇杨小发生": null, "19年危害程度": "无", "25年越冬基数调查": null, "2025年幼虫危害程度": "无" }, "geometry": { "type": "Point", "coordinates": [ 13005165.101863618940115, 4832680.771477215923369, -0.000045849251137 ] } },
{ "type": "Feature", "properties": { "fid": 215, "编号": "XJ0059", "乡镇": "西集镇", "村": "王庄村", "24越冬基数": null, "25点围环情况": null, "25年成虫危害程度": "无", "24年危害程度": "无", "面积": null, "24年杨扇杨小发生": "无", "23年杨扇杨小发生": "无", "19年危害程度": "无", "25年越冬基数调查": null, "2025年幼虫危害程度": "轻" }, "geometry": { "type": "Point", "coordinates": [ 13007104.466187262907624, 4832845.078327775001526, -0.000045849251137 ] } },
{ "type": "Feature", "properties": { "fid": 216, "编号": "XJ0069", "乡镇": "西集镇", "村": "和合站", "24越冬基数": null, "25点围环情况": null, "25年成虫危害程度": "无", "24年危害程度": "无", "面积": null, "24年杨扇杨小发生": "无", "23年杨扇杨小发生": "无", "19年危害程度": "无", "25年越冬基数调查": null, "2025年幼虫危害程度": "无" }, "geometry": { "type": "Point", "coordinates": [ 13009845.318754881620407, 4832218.48931785300374, -0.000045849251137 ] } },
{ "type": "Feature", "properties": { "fid": 217, "编号": "XJ0071", "乡镇": "西集镇", "村": "和合站", "24越冬基数": null, "25点围环情况": null, "25年成虫危害程度": "无", "24年危害程度": "无", "面积": null, "24年杨扇杨小发生": "无", "23年杨扇杨小发生": "无", "19年危害程度": "无", "25年越冬基数调查": null, "2025年幼虫危害程度": "无" }, "geometry": { "type": "Point", "coordinates": [ 13010103.894017085433006, 4832333.031676184386015, -0.000045849251137 ] } },
{ "type": "Feature", "properties": { "fid": 218, "编号": "XJ0084", "乡镇": "西集镇", "村": "辛集村", "24越冬基数": null, "25点围环情况": "黑", "25年成虫危害程度": "黑点", "24年危害程度": "无", "面积": null, "24年杨扇杨小发生": null, "23年杨扇杨小发生": null, "19年危害程度": "", "25年越冬基数调查": null, "2025年幼虫危害程度": "黑" }, "geometry": { "type": "Point", "coordinates": [ 13014113.811809225007892, 4832497.105184787884355, -0.000045849251137 ] } },
{ "type": "Feature", "properties": { "fid": 219, "编号": "XJ0086", "乡镇": "西集镇", "村": "辛集村", "24越冬基数": null, "25点围环情况": "黑", "25年成虫危害程度": "黑点", "24年危害程度": "无", "面积": null, "24年杨扇杨小发生": null, "23年杨扇杨小发生": null, "19年危害程度": "", "25年越冬基数调查": null, "2025年幼虫危害程度": "黑" }, "geometry": { "type": "Point", "coordinates": [ 13014417.244053149595857, 4832896.566976851783693, -0.000045849251137 ] } },
{ "type": "Feature", "properties": { "fid": 220, "编号": "XJ0115", "乡镇": "西集镇", "村": "大沙务", "24越冬基数": null, "25点围环情况": null, "25年成虫危害程度": "无", "24年危害程度": "无", "面积": null, "24年杨扇杨小发生": null, "23年杨扇杨小发生": null, "19年危害程度": "无", "25年越冬基数调查": null, "2025年幼虫危害程度": "无" }, "geometry": { "type": "Point", "coordinates": [ 13015617.857455298304558, 4837697.608994109556079, -0.000045849251137 ] } },
{ "type": "Feature", "properties": { "fid": 221, "编号": "XJ0125", "乡镇": "西集镇", "村": "小沙务", "24越冬基数": null, "25点围环情况": null, "25年成虫危害程度": "无", "24年危害程度": "无", "面积": null, "24年杨扇杨小发生": null, "23年杨扇杨小发生": null, "19年危害程度": "无", "25年越冬基数调查": null, "2025年幼虫危害程度": "无" }, "geometry": { "type": "Point", "coordinates": [ 13015179.939250413328409, 4838346.286971598863602, -0.000045849251137 ] } },
{ "type": "Feature", "properties": { "fid": 222, "编号": "XJ0127", "乡镇": "西集镇", "村": "伊家河", "24越冬基数": null, "25点围环情况": null, "25年成虫危害程度": "无", "24年危害程度": "无", "面积": null, "24年杨扇杨小发生": "无", "23年杨扇杨小发生": "中", "19年危害程度": "无", "25年越冬基数调查": null, "2025年幼虫危害程度": "无" }, "geometry": { "type": "Point", "coordinates": [ 13014279.988719746470451, 4838544.135090271010995, -0.000045849251137 ] } },
{ "type": "Feature", "properties": { "fid": 223, "编号": "XJ0133", "乡镇": "西集镇", "村": "赵庄村", "24越冬基数": null, "25点围环情况": null, "25年成虫危害程度": "无", "24年危害程度": "无", "面积": null, "24年杨扇杨小发生": null, "23年杨扇杨小发生": null, "19年危害程度": "无", "25年越冬基数调查": null, "2025年幼虫危害程度": "无" }, "geometry": { "type": "Point", "coordinates": [ 13015512.715266637504101, 4840648.50473162624985, -0.000045849251137 ] } },
{ "type": "Feature", "properties": { "fid": 224, "编号": "XJ0135", "乡镇": "西集镇", "村": "赵庄村", "24越冬基数": null, "25点围环情况": null, "25年成虫危害程度": "无", "24年危害程度": "无", "面积": null, "24年杨扇杨小发生": "无", "23年杨扇杨小发生": "重", "19年危害程度": "无", "25年越冬基数调查": null, "2025年幼虫危害程度": "无" }, "geometry": { "type": "Point", "coordinates": [ 13015392.828095542266965, 4841717.020915656350553, -0.000045849251137 ] } },
{ "type": "Feature", "properties": { "fid": 225, "编号": "XJ0137", "乡镇": "西集镇", "村": "候各庄", "24越冬基数": null, "25点围环情况": null, "25年成虫危害程度": "无", "24年危害程度": "无", "面积": null, "24年杨扇杨小发生": null, "23年杨扇杨小发生": null, "19年危害程度": "无", "25年越冬基数调查": null, "2025年幼虫危害程度": "无" }, "geometry": { "type": "Point", "coordinates": [ 13014227.066830242052674, 4843508.497005243785679, -0.000045849251137 ] } },
{ "type": "Feature", "properties": { "fid": 226, "编号": "XJ0139", "乡镇": "西集镇", "村": "候各庄", "24越冬基数": null, "25点围环情况": null, "25年成虫危害程度": "无", "24年危害程度": "无", "面积": null, "24年杨扇杨小发生": null, "23年杨扇杨小发生": null, "19年危害程度": "无", "25年越冬基数调查": null, "2025年幼虫危害程度": "无" }, "geometry": { "type": "Point", "coordinates": [ 13013579.668408064171672, 4843770.201878703199327, -0.000045849251137 ] } },
{ "type": "Feature", "properties": { "fid": 227, "编号": "XJ0141", "乡镇": "西集镇", "村": "候各庄", "24越冬基数": null, "25点围环情况": null, "25年成虫危害程度": "无", "24年危害程度": "无", "面积": null, "24年杨扇杨小发生": null, "23年杨扇杨小发生": null, "19年危害程度": "无", "25年越冬基数调查": null, "2025年幼虫危害程度": "无" }, "geometry": { "type": "Point", "coordinates": [ 13013684.305734461173415, 4841381.405882841907442, -0.000045849251137 ] } },
{ "type": "Feature", "properties": { "fid": 228, "编号": "XJ0163", "乡镇": "西集镇", "村": "西集村", "24越冬基数": null, "25点围环情况": null, "25年成虫危害程度": "无", "24年危害程度": "无", "面积": null, "24年杨扇杨小发生": null, "23年杨扇杨小发生": null, "19年危害程度": "无", "25年越冬基数调查": null, "2025年幼虫危害程度": "无" }, "geometry": { "type": "Point", "coordinates": [ 13010657.635547708719969, 4840644.181300428695977, -0.000045849251137 ] } },
{ "type": "Feature", "properties": { "fid": 229, "编号": "XJ0177", "乡镇": "西集镇", "村": "石上村", "24越冬基数": null, "25点围环情况": null, "25年成虫危害程度": "无", "24年危害程度": "无", "面积": null, "24年杨扇杨小发生": null, "23年杨扇杨小发生": null, "19年危害程度": "无", "25年越冬基数调查": null, "2025年幼虫危害程度": "无" }, "geometry": { "type": "Point", "coordinates": [ 13012325.116165934130549, 4838722.744366439059377, -0.000045849251137 ] } },
{ "type": "Feature", "properties": { "fid": 231, "编号": "XJ0185", "乡镇": "西集镇", "村": "胡庄村", "24越冬基数": null, "25点围环情况": null, "25年成虫危害程度": "无", "24年危害程度": "无", "面积": null, "24年杨扇杨小发生": null, "23年杨扇杨小发生": null, "19年危害程度": "无", "25年越冬基数调查": null, "2025年幼虫危害程度": "无" }, "geometry": { "type": "Point", "coordinates": [ 13010004.655641743913293, 4840194.471572335809469, -0.000045849251137 ] } },
{ "type": "Feature", "properties": { "fid": 232, "编号": "XJ0189", "乡镇": "西集镇", "村": "马坊村", "24越冬基数": null, "25点围环情况": null, "25年成虫危害程度": "无", "24年危害程度": "无", "面积": null, "24年杨扇杨小发生": null, "23年杨扇杨小发生": null, "19年危害程度": "无", "25年越冬基数调查": null, "2025年幼虫危害程度": "无" }, "geometry": { "type": "Point", "coordinates": [ 13005711.088892402127385, 4840874.387211256660521, -0.000045849251137 ] } },
{ "type": "Feature", "properties": { "fid": 233, "编号": "XJ0197", "乡镇": "西集镇", "村": "杜柳棵", "24越冬基数": null, "25点围环情况": null, "25年成虫危害程度": "无", "24年危害程度": "无", "面积": null, "24年杨扇杨小发生": null, "23年杨扇杨小发生": null, "19年危害程度": "无", "25年越冬基数调查": null, "2025年幼虫危害程度": "无" }, "geometry": { "type": "Point", "coordinates": [ 13006482.797863446176052, 4839590.621719846501946, -0.000045849251137 ] } },
{ "type": "Feature", "properties": { "fid": 234, "编号": "XJ0212", "乡镇": "西集镇", "村": "太平庄", "24越冬基数": null, "25点围环情况": null, "25年成虫危害程度": "无", "24年危害程度": "无", "面积": null, "24年杨扇杨小发生": null, "23年杨扇杨小发生": null, "19年危害程度": "无", "25年越冬基数调查": null, "2025年幼虫危害程度": "无" }, "geometry": { "type": "Point", "coordinates": [ 13003347.81167384237051, 4837420.249410647898912, -0.000045849251137 ] } },
{ "type": "Feature", "properties": { "fid": 235, "编号": "XJ0218", "乡镇": "西集镇", "村": "张各庄", "24越冬基数": null, "25点围环情况": null, "25年成虫危害程度": "无", "24年危害程度": "无", "面积": null, "24年杨扇杨小发生": null, "23年杨扇杨小发生": null, "19年危害程度": "无", "25年越冬基数调查": null, "2025年幼虫危害程度": "无" }, "geometry": { "type": "Point", "coordinates": [ 13005756.576632922515273, 4837425.06275031901896, -0.000045849251137 ] } },
{ "type": "Feature", "properties": { "fid": 236, "编号": "XJ0233", "乡镇": "西集镇", "村": "张各庄", "24越冬基数": null, "25点围环情况": null, "25年成虫危害程度": "无", "24年危害程度": "无", "面积": null, "24年杨扇杨小发生": null, "23年杨扇杨小发生": null, "19年危害程度": "无", "25年越冬基数调查": null, "2025年幼虫危害程度": "无" }, "geometry": { "type": "Point", "coordinates": [ 13008017.217067934572697, 4837337.400704823434353, -0.000045849251137 ] } },
{ "type": "Feature", "properties": { "fid": 237, "编号": "XJ0240", "乡镇": "西集镇", "村": "西集村", "24越冬基数": null, "25点围环情况": null, "25年成虫危害程度": "无", "24年危害程度": "无", "面积": null, "24年杨扇杨小发生": null, "23年杨扇杨小发生": null, "19年危害程度": "无", "25年越冬基数调查": null, "2025年幼虫危害程度": "无" }, "geometry": { "type": "Point", "coordinates": [ 13009746.087836084887385, 4836916.464541872963309, -0.000045849251137 ] } },
{ "type": "Feature", "properties": { "fid": 238, "编号": "XJ0258", "乡镇": "西集镇", "村": "曹刘各", "24越冬基数": null, "25点围环情况": null, "25年成虫危害程度": "无", "24年危害程度": "无", "面积": null, "24年杨扇杨小发生": null, "23年杨扇杨小发生": null, "19年危害程度": "无", "25年越冬基数调查": null, "2025年幼虫危害程度": "无" }, "geometry": { "type": "Point", "coordinates": [ 13009742.375626474618912, 4836113.48408626858145, -0.000045849251137 ] } },
{ "type": "Feature", "properties": { "fid": 239, "编号": "XJ0266", "乡镇": "西集镇", "村": "东辛庄", "24越冬基数": null, "25点围环情况": null, "25年成虫危害程度": "无", "24年危害程度": "无", "面积": null, "24年杨扇杨小发生": null, "23年杨扇杨小发生": null, "19年危害程度": "无", "25年越冬基数调查": null, "2025年幼虫危害程度": "无" }, "geometry": { "type": "Point", "coordinates": [ 13011905.957213457673788, 4836153.944823676720262, -0.000045849251137 ] } },
{ "type": "Feature", "properties": { "fid": 240, "编号": "XJ0269", "乡镇": "西集镇", "村": "辛集村", "24越冬基数": null, "25点围环情况": null, "25年成虫危害程度": "无", "24年危害程度": "无", "面积": null, "24年杨扇杨小发生": "无", "23年杨扇杨小发生": "无", "19年危害程度": "无", "25年越冬基数调查": null, "2025年幼虫危害程度": "无" }, "geometry": { "type": "Point", "coordinates": [ 13013664.779198061674833, 4833721.122518664225936, -0.000045849251137 ] } },
{ "type": "Feature", "properties": { "fid": 241, "编号": "XJ0272", "乡镇": "西集镇", "村": "东辛庄", "24越冬基数": null, "25点围环情况": null, "25年成虫危害程度": "无", "24年危害程度": "无", "面积": null, "24年杨扇杨小发生": null, "23年杨扇杨小发生": null, "19年危害程度": "无", "25年越冬基数调查": null, "2025年幼虫危害程度": "无" }, "geometry": { "type": "Point", "coordinates": [ 13012082.55689937248826, 4836149.138778616674244, -0.000045849251137 ] } },
{ "type": "Feature", "properties": { "fid": 242, "编号": "XJ0274", "乡镇": "西集镇", "村": "东辛庄", "24越冬基数": null, "25点围环情况": null, "25年成虫危害程度": "无", "24年危害程度": "无", "面积": null, "24年杨扇杨小发生": null, "23年杨扇杨小发生": null, "19年危害程度": "无", "25年越冬基数调查": null, "2025年幼虫危害程度": "无" }, "geometry": { "type": "Point", "coordinates": [ 13012371.090551190078259, 4836012.896480700932443, -0.000045849251137 ] } },
{ "type": "Feature", "properties": { "fid": 243, "编号": "XJ0278", "乡镇": "西集镇", "村": "吕家湾", "24越冬基数": null, "25点围环情况": null, "25年成虫危害程度": "无", "24年危害程度": "无", "面积": null, "24年杨扇杨小发生": null, "23年杨扇杨小发生": null, "19年危害程度": "无", "25年越冬基数调查": null, "2025年幼虫危害程度": "无" }, "geometry": { "type": "Point", "coordinates": [ 13011497.721067683771253, 4833200.831439439207315, -0.000045849251137 ] } },
{ "type": "Feature", "properties": { "fid": 244, "编号": "XJ0280", "乡镇": "西集镇", "村": "上坡村", "24越冬基数": null, "25点围环情况": null, "25年成虫危害程度": "无", "24年危害程度": "无", "面积": null, "24年杨扇杨小发生": null, "23年杨扇杨小发生": null, "19年危害程度": "无", "25年越冬基数调查": null, "2025年幼虫危害程度": "无" }, "geometry": { "type": "Point", "coordinates": [ 13009954.84204382263124, 4834066.728024652227759, -0.000045849251137 ] } },
{ "type": "Feature", "properties": { "fid": 245, "编号": "XJ0281", "乡镇": "西集镇", "村": "安辛庄", "24越冬基数": null, "25点围环情况": null, "25年成虫危害程度": "无", "24年危害程度": "无", "面积": null, "24年杨扇杨小发生": null, "23年杨扇杨小发生": null, "19年危害程度": "无", "25年越冬基数调查": null, "2025年幼虫危害程度": "无" }, "geometry": { "type": "Point", "coordinates": [ 13011088.828106300905347, 4833995.394455518573523, -0.000045849251137 ] } },
{ "type": "Feature", "properties": { "fid": 246, "编号": "XJ0287", "乡镇": "西集镇", "村": "金坨村", "24越冬基数": null, "25点围环情况": null, "25年成虫危害程度": "无", "24年危害程度": "无", "面积": null, "24年杨扇杨小发生": "无", "23年杨扇杨小发生": "无", "19年危害程度": "无", "25年越冬基数调查": null, "2025年幼虫危害程度": "轻" }, "geometry": { "type": "Point", "coordinates": [ 13006099.180641381070018, 4832922.654995430260897, -0.000045849251137 ] } },
{ "type": "Feature", "properties": { "fid": 247, "编号": "XJ0291", "乡镇": "西集镇", "村": "金各庄", "24越冬基数": null, "25点围环情况": null, "25年成虫危害程度": "无", "24年危害程度": "无", "面积": null, "24年杨扇杨小发生": null, "23年杨扇杨小发生": null, "19年危害程度": "无", "25年越冬基数调查": null, "2025年幼虫危害程度": "无" }, "geometry": { "type": "Point", "coordinates": [ 13007291.756634630262852, 4835510.064278959296644, -0.000045849251137 ] } },
{ "type": "Feature", "properties": { "fid": 248, "编号": "XJ0297", "乡镇": "西集镇", "村": "冯各庄", "24越冬基数": null, "25点围环情况": null, "25年成虫危害程度": "无", "24年危害程度": "无", "面积": null, "24年杨扇杨小发生": null, "23年杨扇杨小发生": null, "19年危害程度": "无", "25年越冬基数调查": null, "2025年幼虫危害程度": "无" }, "geometry": { "type": "Point", "coordinates": [ 13005200.782837124541402, 4835486.054614493623376, -0.000045849251137 ] } },
{ "type": "Feature", "properties": { "fid": 249, "编号": "XJ0307", "乡镇": "西集镇", "村": "耿楼村", "24越冬基数": null, "25点围环情况": null, "25年成虫危害程度": "无", "24年危害程度": "无", "面积": null, "24年杨扇杨小发生": null, "23年杨扇杨小发生": null, "19年危害程度": "无", "25年越冬基数调查": null, "2025年幼虫危害程度": "无" }, "geometry": { "type": "Point", "coordinates": [ 13004742.293722171336412, 4832938.142037137411535, -0.000045849251137 ] } },
{ "type": "Feature", "properties": { "fid": 250, "编号": "XJ0311", "乡镇": "西集镇", "村": "王庄村", "24越冬基数": null, "25点围环情况": null, "25年成虫危害程度": "无", "24年危害程度": "无", "面积": null, "24年杨扇杨小发生": null, "23年杨扇杨小发生": null, "19年危害程度": "无", "25年越冬基数调查": null, "2025年幼虫危害程度": "无" }, "geometry": { "type": "Point", "coordinates": [ 13005600.270568152889609, 4833115.550936826504767, -0.000045849251137 ] } },
{ "type": "Feature", "properties": { "fid": 251, "编号": "XJ0322", "乡镇": "西集镇", "村": "冯各庄", "24越冬基数": null, "25点围环情况": null, "25年成虫危害程度": "无", "24年危害程度": "无", "面积": null, "24年杨扇杨小发生": null, "23年杨扇杨小发生": null, "19年危害程度": "无", "25年越冬基数调查": null, "2025年幼虫危害程度": "无" }, "geometry": { "type": "Point", "coordinates": [ 13005460.282435497269034, 4834461.673630471341312, -0.000045849251137 ] } },
{ "type": "Feature", "properties": { "fid": 252, "编号": "XJ0324", "乡镇": "西集镇", "村": "王庄村", "24越冬基数": null, "25点围环情况": null, "25年成虫危害程度": "无", "24年危害程度": "无", "面积": null, "24年杨扇杨小发生": null, "23年杨扇杨小发生": null, "19年危害程度": "无", "25年越冬基数调查": null, "2025年幼虫危害程度": "无" }, "geometry": { "type": "Point", "coordinates": [ 13005819.134681690484285, 4834472.044858490116894, -0.000045849251137 ] } },
{ "type": "Feature", "properties": { "fid": 253, "编号": "XJ0341", "乡镇": "西集镇", "村": "王上村", "24越冬基数": null, "25点围环情况": null, "25年成虫危害程度": "无", "24年危害程度": "无", "面积": null, "24年杨扇杨小发生": null, "23年杨扇杨小发生": null, "19年危害程度": "无", "25年越冬基数调查": null, "2025年幼虫危害程度": "无" }, "geometry": { "type": "Point", "coordinates": [ 13011948.643549062311649, 4837876.761290526948869, -0.000045849251137 ] } },
{ "type": "Feature", "properties": { "fid": 254, "编号": "XJ0351", "乡镇": "西集镇", "村": "后幕府", "24越冬基数": null, "25点围环情况": null, "25年成虫危害程度": "无", "24年危害程度": "无", "面积": null, "24年杨扇杨小发生": null, "23年杨扇杨小发生": null, "19年危害程度": "无", "25年越冬基数调查": null, "2025年幼虫危害程度": "无" }, "geometry": { "type": "Point", "coordinates": [ 13012642.307561833411455, 4836538.575077002868056, -0.000045849251137 ] } },
{ "type": "Feature", "properties": { "fid": 255, "编号": "XJ0501", "乡镇": "西集镇", "村": "老庄户", "24越冬基数": null, "25点围环情况": null, "25年成虫危害程度": "无", "24年危害程度": "无", "面积": null, "24年杨扇杨小发生": "无", "23年杨扇杨小发生": "无", "19年危害程度": "无", "25年越冬基数调查": null, "2025年幼虫危害程度": "无" }, "geometry": { "type": "Point", "coordinates": [ 13002649.894852321594954, 4835250.866439752280712, -0.000045849251137 ] } },
{ "type": "Feature", "properties": { "fid": 256, "编号": "XJ0505", "乡镇": "西集镇", "村": "东辛庄", "24越冬基数": null, "25点围环情况": null, "25年成虫危害程度": "无", "24年危害程度": "无", "面积": null, "24年杨扇杨小发生": null, "23年杨扇杨小发生": null, "19年危害程度": "无", "25年越冬基数调查": null, "2025年幼虫危害程度": "无" }, "geometry": { "type": "Point", "coordinates": [ 13011231.642737088724971, 4835810.626829478889704, -0.000045849251137 ] } },
{ "type": "Feature", "properties": { "fid": 257, "编号": "YF0003", "乡镇": "于家务", "村": "仇庄村", "24越冬基数": null, "25点围环情况": null, "25年成虫危害程度": "无", "24年危害程度": "无", "面积": null, "24年杨扇杨小发生": null, "23年杨扇杨小发生": null, "19年危害程度": "无", "25年越冬基数调查": null, "2025年幼虫危害程度": "无" }, "geometry": { "type": "Point", "coordinates": [ 12993071.95256669074297, 4813758.009836269542575, -0.000045849251137 ] } },
{ "type": "Feature", "properties": { "fid": 258, "编号": "YF0005", "乡镇": "于家务", "村": "枣林村", "24越冬基数": null, "25点围环情况": null, "25年成虫危害程度": "无", "24年危害程度": "无", "面积": 45.0, "24年杨扇杨小发生": null, "23年杨扇杨小发生": null, "19年危害程度": "轻", "25年越冬基数调查": null, "2025年幼虫危害程度": "重" }, "geometry": { "type": "Point", "coordinates": [ 12994034.744275590404868, 4815120.30151975248009, -0.000045849251137 ] } },
{ "type": "Feature", "properties": { "fid": 259, "编号": "YF0010", "乡镇": "于家务", "村": "枣林村", "24越冬基数": null, "25点围环情况": null, "25年成虫危害程度": "无", "24年危害程度": "无", "面积": 60.1, "24年杨扇杨小发生": null, "23年杨扇杨小发生": null, "19年危害程度": "轻", "25年越冬基数调查": null, "2025年幼虫危害程度": "无" }, "geometry": { "type": "Point", "coordinates": [ 12995382.904657103121281, 4815611.138921935111284, -0.000045849251137 ] } },
{ "type": "Feature", "properties": { "fid": 260, "编号": "YF0013", "乡镇": "于家务", "村": "南三间", "24越冬基数": null, "25点围环情况": null, "25年成虫危害程度": "无", "24年危害程度": "无", "面积": null, "24年杨扇杨小发生": "无", "23年杨扇杨小发生": "无", "19年危害程度": "无", "25年越冬基数调查": null, "2025年幼虫危害程度": "无" }, "geometry": { "type": "Point", "coordinates": [ 12997643.324998231604695, 4818846.357374132610857, -0.000045849251137 ] } },
{ "type": "Feature", "properties": { "fid": 261, "编号": "YF0017", "乡镇": "于家务", "村": "王各庄", "24越冬基数": null, "25点围环情况": null, "25年成虫危害程度": "无", "24年危害程度": "无", "面积": null, "24年杨扇杨小发生": "无", "23年杨扇杨小发生": "无", "19年危害程度": "无", "25年越冬基数调查": null, "2025年幼虫危害程度": "无" }, "geometry": { "type": "Point", "coordinates": [ 12994231.370020732283592, 4823074.670803256332874, -0.000045849251137 ] } },
{ "type": "Feature", "properties": { "fid": 262, "编号": "YF0028", "乡镇": "于家务", "村": "东马各", "24越冬基数": null, "25点围环情况": null, "25年成虫危害程度": "无", "24年危害程度": "无", "面积": null, "24年杨扇杨小发生": "轻", "23年杨扇杨小发生": "轻", "19年危害程度": "无", "25年越冬基数调查": null, "2025年幼虫危害程度": "无" }, "geometry": { "type": "Point", "coordinates": [ 12990507.340411001816392, 4827814.731251218356192, -0.000045849251137 ] } },
{ "type": "Feature", "properties": { "fid": 263, "编号": "YF0030", "乡镇": "于家务", "村": "大耕垈", "24越冬基数": null, "25点围环情况": null, "25年成虫危害程度": "无", "24年危害程度": "无", "面积": null, "24年杨扇杨小发生": "无", "23年杨扇杨小发生": "无", "19年危害程度": "无", "25年越冬基数调查": null, "2025年幼虫危害程度": "无" }, "geometry": { "type": "Point", "coordinates": [ 12991600.507129155099392, 4828299.844772133976221, -0.000045849251137 ] } },
{ "type": "Feature", "properties": { "fid": 264, "编号": "YF0031", "乡镇": "于家务", "村": "大耕垈", "24越冬基数": null, "25点围环情况": null, "25年成虫危害程度": "无", "24年危害程度": "无", "面积": null, "24年杨扇杨小发生": "无", "23年杨扇杨小发生": "无", "19年危害程度": "无", "25年越冬基数调查": null, "2025年幼虫危害程度": "无" }, "geometry": { "type": "Point", "coordinates": [ 12992173.145332865417004, 4828723.698203076608479, -0.000045849251137 ] } },
{ "type": "Feature", "properties": { "fid": 265, "编号": "YF0034", "乡镇": "于家务", "村": "东马各", "24越冬基数": null, "25点围环情况": null, "25年成虫危害程度": "无", "24年危害程度": "无", "面积": null, "24年杨扇杨小发生": "轻", "23年杨扇杨小发生": "轻", "19年危害程度": "无", "25年越冬基数调查": null, "2025年幼虫危害程度": "无" }, "geometry": { "type": "Point", "coordinates": [ 12989806.137484107166529, 4827160.624863652512431, -0.000045849251137 ] } },
{ "type": "Feature", "properties": { "fid": 266, "编号": "YF0040", "乡镇": "于家务", "村": "前伏村", "24越冬基数": null, "25点围环情况": null, "25年成虫危害程度": "无", "24年危害程度": "无", "面积": null, "24年杨扇杨小发生": null, "23年杨扇杨小发生": null, "19年危害程度": "无", "25年越冬基数调查": null, "2025年幼虫危害程度": "无" }, "geometry": { "type": "Point", "coordinates": [ 12988856.95389511436224, 4819009.10483174957335, -0.000045849251137 ] } },
{ "type": "Feature", "properties": { "fid": 267, "编号": "YF0042", "乡镇": "于家务", "村": "吴寺村", "24越冬基数": null, "25点围环情况": null, "25年成虫危害程度": "无", "24年危害程度": "无", "面积": null, "24年杨扇杨小发生": "无", "23年杨扇杨小发生": "中", "19年危害程度": "无", "25年越冬基数调查": null, "2025年幼虫危害程度": "无" }, "geometry": { "type": "Point", "coordinates": [ 12991094.802536640316248, 4818736.094295429997146, -0.000045849251137 ] } },
{ "type": "Feature", "properties": { "fid": 268, "编号": "YF0045", "乡镇": "于家务", "村": "小海字", "24越冬基数": null, "25点围环情况": null, "25年成虫危害程度": "无", "24年危害程度": "无", "面积": null, "24年杨扇杨小发生": null, "23年杨扇杨小发生": null, "19年危害程度": "无", "25年越冬基数调查": null, "2025年幼虫危害程度": "轻" }, "geometry": { "type": "Point", "coordinates": [ 12993832.335090704262257, 4817735.995702151209116, -0.000045849251137 ] } },
{ "type": "Feature", "properties": { "fid": 269, "编号": "YF0047", "乡镇": "于家务", "村": "南刘庄", "24越冬基数": null, "25点围环情况": null, "25年成虫危害程度": "无", "24年危害程度": "无", "面积": null, "24年杨扇杨小发生": null, "23年杨扇杨小发生": null, "19年危害程度": "无", "25年越冬基数调查": null, "2025年幼虫危害程度": "无" }, "geometry": { "type": "Point", "coordinates": [ 12991549.590826734900475, 4816333.757825423963368, -0.000045849251137 ] } },
{ "type": "Feature", "properties": { "fid": 270, "编号": "YF0049", "乡镇": "于家务", "村": "枣林村", "24越冬基数": null, "25点围环情况": null, "25年成虫危害程度": "无", "24年危害程度": "无", "面积": null, "24年杨扇杨小发生": "无", "23年杨扇杨小发生": "无", "19年危害程度": "无", "25年越冬基数调查": null, "2025年幼虫危害程度": "无" }, "geometry": { "type": "Point", "coordinates": [ 12993217.72306521050632, 4815459.595122922211885, -0.000045849251137 ] } },
{ "type": "Feature", "properties": { "fid": 271, "编号": "YF0052", "乡镇": "于家务", "村": "小海字", "24越冬基数": null, "25点围环情况": null, "25年成虫危害程度": "无", "24年危害程度": "无", "面积": null, "24年杨扇杨小发生": null, "23年杨扇杨小发生": null, "19年危害程度": "无", "25年越冬基数调查": null, "2025年幼虫危害程度": "无" }, "geometry": { "type": "Point", "coordinates": [ 12993967.844209872186184, 4817619.695457679219544, -0.000045849251137 ] } },
{ "type": "Feature", "properties": { "fid": 272, "编号": "YF0057", "乡镇": "于家务", "村": "果村", "24越冬基数": null, "25点围环情况": null, "25年成虫危害程度": "无", "24年危害程度": "无", "面积": null, "24年杨扇杨小发生": "无", "23年杨扇杨小发生": "无", "19年危害程度": "无", "25年越冬基数调查": null, "2025年幼虫危害程度": "无" }, "geometry": { "type": "Point", "coordinates": [ 12990558.8354138340801, 4822628.636999861337245, -0.000045849251137 ] } },
{ "type": "Feature", "properties": { "fid": 273, "编号": "YF0059", "乡镇": "于家务", "村": "果村", "24越冬基数": null, "25点围环情况": null, "25年成虫危害程度": "无", "24年危害程度": "无", "面积": null, "24年杨扇杨小发生": "无", "23年杨扇杨小发生": "无", "19年危害程度": "无", "25年越冬基数调查": null, "2025年幼虫危害程度": "无" }, "geometry": { "type": "Point", "coordinates": [ 12990659.183471996337175, 4823164.317045450210571, -0.000045849251137 ] } },
{ "type": "Feature", "properties": { "fid": 274, "编号": "YF0063", "乡镇": "于家务", "村": "神仙村", "24越冬基数": null, "25点围环情况": "严重", "25年成虫危害程度": "重", "24年危害程度": "重", "面积": 15.9, "24年杨扇杨小发生": "无", "23年杨扇杨小发生": "", "19年危害程度": "无", "25年越冬基数调查": "1", "2025年幼虫危害程度": "重" }, "geometry": { "type": "Point", "coordinates": [ 12993565.283099250867963, 4823975.31337449233979, -0.000045849251137 ] } },
{ "type": "Feature", "properties": { "fid": 275, "编号": "YF0067", "乡镇": "于家务", "村": "神仙村", "24越冬基数": null, "25点围环情况": null, "25年成虫危害程度": "无", "24年危害程度": "无", "面积": null, "24年杨扇杨小发生": "无", "23年杨扇杨小发生": "无", "19年危害程度": "无", "25年越冬基数调查": null, "2025年幼虫危害程度": "中" }, "geometry": { "type": "Point", "coordinates": [ 12993654.561742451041937, 4824316.553471453487873, -0.000045849251137 ] } },
{ "type": "Feature", "properties": { "fid": 276, "编号": "YF0070", "乡镇": "于家务", "村": "于家务", "24越冬基数": null, "25点围环情况": "黑", "25年成虫危害程度": "黑点", "24年危害程度": "重", "面积": 0.0, "24年杨扇杨小发生": "无", "23年杨扇杨小发生": "无", "19年危害程度": "", "25年越冬基数调查": null, "2025年幼虫危害程度": "黑" }, "geometry": { "type": "Point", "coordinates": [ 12992865.38372116535902, 4824757.141850680112839, -0.000045849251137 ] } },
{ "type": "Feature", "properties": { "fid": 277, "编号": "YF0072", "乡镇": "于家务", "村": "于家务", "24越冬基数": null, "25点围环情况": "黑", "25年成虫危害程度": "黑点", "24年危害程度": "重", "面积": 0.0, "24年杨扇杨小发生": null, "23年杨扇杨小发生": null, "19年危害程度": "", "25年越冬基数调查": null, "2025年幼虫危害程度": "黑" }, "geometry": { "type": "Point", "coordinates": [ 12992371.927086194977164, 4824771.42664154432714, -0.000045849251137 ] } },
{ "type": "Feature", "properties": { "fid": 278, "编号": "YF0074", "乡镇": "于家务", "村": "于家务", "24越冬基数": null, "25点围环情况": "黑", "25年成虫危害程度": "黑点", "24年危害程度": "中", "面积": 0.0, "24年杨扇杨小发生": "无", "23年杨扇杨小发生": "无", "19年危害程度": "", "25年越冬基数调查": null, "2025年幼虫危害程度": "黑" }, "geometry": { "type": "Point", "coordinates": [ 12992651.438169285655022, 4825034.297375681810081, -0.000045849251137 ] } },
{ "type": "Feature", "properties": { "fid": 281, "编号": "YF0080", "乡镇": "于家务", "村": "东马各", "24越冬基数": null, "25点围环情况": null, "25年成虫危害程度": "无", "24年危害程度": "无", "面积": null, "24年杨扇杨小发生": "无", "23年杨扇杨小发生": "无", "19年危害程度": "无", "25年越冬基数调查": null, "2025年幼虫危害程度": "无" }, "geometry": { "type": "Point", "coordinates": [ 12989275.802426630631089, 4827010.078783600591123, -0.000045849251137 ] } },
{ "type": "Feature", "properties": { "fid": 282, "编号": "YF0083", "乡镇": "于家务", "村": "于家务", "24越冬基数": null, "25点围环情况": null, "25年成虫危害程度": "无", "24年危害程度": "无", "面积": null, "24年杨扇杨小发生": "无", "23年杨扇杨小发生": "无", "19年危害程度": "无", "25年越冬基数调查": null, "2025年幼虫危害程度": "无" }, "geometry": { "type": "Point", "coordinates": [ 12990971.094719858840108, 4826040.277076134458184, -0.000045849251137 ] } },
{ "type": "Feature", "properties": { "fid": 283, "编号": "YF0085", "乡镇": "于家务", "村": "于家务", "24越冬基数": null, "25点围环情况": null, "25年成虫危害程度": "无", "24年危害程度": "无", "面积": null, "24年杨扇杨小发生": "无", "23年杨扇杨小发生": "无", "19年危害程度": "无", "25年越冬基数调查": null, "2025年幼虫危害程度": "重" }, "geometry": { "type": "Point", "coordinates": [ 12992119.480519877746701, 4825784.339399630203843, -0.000045849251137 ] } },
{ "type": "Feature", "properties": { "fid": 284, "编号": "YF0089", "乡镇": "于家务", "村": "于家务", "24越冬基数": null, "25点围环情况": null, "25年成虫危害程度": "无", "24年危害程度": "无", "面积": null, "24年杨扇杨小发生": "无", "23年杨扇杨小发生": "无", "19年危害程度": "无", "25年越冬基数调查": null, "2025年幼虫危害程度": "轻" }, "geometry": { "type": "Point", "coordinates": [ 12990940.467879729345441, 4826969.200137656182051, -0.000045849251137 ] } },
{ "type": "Feature", "properties": { "fid": 285, "编号": "YF0101", "乡镇": "于家务", "村": "仇庄村", "24越冬基数": null, "25点围环情况": null, "25年成虫危害程度": "无", "24年危害程度": "无", "面积": null, "24年杨扇杨小发生": "无", "23年杨扇杨小发生": "无", "19年危害程度": "无", "25年越冬基数调查": null, "2025年幼虫危害程度": "无" }, "geometry": { "type": "Point", "coordinates": [ 12993293.213102905079722, 4815044.410676660947502, -0.000045849251137 ] } },
{ "type": "Feature", "properties": { "fid": 286, "编号": "YL0004", "乡镇": "永乐店镇", "村": "后营村", "24越冬基数": null, "25点围环情况": null, "25年成虫危害程度": "无", "24年危害程度": "无", "面积": null, "24年杨扇杨小发生": null, "23年杨扇杨小发生": null, "19年危害程度": "无", "25年越冬基数调查": null, "2025年幼虫危害程度": "无" }, "geometry": { "type": "Point", "coordinates": [ 13008045.344301586970687, 4820451.254457251168787, -0.000045849251137 ] } },
{ "type": "Feature", "properties": { "fid": 287, "编号": "YL0007", "乡镇": "永乐店镇", "村": "后营村", "24越冬基数": null, "25点围环情况": null, "25年成虫危害程度": "无", "24年危害程度": "无", "面积": null, "24年杨扇杨小发生": null, "23年杨扇杨小发生": null, "19年危害程度": "无", "25年越冬基数调查": null, "2025年幼虫危害程度": "无" }, "geometry": { "type": "Point", "coordinates": [ 13007434.632863575592637, 4820423.912250985391438, -0.000045849251137 ] } },
{ "type": "Feature", "properties": { "fid": 288, "编号": "YL0010", "乡镇": "永乐店镇", "村": "后营村", "24越冬基数": null, "25点围环情况": "轻度", "25年成虫危害程度": "无", "24年危害程度": "中", "面积": 30.0, "24年杨扇杨小发生": null, "23年杨扇杨小发生": null, "19年危害程度": "无", "25年越冬基数调查": null, "2025年幼虫危害程度": "无" }, "geometry": { "type": "Point", "coordinates": [ 13007237.437766820192337, 4820635.675254572182894, -0.000045849251137 ] } },
{ "type": "Feature", "properties": { "fid": 289, "编号": "YL0013", "乡镇": "永乐店镇", "村": "西槐庄", "24越冬基数": null, "25点围环情况": null, "25年成虫危害程度": "无", "24年危害程度": "无", "面积": null, "24年杨扇杨小发生": null, "23年杨扇杨小发生": null, "19年危害程度": "无", "25年越冬基数调查": null, "2025年幼虫危害程度": "无" }, "geometry": { "type": "Point", "coordinates": [ 13006882.827918024733663, 4822009.36942913196981, -0.000045849251137 ] } },
{ "type": "Feature", "properties": { "fid": 290, "编号": "YL0022", "乡镇": "永乐店镇", "村": "老槐庄", "24越冬基数": null, "25点围环情况": null, "25年成虫危害程度": "无", "24年危害程度": "无", "面积": null, "24年杨扇杨小发生": null, "23年杨扇杨小发生": null, "19年危害程度": "无", "25年越冬基数调查": null, "2025年幼虫危害程度": "无" }, "geometry": { "type": "Point", "coordinates": [ 13006083.990105638280511, 4822776.640474760904908, -0.000045849251137 ] } },
{ "type": "Feature", "properties": { "fid": 291, "编号": "YL0033", "乡镇": "永乐店镇", "村": "陈辛庄", "24越冬基数": null, "25点围环情况": "严重", "25年成虫危害程度": "重", "24年危害程度": "重", "面积": 35.3, "24年杨扇杨小发生": null, "23年杨扇杨小发生": null, "19年危害程度": "无", "25年越冬基数调查": null, "2025年幼虫危害程度": "重" }, "geometry": { "type": "Point", "coordinates": [ 13004426.00178380869329, 4824217.608346696943045, -0.000045849251137 ] } },
{ "type": "Feature", "properties": { "fid": 292, "编号": "YL0037", "乡镇": "永乐店镇", "村": "老槐庄", "24越冬基数": null, "25点围环情况": "轻度", "25年成虫危害程度": "轻", "24年危害程度": "中", "面积": 20.1, "24年杨扇杨小发生": null, "23年杨扇杨小发生": null, "19年危害程度": "无", "25年越冬基数调查": null, "2025年幼虫危害程度": "重" }, "geometry": { "type": "Point", "coordinates": [ 13004898.86358461715281, 4824130.368141125887632, -0.000045849251137 ] } },
{ "type": "Feature", "properties": { "fid": 293, "编号": "YL0042", "乡镇": "永乐店镇", "村": "陈辛庄", "24越冬基数": null, "25点围环情况": "轻度", "25年成虫危害程度": "无", "24年危害程度": "重", "面积": 40.1, "24年杨扇杨小发生": null, "23年杨扇杨小发生": null, "19年危害程度": "无", "25年越冬基数调查": null, "2025年幼虫危害程度": "无" }, "geometry": { "type": "Point", "coordinates": [ 13004499.891997735947371, 4824925.330561257898808, -0.000045849251137 ] } },
{ "type": "Feature", "properties": { "fid": 294, "编号": "YL0046", "乡镇": "永乐店镇", "村": "老槐庄", "24越冬基数": null, "25点围环情况": null, "25年成虫危害程度": "无", "24年危害程度": "无", "面积": null, "24年杨扇杨小发生": null, "23年杨扇杨小发生": null, "19年危害程度": "无", "25年越冬基数调查": null, "2025年幼虫危害程度": "无" }, "geometry": { "type": "Point", "coordinates": [ 13005080.467128649353981, 4823023.26320883538574, -0.000045849251137 ] } },
{ "type": "Feature", "properties": { "fid": 295, "编号": "YL0052", "乡镇": "永乐店镇", "村": "东张各", "24越冬基数": null, "25点围环情况": null, "25年成虫危害程度": "无", "24年危害程度": "无", "面积": null, "24年杨扇杨小发生": "无", "23年杨扇杨小发生": "轻", "19年危害程度": "无", "25年越冬基数调查": null, "2025年幼虫危害程度": "无" }, "geometry": { "type": "Point", "coordinates": [ 13001194.164574544876814, 4825165.914556736126542, -0.000045849251137 ] } },
{ "type": "Feature", "properties": { "fid": 296, "编号": "YL0055", "乡镇": "永乐店镇", "村": "新西庄", "24越冬基数": null, "25点围环情况": null, "25年成虫危害程度": "无", "24年危害程度": "无", "面积": null, "24年杨扇杨小发生": null, "23年杨扇杨小发生": null, "19年危害程度": "无", "25年越冬基数调查": null, "2025年幼虫危害程度": "无" }, "geometry": { "type": "Point", "coordinates": [ 12998408.290354346856475, 4824473.458018721081316, -0.000045849251137 ] } },
{ "type": "Feature", "properties": { "fid": 297, "编号": "YL0059", "乡镇": "永乐店镇", "村": "南堤寺", "24越冬基数": null, "25点围环情况": "轻度", "25年成虫危害程度": "重", "24年危害程度": "轻", "面积": 31.8, "24年杨扇杨小发生": null, "23年杨扇杨小发生": null, "19年危害程度": "无", "25年越冬基数调查": null, "2025年幼虫危害程度": "重" }, "geometry": { "type": "Point", "coordinates": [ 12996924.736511934548616, 4822942.692615631967783, -0.000045849251137 ] } },
{ "type": "Feature", "properties": { "fid": 298, "编号": "YL0064", "乡镇": "永乐店镇", "村": "南堤寺", "24越冬基数": null, "25点围环情况": null, "25年成虫危害程度": "无", "24年危害程度": "无", "面积": null, "24年杨扇杨小发生": "无", "23年杨扇杨小发生": "无", "19年危害程度": "", "25年越冬基数调查": null, "2025年幼虫危害程度": "无" }, "geometry": { "type": "Point", "coordinates": [ 12995675.464964270591736, 4822802.595504626631737, -0.000045849251137 ] } },
{ "type": "Feature", "properties": { "fid": 299, "编号": "YL0066", "乡镇": "永乐店镇", "村": "南堤寺", "24越冬基数": null, "25点围环情况": null, "25年成虫危害程度": "无", "24年危害程度": "无", "面积": null, "24年杨扇杨小发生": null, "23年杨扇杨小发生": null, "19年危害程度": "无", "25年越冬基数调查": null, "2025年幼虫危害程度": "无" }, "geometry": { "type": "Point", "coordinates": [ 12996563.73581363260746, 4821272.138885500840843, -0.000045849251137 ] } },
{ "type": "Feature", "properties": { "fid": 300, "编号": "YL0069", "乡镇": "永乐店镇", "村": "南堤寺", "24越冬基数": null, "25点围环情况": null, "25年成虫危害程度": "无", "24年危害程度": "无", "面积": null, "24年杨扇杨小发生": "无", "23年杨扇杨小发生": "无", "19年危害程度": "无", "25年越冬基数调查": null, "2025年幼虫危害程度": "无" }, "geometry": { "type": "Point", "coordinates": [ 12996552.155889036133885, 4820674.95187976770103, -0.000045849251137 ] } },
{ "type": "Feature", "properties": { "fid": 301, "编号": "YL0071", "乡镇": "永乐店镇", "村": "南堤寺", "24越冬基数": null, "25点围环情况": null, "25年成虫危害程度": "无", "24年危害程度": "无", "面积": null, "24年杨扇杨小发生": "无", "23年杨扇杨小发生": "无", "19年危害程度": "无", "25年越冬基数调查": null, "2025年幼虫危害程度": "无" }, "geometry": { "type": "Point", "coordinates": [ 12997291.263473398983479, 4819678.531345196068287, -0.000045849251137 ] } },
{ "type": "Feature", "properties": { "fid": 302, "编号": "YL0073", "乡镇": "永乐店镇", "村": "南堤寺", "24越冬基数": null, "25点围环情况": null, "25年成虫危害程度": "无", "24年危害程度": "无", "面积": 49.2, "24年杨扇杨小发生": null, "23年杨扇杨小发生": null, "19年危害程度": "轻", "25年越冬基数调查": null, "2025年幼虫危害程度": "无" }, "geometry": { "type": "Point", "coordinates": [ 12997930.181927701458335, 4819954.436240500770509, -0.000045849251137 ] } },
{ "type": "Feature", "properties": { "fid": 303, "编号": "YL0076", "乡镇": "永乐店镇", "村": "南堤寺", "24越冬基数": null, "25点围环情况": null, "25年成虫危害程度": "无", "24年危害程度": "无", "面积": 30.2, "24年杨扇杨小发生": null, "23年杨扇杨小发生": null, "19年危害程度": "轻", "25年越冬基数调查": null, "2025年幼虫危害程度": "无" }, "geometry": { "type": "Point", "coordinates": [ 12997488.102034481242299, 4820232.216358989477158, -0.000045849251137 ] } },
{ "type": "Feature", "properties": { "fid": 304, "编号": "YL0080", "乡镇": "永乐店镇", "村": "德仁务", "24越冬基数": null, "25点围环情况": null, "25年成虫危害程度": "无", "24年危害程度": "无", "面积": null, "24年杨扇杨小发生": null, "23年杨扇杨小发生": null, "19年危害程度": "无", "25年越冬基数调查": null, "2025年幼虫危害程度": "无" }, "geometry": { "type": "Point", "coordinates": [ 12999052.19742813333869, 4819970.337377663701773, -0.000045849251137 ] } },
{ "type": "Feature", "properties": { "fid": 305, "编号": "YL0086", "乡镇": "永乐店镇", "村": "德仁务", "24越冬基数": null, "25点围环情况": null, "25年成虫危害程度": "无", "24年危害程度": "无", "面积": null, "24年杨扇杨小发生": "无", "23年杨扇杨小发生": "无", "19年危害程度": "无", "25年越冬基数调查": null, "2025年幼虫危害程度": "无" }, "geometry": { "type": "Point", "coordinates": [ 12998412.812362212687731, 4818248.70700181927532, -0.000045849251137 ] } },
{ "type": "Feature", "properties": { "fid": 306, "编号": "YL0097", "乡镇": "永乐店镇", "村": "胡家村", "24越冬基数": null, "25点围环情况": null, "25年成虫危害程度": "无", "24年危害程度": "无", "面积": null, "24年杨扇杨小发生": null, "23年杨扇杨小发生": null, "19年危害程度": "无", "25年越冬基数调查": null, "2025年幼虫危害程度": "无" }, "geometry": { "type": "Point", "coordinates": [ 12995882.995293334126472, 4816229.299216075800359, -0.000045849251137 ] } },
{ "type": "Feature", "properties": { "fid": 307, "编号": "YL0104", "乡镇": "永乐店镇", "村": "胡家村", "24越冬基数": null, "25点围环情况": null, "25年成虫危害程度": "无", "24年危害程度": "无", "面积": null, "24年杨扇杨小发生": null, "23年杨扇杨小发生": null, "19年危害程度": "无", "25年越冬基数调查": null, "2025年幼虫危害程度": "轻" }, "geometry": { "type": "Point", "coordinates": [ 12996542.129431009292603, 4814376.343445383943617, -0.000045849251137 ] } },
{ "type": "Feature", "properties": { "fid": 308, "编号": "YL0108", "乡镇": "永乐店镇", "村": "应寺村", "24越冬基数": null, "25点围环情况": null, "25年成虫危害程度": "无", "24年危害程度": "无", "面积": null, "24年杨扇杨小发生": null, "23年杨扇杨小发生": null, "19年危害程度": "无", "25年越冬基数调查": null, "2025年幼虫危害程度": "无" }, "geometry": { "type": "Point", "coordinates": [ 12993775.511485749855638, 4813611.131707051768899, -0.000045849251137 ] } },
{ "type": "Feature", "properties": { "fid": 309, "编号": "YL0111", "乡镇": "永乐店镇", "村": "应寺村", "24越冬基数": null, "25点围环情况": null, "25年成虫危害程度": "无", "24年危害程度": "无", "面积": null, "24年杨扇杨小发生": null, "23年杨扇杨小发生": null, "19年危害程度": "无", "25年越冬基数调查": null, "2025年幼虫危害程度": "轻" }, "geometry": { "type": "Point", "coordinates": [ 12993071.393254334107041, 4812789.882182084955275, -0.000045849251137 ] } },
{ "type": "Feature", "properties": { "fid": 310, "编号": "YL0113", "乡镇": "永乐店镇", "村": "应寺村", "24越冬基数": null, "25点围环情况": null, "25年成虫危害程度": "无", "24年危害程度": "无", "面积": null, "24年杨扇杨小发生": null, "23年杨扇杨小发生": null, "19年危害程度": "无", "25年越冬基数调查": null, "2025年幼虫危害程度": "中" }, "geometry": { "type": "Point", "coordinates": [ 12992943.005796924233437, 4812550.206648194231093, -0.000045849251137 ] } },
{ "type": "Feature", "properties": { "fid": 311, "编号": "YL0115", "乡镇": "永乐店镇", "村": "临沟屯", "24越冬基数": null, "25点围环情况": "严重", "25年成虫危害程度": "无", "24年危害程度": "重", "面积": 151.2, "24年杨扇杨小发生": null, "23年杨扇杨小发生": null, "19年危害程度": "轻", "25年越冬基数调查": null, "2025年幼虫危害程度": "重" }, "geometry": { "type": "Point", "coordinates": [ 12993338.324613371863961, 4811135.668223548680544, -0.000045849251137 ] } },
{ "type": "Feature", "properties": { "fid": 312, "编号": "YL0117", "乡镇": "永乐店镇", "村": "临沟屯", "24越冬基数": null, "25点围环情况": null, "25年成虫危害程度": "重", "24年危害程度": "无", "面积": null, "24年杨扇杨小发生": null, "23年杨扇杨小发生": null, "19年危害程度": "无", "25年越冬基数调查": "1", "2025年幼虫危害程度": "重" }, "geometry": { "type": "Point", "coordinates": [ 12993152.939246010035276, 4811840.541688499972224, -0.000045849251137 ] } },
{ "type": "Feature", "properties": { "fid": 313, "编号": "YL0119", "乡镇": "永乐店镇", "村": "临沟屯", "24越冬基数": null, "25点围环情况": null, "25年成虫危害程度": "中", "24年危害程度": "无", "面积": 41.2, "24年杨扇杨小发生": null, "23年杨扇杨小发生": null, "19年危害程度": "轻", "25年越冬基数调查": null, "2025年幼虫危害程度": "重" }, "geometry": { "type": "Point", "coordinates": [ 12993605.946310007944703, 4811207.06490929517895, -0.000045849251137 ] } },
{ "type": "Feature", "properties": { "fid": 314, "编号": "YL0121", "乡镇": "永乐店镇", "村": "临沟屯", "24越冬基数": null, "25点围环情况": null, "25年成虫危害程度": "无", "24年危害程度": "无", "面积": null, "24年杨扇杨小发生": null, "23年杨扇杨小发生": null, "19年危害程度": "无", "25年越冬基数调查": null, "2025年幼虫危害程度": "中" }, "geometry": { "type": "Point", "coordinates": [ 12993811.946602640673518, 4811215.398653673008084, -0.000045849251137 ] } },
{ "type": "Feature", "properties": { "fid": 315, "编号": "YL0123", "乡镇": "永乐店镇", "村": "临沟屯", "24越冬基数": null, "25点围环情况": null, "25年成虫危害程度": "重", "24年危害程度": "无", "面积": null, "24年杨扇杨小发生": null, "23年杨扇杨小发生": null, "19年危害程度": "无", "25年越冬基数调查": null, "2025年幼虫危害程度": "重" }, "geometry": { "type": "Point", "coordinates": [ 12993926.066175684332848, 4811047.97501686308533, -0.000045849251137 ] } },
{ "type": "Feature", "properties": { "fid": 316, "编号": "YL0126", "乡镇": "永乐店镇", "村": "临沟屯", "24越冬基数": null, "25点围环情况": null, "25年成虫危害程度": "无", "24年危害程度": "无", "面积": null, "24年杨扇杨小发生": null, "23年杨扇杨小发生": null, "19年危害程度": "无", "25年越冬基数调查": null, "2025年幼虫危害程度": "中" }, "geometry": { "type": "Point", "coordinates": [ 12994749.910339687019587, 4810147.048558199778199, -0.000045849251137 ] } },
{ "type": "Feature", "properties": { "fid": 317, "编号": "YL0128", "乡镇": "永乐店镇", "村": "临沟屯", "24越冬基数": null, "25点围环情况": null, "25年成虫危害程度": "无", "24年危害程度": "无", "面积": 28.4, "24年杨扇杨小发生": null, "23年杨扇杨小发生": null, "19年危害程度": "轻", "25年越冬基数调查": null, "2025年幼虫危害程度": "重" }, "geometry": { "type": "Point", "coordinates": [ 12995554.322525290772319, 4810870.568883721716702, -0.000045849251137 ] } },
{ "type": "Feature", "properties": { "fid": 319, "编号": "YL0135", "乡镇": "永乐店镇", "村": "熬硝营", "24越冬基数": null, "25点围环情况": null, "25年成虫危害程度": "无", "24年危害程度": "无", "面积": null, "24年杨扇杨小发生": null, "23年杨扇杨小发生": null, "19年危害程度": "无", "25年越冬基数调查": null, "2025年幼虫危害程度": "无" }, "geometry": { "type": "Point", "coordinates": [ 12998271.729606002569199, 4809306.357681538909674, -0.000045849251137 ] } },
{ "type": "Feature", "properties": { "fid": 320, "编号": "YL0137", "乡镇": "永乐店镇", "村": "熬硝营", "24越冬基数": null, "25点围环情况": null, "25年成虫危害程度": "无", "24年危害程度": "无", "面积": null, "24年杨扇杨小发生": null, "23年杨扇杨小发生": null, "19年危害程度": "无", "25年越冬基数调查": null, "2025年幼虫危害程度": "无" }, "geometry": { "type": "Point", "coordinates": [ 12998281.731100499629974, 4809772.388448325917125, -0.000045849251137 ] } },
{ "type": "Feature", "properties": { "fid": 321, "编号": "YL0143", "乡镇": "永乐店镇", "村": "小甸屯", "24越冬基数": null, "25点围环情况": null, "25年成虫危害程度": "无", "24年危害程度": "无", "面积": null, "24年杨扇杨小发生": null, "23年杨扇杨小发生": null, "19年危害程度": "无", "25年越冬基数调查": null, "2025年幼虫危害程度": "无" }, "geometry": { "type": "Point", "coordinates": [ 12999943.850084137171507, 4808475.651583483442664, -0.000045849251137 ] } },
{ "type": "Feature", "properties": { "fid": 322, "编号": "YL0160", "乡镇": "永乐店镇", "村": "兴隆庄", "24越冬基数": null, "25点围环情况": "轻度", "25年成虫危害程度": "无", "24年危害程度": "轻", "面积": 20.8, "24年杨扇杨小发生": null, "23年杨扇杨小发生": null, "19年危害程度": "无", "25年越冬基数调查": null, "2025年幼虫危害程度": "中" }, "geometry": { "type": "Point", "coordinates": [ 13005339.461461706086993, 4811069.857148631475866, -0.000045849251137 ] } },
{ "type": "Feature", "properties": { "fid": 323, "编号": "YL0162", "乡镇": "永乐店镇", "村": "半截河", "24越冬基数": null, "25点围环情况": null, "25年成虫危害程度": "无", "24年危害程度": "无", "面积": null, "24年杨扇杨小发生": "无", "23年杨扇杨小发生": "无", "19年危害程度": "无", "25年越冬基数调查": null, "2025年幼虫危害程度": "轻" }, "geometry": { "type": "Point", "coordinates": [ 13004258.428480889648199, 4813012.879728296771646, -0.000045849251137 ] } },
{ "type": "Feature", "properties": { "fid": 324, "编号": "YL0164", "乡镇": "永乐店镇", "村": "半截河", "24越冬基数": null, "25点围环情况": null, "25年成虫危害程度": "无", "24年危害程度": "无", "面积": null, "24年杨扇杨小发生": null, "23年杨扇杨小发生": null, "19年危害程度": "无", "25年越冬基数调查": null, "2025年幼虫危害程度": "重" }, "geometry": { "type": "Point", "coordinates": [ 13004344.024245116859674, 4813546.171535532921553, -0.000045849251137 ] } },
{ "type": "Feature", "properties": { "fid": 325, "编号": "YL0166", "乡镇": "永乐店镇", "村": "半截河", "24越冬基数": null, "25点围环情况": null, "25年成虫危害程度": "无", "24年危害程度": "无", "面积": null, "24年杨扇杨小发生": null, "23年杨扇杨小发生": null, "19年危害程度": "无", "25年越冬基数调查": null, "2025年幼虫危害程度": "重" }, "geometry": { "type": "Point", "coordinates": [ 13004090.689656499773264, 4813587.331070357002318, -0.000045849251137 ] } },
{ "type": "Feature", "properties": { "fid": 326, "编号": "YL0168", "乡镇": "永乐店镇", "村": "半截河", "24越冬基数": null, "25点围环情况": null, "25年成虫危害程度": "无", "24年危害程度": "无", "面积": null, "24年杨扇杨小发生": null, "23年杨扇杨小发生": null, "19年危害程度": "无", "25年越冬基数调查": null, "2025年幼虫危害程度": "重" }, "geometry": { "type": "Point", "coordinates": [ 13003812.129072863608599, 4813515.086841639131308, -0.000045849251137 ] } },
{ "type": "Feature", "properties": { "fid": 328, "编号": "YL0183", "乡镇": "永乐店镇", "村": "孔庄村", "24越冬基数": null, "25点围环情况": null, "25年成虫危害程度": "无", "24年危害程度": "无", "面积": null, "24年杨扇杨小发生": null, "23年杨扇杨小发生": null, "19年危害程度": "无", "25年越冬基数调查": null, "2025年幼虫危害程度": "轻" }, "geometry": { "type": "Point", "coordinates": [ 13003522.328063108026981, 4822165.436320243403316, -0.000045849251137 ] } },
{ "type": "Feature", "properties": { "fid": 329, "编号": "YL0185", "乡镇": "永乐店镇", "村": "熬硝营", "24越冬基数": null, "25点围环情况": null, "25年成虫危害程度": "无", "24年危害程度": "无", "面积": null, "24年杨扇杨小发生": null, "23年杨扇杨小发生": null, "19年危害程度": "无", "25年越冬基数调查": null, "2025年幼虫危害程度": "无" }, "geometry": { "type": "Point", "coordinates": [ 12997626.324366396293044, 4810173.727755734696984, -0.000045849251137 ] } },
{ "type": "Feature", "properties": { "fid": 330, "编号": "YL0191", "乡镇": "永乐店镇", "村": "熬硝营", "24越冬基数": null, "25点围环情况": null, "25年成虫危害程度": "无", "24年危害程度": "无", "面积": 34.7, "24年杨扇杨小发生": null, "23年杨扇杨小发生": null, "19年危害程度": "轻", "25年越冬基数调查": null, "2025年幼虫危害程度": "无" }, "geometry": { "type": "Point", "coordinates": [ 12998664.471469296142459, 4810873.869291580282152, -0.000045849251137 ] } },
{ "type": "Feature", "properties": { "fid": 331, "编号": "YL0193", "乡镇": "永乐店镇", "村": "熬硝营", "24越冬基数": null, "25点围环情况": null, "25年成虫危害程度": "无", "24年危害程度": "无", "面积": null, "24年杨扇杨小发生": null, "23年杨扇杨小发生": null, "19年危害程度": "无", "25年越冬基数调查": null, "2025年幼虫危害程度": "无" }, "geometry": { "type": "Point", "coordinates": [ 12997718.361912893131375, 4809579.55300772562623, -0.000045849251137 ] } },
{ "type": "Feature", "properties": { "fid": 332, "编号": "YL0195", "乡镇": "永乐店镇", "村": "小甸屯", "24越冬基数": null, "25点围环情况": null, "25年成虫危害程度": "无", "24年危害程度": "无", "面积": null, "24年杨扇杨小发生": null, "23年杨扇杨小发生": null, "19年危害程度": "无", "25年越冬基数调查": null, "2025年幼虫危害程度": "中" }, "geometry": { "type": "Point", "coordinates": [ 12998716.153711516410112, 4808563.543866308405995, -0.000045849251137 ] } },
{ "type": "Feature", "properties": { "fid": 333, "编号": "YL0199", "乡镇": "永乐店镇", "村": "半截河", "24越冬基数": null, "25点围环情况": null, "25年成虫危害程度": "无", "24年危害程度": "无", "面积": null, "24年杨扇杨小发生": null, "23年杨扇杨小发生": null, "19年危害程度": "无", "25年越冬基数调查": null, "2025年幼虫危害程度": "无" }, "geometry": { "type": "Point", "coordinates": [ 13002564.317137114703655, 4813311.986203424632549, -0.000045849251137 ] } },
{ "type": "Feature", "properties": { "fid": 334, "编号": "YL0201", "乡镇": "永乐店镇", "村": "半截河", "24越冬基数": null, "25点围环情况": null, "25年成虫危害程度": "无", "24年危害程度": "无", "面积": null, "24年杨扇杨小发生": "无", "23年杨扇杨小发生": "无", "19年危害程度": "无", "25年越冬基数调查": null, "2025年幼虫危害程度": "无" }, "geometry": { "type": "Point", "coordinates": [ 13003736.955912867560983, 4813028.674681754782796, -0.000045849251137 ] } },
{ "type": "Feature", "properties": { "fid": 335, "编号": "YL0204", "乡镇": "永乐店镇", "村": "半截河", "24越冬基数": null, "25点围环情况": null, "25年成虫危害程度": "无", "24年危害程度": "无", "面积": null, "24年杨扇杨小发生": "无", "23年杨扇杨小发生": "无", "19年危害程度": "无", "25年越冬基数调查": null, "2025年幼虫危害程度": "无" }, "geometry": { "type": "Point", "coordinates": [ 13001584.813229322433472, 4815004.114135071635246, -0.000045849251137 ] } },
{ "type": "Feature", "properties": { "fid": 336, "编号": "YL0213", "乡镇": "永乐店镇", "村": "柴厂屯", "24越冬基数": null, "25点围环情况": null, "25年成虫危害程度": "无", "24年危害程度": "无", "面积": null, "24年杨扇杨小发生": null, "23年杨扇杨小发生": null, "19年危害程度": "无", "25年越冬基数调查": null, "2025年幼虫危害程度": "无" }, "geometry": { "type": "Point", "coordinates": [ 13000065.123010842129588, 4813634.057597979903221, -0.000045849251137 ] } },
{ "type": "Feature", "properties": { "fid": 337, "编号": "YL0220", "乡镇": "永乐店镇", "村": "柴厂屯", "24越冬基数": null, "25点围环情况": null, "25年成虫危害程度": "无", "24年危害程度": "无", "面积": null, "24年杨扇杨小发生": null, "23年杨扇杨小发生": null, "19年危害程度": "无", "25年越冬基数调查": null, "2025年幼虫危害程度": "无" }, "geometry": { "type": "Point", "coordinates": [ 12998750.555476302281022, 4814510.295440965332091, -0.000045849251137 ] } },
{ "type": "Feature", "properties": { "fid": 338, "编号": "YL0229", "乡镇": "永乐店镇", "村": "胡家村", "24越冬基数": null, "25点围环情况": null, "25年成虫危害程度": "无", "24年危害程度": "无", "面积": null, "24年杨扇杨小发生": null, "23年杨扇杨小发生": null, "19年危害程度": "无", "25年越冬基数调查": null, "2025年幼虫危害程度": "轻" }, "geometry": { "type": "Point", "coordinates": [ 12996933.546823343262076, 4814518.897550094872713, -0.000045849251137 ] } },
{ "type": "Feature", "properties": { "fid": 340, "编号": "YL0251", "乡镇": "永乐店镇", "村": "熬硝营", "24越冬基数": null, "25点围环情况": null, "25年成虫危害程度": "无", "24年危害程度": "无", "面积": null, "24年杨扇杨小发生": null, "23年杨扇杨小发生": null, "19年危害程度": "无", "25年越冬基数调查": null, "2025年幼虫危害程度": "无" }, "geometry": { "type": "Point", "coordinates": [ 12999376.053208192810416, 4811150.242481976747513, -0.000045849251137 ] } },
{ "type": "Feature", "properties": { "fid": 341, "编号": "YL0258", "乡镇": "永乐店镇", "村": "德仁务", "24越冬基数": null, "25点围环情况": null, "25年成虫危害程度": "无", "24年危害程度": "无", "面积": null, "24年杨扇杨小发生": "无", "23年杨扇杨小发生": "无", "19年危害程度": "无", "25年越冬基数调查": null, "2025年幼虫危害程度": "无" }, "geometry": { "type": "Point", "coordinates": [ 12999727.423870202153921, 4816468.037140548229218, -0.000045849251137 ] } },
{ "type": "Feature", "properties": { "fid": 342, "编号": "YL0261", "乡镇": "永乐店镇", "村": "德仁务", "24越冬基数": null, "25点围环情况": null, "25年成虫危害程度": "无", "24年危害程度": "无", "面积": null, "24年杨扇杨小发生": null, "23年杨扇杨小发生": null, "19年危害程度": "无", "25年越冬基数调查": null, "2025年幼虫危害程度": "无" }, "geometry": { "type": "Point", "coordinates": [ 13001032.502148907631636, 4815997.705677216872573, -0.000045849251137 ] } },
{ "type": "Feature", "properties": { "fid": 343, "编号": "YL0263", "乡镇": "永乐店镇", "村": "德仁务", "24越冬基数": null, "25点围环情况": null, "25年成虫危害程度": "无", "24年危害程度": "无", "面积": null, "24年杨扇杨小发生": null, "23年杨扇杨小发生": null, "19年危害程度": "无", "25年越冬基数调查": null, "2025年幼虫危害程度": "无" }, "geometry": { "type": "Point", "coordinates": [ 13000812.86963134072721, 4816607.419995944947004, -0.000045849251137 ] } },
{ "type": "Feature", "properties": { "fid": 344, "编号": "YL0272", "乡镇": "永乐店镇", "村": "德仁务", "24越冬基数": null, "25点围环情况": null, "25年成虫危害程度": "无", "24年危害程度": "无", "面积": null, "24年杨扇杨小发生": null, "23年杨扇杨小发生": null, "19年危害程度": "无", "25年越冬基数调查": null, "2025年幼虫危害程度": "无" }, "geometry": { "type": "Point", "coordinates": [ 13001521.685307724401355, 4817966.217751897871494, -0.000045849251137 ] } },
{ "type": "Feature", "properties": { "fid": 345, "编号": "YL0275", "乡镇": "永乐店镇", "村": "德仁务", "24越冬基数": null, "25点围环情况": null, "25年成虫危害程度": "无", "24年危害程度": "无", "面积": null, "24年杨扇杨小发生": null, "23年杨扇杨小发生": null, "19年危害程度": "无", "25年越冬基数调查": null, "2025年幼虫危害程度": "无" }, "geometry": { "type": "Point", "coordinates": [ 13000693.889714928343892, 4818201.331270248629153, -0.000045849251137 ] } },
{ "type": "Feature", "properties": { "fid": 346, "编号": "YL0280", "乡镇": "永乐店镇", "村": "德仁务", "24越冬基数": null, "25点围环情况": null, "25年成虫危害程度": "无", "24年危害程度": "无", "面积": null, "24年杨扇杨小发生": null, "23年杨扇杨小发生": null, "19年危害程度": "无", "25年越冬基数调查": null, "2025年幼虫危害程度": "无" }, "geometry": { "type": "Point", "coordinates": [ 13000837.412155648693442, 4820266.625777059234679, -0.000045849251137 ] } },
{ "type": "Feature", "properties": { "fid": 347, "编号": "YL0289", "乡镇": "永乐店镇", "村": "大羊村", "24越冬基数": null, "25点围环情况": null, "25年成虫危害程度": "无", "24年危害程度": "无", "面积": 36.9, "24年杨扇杨小发生": null, "23年杨扇杨小发生": null, "19年危害程度": "轻", "25年越冬基数调查": null, "2025年幼虫危害程度": "无" }, "geometry": { "type": "Point", "coordinates": [ 13002097.529752977192402, 4820946.678636049851775, -0.000045849251137 ] } },
{ "type": "Feature", "properties": { "fid": 348, "编号": "YL0291", "乡镇": "永乐店镇", "村": "小务村", "24越冬基数": null, "25点围环情况": null, "25年成虫危害程度": "无", "24年危害程度": "无", "面积": null, "24年杨扇杨小发生": null, "23年杨扇杨小发生": null, "19年危害程度": "无", "25年越冬基数调查": null, "2025年幼虫危害程度": "无" }, "geometry": { "type": "Point", "coordinates": [ 13004634.455838480964303, 4820155.925563604570925, -0.000045849251137 ] } },
{ "type": "Feature", "properties": { "fid": 349, "编号": "YL0300", "乡镇": "永乐店镇", "村": "老槐庄", "24越冬基数": null, "25点围环情况": null, "25年成虫危害程度": "无", "24年危害程度": "无", "面积": null, "24年杨扇杨小发生": null, "23年杨扇杨小发生": null, "19年危害程度": "无", "25年越冬基数调查": null, "2025年幼虫危害程度": "无" }, "geometry": { "type": "Point", "coordinates": [ 13004240.503068333491683, 4822758.835248185321689, -0.000045849251137 ] } },
{ "type": "Feature", "properties": { "fid": 350, "编号": "YL0303", "乡镇": "永乐店镇", "村": "德仁务", "24越冬基数": null, "25点围环情况": null, "25年成虫危害程度": "无", "24年危害程度": "无", "面积": null, "24年杨扇杨小发生": "无", "23年杨扇杨小发生": "无", "19年危害程度": "无", "25年越冬基数调查": null, "2025年幼虫危害程度": "无" }, "geometry": { "type": "Point", "coordinates": [ 12998713.824747744947672, 4817599.033523053862154, -0.000045849251137 ] } },
{ "type": "Feature", "properties": { "fid": 351, "编号": "YL0305", "乡镇": "永乐店镇", "村": "德仁务", "24越冬基数": null, "25点围环情况": null, "25年成虫危害程度": "无", "24年危害程度": "无", "面积": null, "24年杨扇杨小发生": "无", "23年杨扇杨小发生": "无", "19年危害程度": "无", "25年越冬基数调查": null, "2025年幼虫危害程度": "无" }, "geometry": { "type": "Point", "coordinates": [ 12999103.441453194245696, 4817087.085187902674079, -0.000045849251137 ] } },
{ "type": "Feature", "properties": { "fid": 352, "编号": "YL0309", "乡镇": "永乐店镇", "村": "临沟屯", "24越冬基数": null, "25点围环情况": "轻度", "25年成虫危害程度": "重", "24年危害程度": "轻", "面积": 87.3, "24年杨扇杨小发生": null, "23年杨扇杨小发生": null, "19年危害程度": "无", "25年越冬基数调查": "1", "2025年幼虫危害程度": "重" }, "geometry": { "type": "Point", "coordinates": [ 12993494.087035937234759, 4812015.576565668918192, -0.000045849251137 ] } },
{ "type": "Feature", "properties": { "fid": 353, "编号": "YL0311", "乡镇": "永乐店镇", "村": "临沟屯", "24越冬基数": null, "25点围环情况": "轻度", "25年成虫危害程度": "中", "24年危害程度": "轻", "面积": 0.0, "24年杨扇杨小发生": null, "23年杨扇杨小发生": null, "19年危害程度": "无", "25年越冬基数调查": null, "2025年幼虫危害程度": "重" }, "geometry": { "type": "Point", "coordinates": [ 12993956.297084970399737, 4811926.027263730764389, -0.000045849251137 ] } },
{ "type": "Feature", "properties": { "fid": 354, "编号": "YL0327", "乡镇": "永乐店镇", "村": "南堤寺", "24越冬基数": null, "25点围环情况": null, "25年成虫危害程度": "无", "24年危害程度": "无", "面积": null, "24年杨扇杨小发生": null, "23年杨扇杨小发生": null, "19年危害程度": "无", "25年越冬基数调查": null, "2025年幼虫危害程度": "无" }, "geometry": { "type": "Point", "coordinates": [ 12998675.52738574706018, 4820808.70484431553632, -0.000045849251137 ] } },
{ "type": "Feature", "properties": { "fid": 355, "编号": "YL0331", "乡镇": "永乐店镇", "村": "南堤寺", "24越冬基数": null, "25点围环情况": null, "25年成虫危害程度": "无", "24年危害程度": "无", "面积": null, "24年杨扇杨小发生": null, "23年杨扇杨小发生": null, "19年危害程度": "无", "25年越冬基数调查": null, "2025年幼虫危害程度": "无" }, "geometry": { "type": "Point", "coordinates": [ 12998513.917517749592662, 4821861.151205131784081, -0.000045849251137 ] } },
{ "type": "Feature", "properties": { "fid": 356, "编号": "YL0336", "乡镇": "永乐店镇", "村": "东张各", "24越冬基数": null, "25点围环情况": null, "25年成虫危害程度": "无", "24年危害程度": "无", "面积": null, "24年杨扇杨小发生": null, "23年杨扇杨小发生": null, "19年危害程度": "无", "25年越冬基数调查": null, "2025年幼虫危害程度": "无" }, "geometry": { "type": "Point", "coordinates": [ 13001316.558511422947049, 4824278.95015471149236, -0.000045849251137 ] } },
{ "type": "Feature", "properties": { "fid": 357, "编号": "YL0340", "乡镇": "永乐店镇", "村": "南堤寺", "24越冬基数": null, "25点围环情况": null, "25年成虫危害程度": "无", "24年危害程度": "无", "面积": null, "24年杨扇杨小发生": null, "23年杨扇杨小发生": null, "19年危害程度": "无", "25年越冬基数调查": null, "2025年幼虫危害程度": "无" }, "geometry": { "type": "Point", "coordinates": [ 12997874.310793017968535, 4821675.733600718900561, -0.000045849251137 ] } },
{ "type": "Feature", "properties": { "fid": 358, "编号": "YL0343", "乡镇": "永乐店镇", "村": "胡家村", "24越冬基数": null, "25点围环情况": null, "25年成虫危害程度": "无", "24年危害程度": "无", "面积": null, "24年杨扇杨小发生": null, "23年杨扇杨小发生": null, "19年危害程度": "无", "25年越冬基数调查": null, "2025年幼虫危害程度": "重" }, "geometry": { "type": "Point", "coordinates": [ 12997012.766455441713333, 4816091.646469381637871, -0.000045849251137 ] } },
{ "type": "Feature", "properties": { "fid": 359, "编号": "YL0349", "乡镇": "永乐店镇", "村": "半截河", "24越冬基数": null, "25点围环情况": null, "25年成虫危害程度": "无", "24年危害程度": "无", "面积": null, "24年杨扇杨小发生": "无", "23年杨扇杨小发生": "无", "19年危害程度": "无", "25年越冬基数调查": null, "2025年幼虫危害程度": "无" }, "geometry": { "type": "Point", "coordinates": [ 13003508.749156534671783, 4813724.869944944046438, -0.000045849251137 ] } },
{ "type": "Feature", "properties": { "fid": 360, "编号": "YL0350", "乡镇": "永乐店镇", "村": "半截河", "24越冬基数": null, "25点围环情况": null, "25年成虫危害程度": "无", "24年危害程度": "无", "面积": null, "24年杨扇杨小发生": "无", "23年杨扇杨小发生": "无", "19年危害程度": "无", "25年越冬基数调查": null, "2025年幼虫危害程度": "轻" }, "geometry": { "type": "Point", "coordinates": [ 13003066.829143548384309, 4814129.252571637742221, -0.000045849251137 ] } },
{ "type": "Feature", "properties": { "fid": 361, "编号": "YL0351", "乡镇": "永乐店镇", "村": "半截河", "24越冬基数": null, "25点围环情况": null, "25年成虫危害程度": "无", "24年危害程度": "无", "面积": null, "24年杨扇杨小发生": null, "23年杨扇杨小发生": null, "19年危害程度": "无", "25年越冬基数调查": null, "2025年幼虫危害程度": "无" }, "geometry": { "type": "Point", "coordinates": [ 13003284.85409908182919, 4814656.103040448389947, -0.000045849251137 ] } },
{ "type": "Feature", "properties": { "fid": 362, "编号": "YL0356", "乡镇": "永乐店镇", "村": "大务村", "24越冬基数": null, "25点围环情况": null, "25年成虫危害程度": "无", "24年危害程度": "无", "面积": null, "24年杨扇杨小发生": null, "23年杨扇杨小发生": null, "19年危害程度": "无", "25年越冬基数调查": null, "2025年幼虫危害程度": "无" }, "geometry": { "type": "Point", "coordinates": [ 13006189.004004444926977, 4816321.30941239465028, -0.000045849251137 ] } },
{ "type": "Feature", "properties": { "fid": 363, "编号": "YL0363", "乡镇": "永乐店镇", "村": "德仁务", "24越冬基数": null, "25点围环情况": null, "25年成虫危害程度": "无", "24年危害程度": "无", "面积": null, "24年杨扇杨小发生": null, "23年杨扇杨小发生": null, "19年危害程度": "无", "25年越冬基数调查": null, "2025年幼虫危害程度": "无" }, "geometry": { "type": "Point", "coordinates": [ 12999843.116496058180928, 4820016.925253069028258, -0.000045849251137 ] } },
{ "type": "Feature", "properties": { "fid": 364, "编号": "YL0400", "乡镇": "永乐店镇", "村": "陈辛庄", "24越冬基数": null, "25点围环情况": "轻度", "25年成虫危害程度": "无", "24年危害程度": "轻", "面积": 20.3, "24年杨扇杨小发生": null, "23年杨扇杨小发生": null, "19年危害程度": "无", "25年越冬基数调查": null, "2025年幼虫危害程度": "无" }, "geometry": { "type": "Point", "coordinates": [ 13004674.533294454216957, 4824582.969115149229765, -0.000045849251137 ] } },
{ "type": "Feature", "properties": { "fid": 366, "编号": "YL0406", "乡镇": "永乐店镇", "村": "德仁务", "24越冬基数": null, "25点围环情况": null, "25年成虫危害程度": "无", "24年危害程度": "无", "面积": null, "24年杨扇杨小发生": "无", "23年杨扇杨小发生": "无", "19年危害程度": "无", "25年越冬基数调查": null, "2025年幼虫危害程度": "无" }, "geometry": { "type": "Point", "coordinates": [ 13000100.78220683708787, 4816728.259756640531123, -0.000045849251137 ] } },
{ "type": "Feature", "properties": { "fid": 367, "编号": "YL0407", "乡镇": "永乐店镇", "村": "半截河", "24越冬基数": null, "25点围环情况": null, "25年成虫危害程度": "无", "24年危害程度": "无", "面积": null, "24年杨扇杨小发生": "无", "23年杨扇杨小发生": "无", "19年危害程度": "无", "25年越冬基数调查": null, "2025年幼虫危害程度": "无" }, "geometry": { "type": "Point", "coordinates": [ 13001941.865337351337075, 4814375.338109945878386, -0.000045849251137 ] } },
{ "type": "Feature", "properties": { "fid": 368, "编号": "YL0409", "乡镇": "永乐店镇", "村": "德仁务", "24越冬基数": null, "25点围环情况": null, "25年成虫危害程度": "无", "24年危害程度": "无", "面积": null, "24年杨扇杨小发生": "无", "23年杨扇杨小发生": "无", "19年危害程度": "无", "25年越冬基数调查": null, "2025年幼虫危害程度": "无" }, "geometry": { "type": "Point", "coordinates": [ 12999823.196538941934705, 4816535.970541683956981, -0.000045849251137 ] } },
{ "type": "Feature", "properties": { "fid": 369, "编号": "YS0002", "乡镇": "永顺镇", "村": "小圣庙", "24越冬基数": null, "25点围环情况": null, "25年成虫危害程度": "无", "24年危害程度": "无", "面积": null, "24年杨扇杨小发生": null, "23年杨扇杨小发生": null, "19年危害程度": "", "25年越冬基数调查": null, "2025年幼虫危害程度": "无" }, "geometry": { "type": "Point", "coordinates": [ 12991595.708709940314293, 4849101.299204241484404, -0.000045849251137 ] } },
{ "type": "Feature", "properties": { "fid": 370, "编号": "YS0023", "乡镇": "永顺镇", "村": "王家场", "24越冬基数": null, "25点围环情况": null, "25年成虫危害程度": "无", "24年危害程度": "无", "面积": null, "24年杨扇杨小发生": null, "23年杨扇杨小发生": null, "19年危害程度": "无", "25年越冬基数调查": null, "2025年幼虫危害程度": "无" }, "geometry": { "type": "Point", "coordinates": [ 12988119.171150552108884, 4853511.363092766143382, -0.000045849251137 ] } },
{ "type": "Feature", "properties": { "fid": 371, "编号": "YS0032", "乡镇": "永顺镇", "村": "刘庄村", "24越冬基数": null, "25点围环情况": null, "25年成虫危害程度": "无", "24年危害程度": "无", "面积": null, "24年杨扇杨小发生": null, "23年杨扇杨小发生": null, "19年危害程度": "无", "25年越冬基数调查": null, "2025年幼虫危害程度": "轻" }, "geometry": { "type": "Point", "coordinates": [ 12987432.226558670401573, 4858822.068004671484232, -0.000045849251137 ] } },
{ "type": "Feature", "properties": { "fid": 372, "编号": "YS0034", "乡镇": "永顺镇", "村": "刘庄村", "24越冬基数": null, "25点围环情况": null, "25年成虫危害程度": "无", "24年危害程度": "无", "面积": null, "24年杨扇杨小发生": null, "23年杨扇杨小发生": null, "19年危害程度": "无", "25年越冬基数调查": null, "2025年幼虫危害程度": "无" }, "geometry": { "type": "Point", "coordinates": [ 12987106.879063863307238, 4858872.001007312908769, -0.000045849251137 ] } },
{ "type": "Feature", "properties": { "fid": 373, "编号": "YS0038", "乡镇": "永顺镇", "村": "焦王庄", "24越冬基数": null, "25点围环情况": null, "25年成虫危害程度": "无", "24年危害程度": "无", "面积": null, "24年杨扇杨小发生": null, "23年杨扇杨小发生": null, "19年危害程度": "无", "25年越冬基数调查": null, "2025年幼虫危害程度": "无" }, "geometry": { "type": "Point", "coordinates": [ 12986741.503457251936197, 4857974.535277090035379, -0.000045849251137 ] } },
{ "type": "Feature", "properties": { "fid": 374, "编号": "YS0040", "乡镇": "永顺镇", "村": "北马庄", "24越冬基数": null, "25点围环情况": null, "25年成虫危害程度": "无", "24年危害程度": "无", "面积": null, "24年杨扇杨小发生": "无", "23年杨扇杨小发生": "无", "19年危害程度": "无", "25年越冬基数调查": null, "2025年幼虫危害程度": "无" }, "geometry": { "type": "Point", "coordinates": [ 12984414.682326644659042, 4857590.528181070461869, -0.000045849251137 ] } },
{ "type": "Feature", "properties": { "fid": 375, "编号": "YS0042", "乡镇": "永顺镇", "村": "新建村", "24越冬基数": null, "25点围环情况": null, "25年成虫危害程度": "无", "24年危害程度": "无", "面积": null, "24年杨扇杨小发生": "无", "23年杨扇杨小发生": "无", "19年危害程度": "无", "25年越冬基数调查": null, "2025年幼虫危害程度": "无" }, "geometry": { "type": "Point", "coordinates": [ 12983864.359302995726466, 4857464.953642497770488, -0.000045849251137 ] } },
{ "type": "Feature", "properties": { "fid": 376, "编号": "YS0046", "乡镇": "永顺镇", "村": "西马庄", "24越冬基数": null, "25点围环情况": null, "25年成虫危害程度": "无", "24年危害程度": "无", "面积": null, "24年杨扇杨小发生": null, "23年杨扇杨小发生": null, "19年危害程度": "", "25年越冬基数调查": null, "2025年幼虫危害程度": "无" }, "geometry": { "type": "Point", "coordinates": [ 12981771.904404610395432, 4853999.661461836658418, -0.000045849251137 ] } },
{ "type": "Feature", "properties": { "fid": 377, "编号": "YS0051", "乡镇": "永顺镇", "村": "新建村", "24越冬基数": null, "25点围环情况": null, "25年成虫危害程度": "无", "24年危害程度": "无", "面积": null, "24年杨扇杨小发生": "无", "23年杨扇杨小发生": "无", "19年危害程度": "无", "25年越冬基数调查": null, "2025年幼虫危害程度": "无" }, "geometry": { "type": "Point", "coordinates": [ 12984851.245204284787178, 4855839.093130890280008, -0.000045849251137 ] } },
{ "type": "Feature", "properties": { "fid": 379, "编号": "ZW0026", "乡镇": "张家湾镇", "村": "张湾村", "24越冬基数": null, "25点围环情况": null, "25年成虫危害程度": "无", "24年危害程度": "无", "面积": null, "24年杨扇杨小发生": "无", "23年杨扇杨小发生": "无", "19年危害程度": "无", "25年越冬基数调查": null, "2025年幼虫危害程度": "无" }, "geometry": { "type": "Point", "coordinates": [ 12990020.746471857652068, 4845280.631164880469441, -0.000045849251137 ] } },
{ "type": "Feature", "properties": { "fid": 380, "编号": "ZW0028", "乡镇": "张家湾镇", "村": "张湾村", "24越冬基数": null, "25点围环情况": null, "25年成虫危害程度": "无", "24年危害程度": "无", "面积": null, "24年杨扇杨小发生": "无", "23年杨扇杨小发生": "无", "19年危害程度": "无", "25年越冬基数调查": null, "2025年幼虫危害程度": "无" }, "geometry": { "type": "Point", "coordinates": [ 12990155.707678755745292, 4845146.313190571032465, -0.000045849251137 ] } },
{ "type": "Feature", "properties": { "fid": 381, "编号": "ZW0030", "乡镇": "张家湾镇", "村": "张湾村", "24越冬基数": null, "25点围环情况": null, "25年成虫危害程度": "无", "24年危害程度": "无", "面积": null, "24年杨扇杨小发生": "无", "23年杨扇杨小发生": "无", "19年危害程度": "无", "25年越冬基数调查": null, "2025年幼虫危害程度": "无" }, "geometry": { "type": "Point", "coordinates": [ 12989280.644025007262826, 4843844.341560483910143, -0.000045849251137 ] } },
{ "type": "Feature", "properties": { "fid": 382, "编号": "ZW0039", "乡镇": "张家湾镇", "村": "施园村", "24越冬基数": null, "25点围环情况": null, "25年成虫危害程度": "无", "24年危害程度": "无", "面积": null, "24年杨扇杨小发生": "无", "23年杨扇杨小发生": "无", "19年危害程度": "无", "25年越冬基数调查": null, "2025年幼虫危害程度": "无" }, "geometry": { "type": "Point", "coordinates": [ 12989361.101867627352476, 4842245.934642536565661, -0.000045849251137 ] } },
{ "type": "Feature", "properties": { "fid": 383, "编号": "ZW0043", "乡镇": "张家湾镇", "村": "张湾镇", "24越冬基数": null, "25点围环情况": null, "25年成虫危害程度": "无", "24年危害程度": "无", "面积": null, "24年杨扇杨小发生": "无", "23年杨扇杨小发生": "无", "19年危害程度": "无", "25年越冬基数调查": null, "2025年幼虫危害程度": "轻" }, "geometry": { "type": "Point", "coordinates": [ 12989997.182061092928052, 4842015.805118562653661, -0.000045849251137 ] } },
{ "type": "Feature", "properties": { "fid": 384, "编号": "ZW0048", "乡镇": "张家湾镇", "村": "苍头村", "24越冬基数": null, "25点围环情况": null, "25年成虫危害程度": "无", "24年危害程度": "无", "面积": null, "24年杨扇杨小发生": "无", "23年杨扇杨小发生": "无", "19年危害程度": "无", "25年越冬基数调查": null, "2025年幼虫危害程度": "无" }, "geometry": { "type": "Point", "coordinates": [ 12987318.33419032022357, 4837660.562815610319376, -0.000045849251137 ] } },
{ "type": "Feature", "properties": { "fid": 385, "编号": "ZW0053", "乡镇": "张家湾镇", "村": "高营村", "24越冬基数": null, "25点围环情况": "轻度", "25年成虫危害程度": "无", "24年危害程度": "轻", "面积": 30.5, "24年杨扇杨小发生": "无", "23年杨扇杨小发生": "无", "19年危害程度": "无", "25年越冬基数调查": null, "2025年幼虫危害程度": "中" }, "geometry": { "type": "Point", "coordinates": [ 12984097.394597042351961, 4833277.789608120918274, -0.000045849251137 ] } },
{ "type": "Feature", "properties": { "fid": 386, "编号": "ZW0055", "乡镇": "张家湾镇", "村": "高营村", "24越冬基数": null, "25点围环情况": "轻度", "25年成虫危害程度": "无", "24年危害程度": "中", "面积": 21.0, "24年杨扇杨小发生": "无", "23年杨扇杨小发生": "", "19年危害程度": "无", "25年越冬基数调查": null, "2025年幼虫危害程度": "中" }, "geometry": { "type": "Point", "coordinates": [ 12984387.161714242771268, 4832936.498678477481008, -0.000045849251137 ] } },
{ "type": "Feature", "properties": { "fid": 387, "编号": "ZW0057", "乡镇": "张家湾镇", "村": "高营村", "24越冬基数": null, "25点围环情况": "轻度", "25年成虫危害程度": "无", "24年危害程度": "轻", "面积": 59.8, "24年杨扇杨小发生": "无", "23年杨扇杨小发生": "无", "19年危害程度": "无", "25年越冬基数调查": null, "2025年幼虫危害程度": "无" }, "geometry": { "type": "Point", "coordinates": [ 12985046.870843855664134, 4832351.164328373037279, -0.000045849251137 ] } },
{ "type": "Feature", "properties": { "fid": 388, "编号": "ZW0059", "乡镇": "张家湾镇", "村": "坨堤村", "24越冬基数": null, "25点围环情况": "轻度", "25年成虫危害程度": "无", "24年危害程度": "中", "面积": 22.0, "24年杨扇杨小发生": "无", "23年杨扇杨小发生": "无", "19年危害程度": "轻", "25年越冬基数调查": null, "2025年幼虫危害程度": "轻" }, "geometry": { "type": "Point", "coordinates": [ 12985813.258656363934278, 4831650.018744493834674, -0.000045849251137 ] } },
{ "type": "Feature", "properties": { "fid": 389, "编号": "ZW0072", "乡镇": "张家湾镇", "村": "东永和", "24越冬基数": null, "25点围环情况": null, "25年成虫危害程度": "无", "24年危害程度": "无", "面积": null, "24年杨扇杨小发生": "无", "23年杨扇杨小发生": "无", "19年危害程度": "无", "25年越冬基数调查": null, "2025年幼虫危害程度": "无" }, "geometry": { "type": "Point", "coordinates": [ 12993734.12677076458931, 4834125.019364967942238, -0.000045849251137 ] } },
{ "type": "Feature", "properties": { "fid": 390, "编号": "ZW0079", "乡镇": "张家湾镇", "村": "枣林庄", "24越冬基数": null, "25点围环情况": null, "25年成虫危害程度": "无", "24年危害程度": "无", "面积": null, "24年杨扇杨小发生": "无", "23年杨扇杨小发生": "", "19年危害程度": "无", "25年越冬基数调查": null, "2025年幼虫危害程度": "轻" }, "geometry": { "type": "Point", "coordinates": [ 12995928.382242888212204, 4838165.008280612528324, -0.000045849251137 ] } },
{ "type": "Feature", "properties": { "fid": 391, "编号": "ZW0081", "乡镇": "张家湾镇", "村": "姚辛庄", "24越冬基数": null, "25点围环情况": null, "25年成虫危害程度": "无", "24年危害程度": "无", "面积": null, "24年杨扇杨小发生": "无", "23年杨扇杨小发生": "无", "19年危害程度": "无", "25年越冬基数调查": null, "2025年幼虫危害程度": "无" }, "geometry": { "type": "Point", "coordinates": [ 12997702.149523938074708, 4839445.931385143660009, -0.000045849251137 ] } },
{ "type": "Feature", "properties": { "fid": 392, "编号": "ZW0083", "乡镇": "张家湾镇", "村": "姚辛庄", "24越冬基数": null, "25点围环情况": "黑", "25年成虫危害程度": "黑点", "24年危害程度": "无", "面积": null, "24年杨扇杨小发生": "无", "23年杨扇杨小发生": "无", "19年危害程度": "无", "25年越冬基数调查": null, "2025年幼虫危害程度": "无" }, "geometry": { "type": "Point", "coordinates": [ 12998717.377016546204686, 4840174.013808756135404, -0.000045849251137 ] } },
{ "type": "Feature", "properties": { "fid": 393, "编号": "ZW0085", "乡镇": "张家湾镇", "村": "里二泗", "24越冬基数": null, "25点围环情况": null, "25年成虫危害程度": "无", "24年危害程度": "无", "面积": null, "24年杨扇杨小发生": "无", "23年杨扇杨小发生": "无", "19年危害程度": "无", "25年越冬基数调查": null, "2025年幼虫危害程度": "无" }, "geometry": { "type": "Point", "coordinates": [ 12999010.747050127014518, 4841421.024687136523426, -0.000045849251137 ] } },
{ "type": "Feature", "properties": { "fid": 394, "编号": "ZW0091", "乡镇": "张家湾镇", "村": "梁各庄", "24越冬基数": null, "25点围环情况": null, "25年成虫危害程度": "无", "24年危害程度": "无", "面积": null, "24年杨扇杨小发生": "无", "23年杨扇杨小发生": "无", "19年危害程度": "无", "25年越冬基数调查": null, "2025年幼虫危害程度": "轻" }, "geometry": { "type": "Point", "coordinates": [ 12996455.135031813755631, 4844510.340757904574275, -0.000045849251137 ] } },
{ "type": "Feature", "properties": { "fid": 395, "编号": "ZW0093", "乡镇": "张家湾镇", "村": "梁各庄", "24越冬基数": null, "25点围环情况": null, "25年成虫危害程度": "无", "24年危害程度": "无", "面积": null, "24年杨扇杨小发生": "无", "23年杨扇杨小发生": "无", "19年危害程度": "无", "25年越冬基数调查": null, "2025年幼虫危害程度": "无" }, "geometry": { "type": "Point", "coordinates": [ 12996244.859293377026916, 4844524.077980943024158, -0.000045849251137 ] } },
{ "type": "Feature", "properties": { "fid": 396, "编号": "ZW0095", "乡镇": "张家湾镇", "村": "梁各庄", "24越冬基数": null, "25点围环情况": null, "25年成虫危害程度": "无", "24年危害程度": "无", "面积": null, "24年杨扇杨小发生": null, "23年杨扇杨小发生": null, "19年危害程度": "无", "25年越冬基数调查": null, "2025年幼虫危害程度": "无" }, "geometry": { "type": "Point", "coordinates": [ 12995869.571638086810708, 4845341.21539596375078, -0.000045849251137 ] } },
{ "type": "Feature", "properties": { "fid": 397, "编号": "ZW0097", "乡镇": "张家湾镇", "村": "梁各庄", "24越冬基数": null, "25点围环情况": null, "25年成虫危害程度": "无", "24年危害程度": "无", "面积": null, "24年杨扇杨小发生": null, "23年杨扇杨小发生": null, "19年危害程度": "无", "25年越冬基数调查": null, "2025年幼虫危害程度": "无" }, "geometry": { "type": "Point", "coordinates": [ 12995974.136112788692117, 4845749.618127920664847, -0.000045849251137 ] } },
{ "type": "Feature", "properties": { "fid": 398, "编号": "ZW0101", "乡镇": "张家湾镇", "村": "张辛庄", "24越冬基数": null, "25点围环情况": "严重", "25年成虫危害程度": "无", "24年危害程度": "中", "面积": 64.5, "24年杨扇杨小发生": null, "23年杨扇杨小发生": null, "19年危害程度": "无", "25年越冬基数调查": null, "2025年幼虫危害程度": "无" }, "geometry": { "type": "Point", "coordinates": [ 12995170.081007296219468, 4846546.833778389729559, -0.000045849251137 ] } },
{ "type": "Feature", "properties": { "fid": 399, "编号": "ZW0112", "乡镇": "张家湾镇", "村": "瓜厂村", "24越冬基数": null, "25点围环情况": null, "25年成虫危害程度": "无", "24年危害程度": "无", "面积": null, "24年杨扇杨小发生": null, "23年杨扇杨小发生": null, "19年危害程度": "无", "25年越冬基数调查": null, "2025年幼虫危害程度": "无" }, "geometry": { "type": "Point", "coordinates": [ 12991485.538707714527845, 4841829.073398533277214, -0.000045849251137 ] } },
{ "type": "Feature", "properties": { "fid": 400, "编号": "ZW0120", "乡镇": "张家湾镇", "村": "垡头村", "24越冬基数": null, "25点围环情况": null, "25年成虫危害程度": "无", "24年危害程度": "无", "面积": 43.4, "24年杨扇杨小发生": "无", "23年杨扇杨小发生": "无", "19年危害程度": "重", "25年越冬基数调查": null, "2025年幼虫危害程度": "无" }, "geometry": { "type": "Point", "coordinates": [ 12992746.593856221064925, 4835525.205854040570557, -0.000045849251137 ] } },
{ "type": "Feature", "properties": { "fid": 401, "编号": "ZW0122", "乡镇": "张家湾镇", "村": "垡头村", "24越冬基数": null, "25点围环情况": null, "25年成虫危害程度": "无", "24年危害程度": "无", "面积": null, "24年杨扇杨小发生": null, "23年杨扇杨小发生": null, "19年危害程度": "无", "25年越冬基数调查": null, "2025年幼虫危害程度": "轻" }, "geometry": { "type": "Point", "coordinates": [ 12992795.610286889597774, 4834971.346848217770457, -0.000045849251137 ] } },
{ "type": "Feature", "properties": { "fid": 402, "编号": "ZW0125", "乡镇": "张家湾镇", "村": "东永和", "24越冬基数": null, "25点围环情况": null, "25年成虫危害程度": "无", "24年危害程度": "无", "面积": null, "24年杨扇杨小发生": "无", "23年杨扇杨小发生": "", "19年危害程度": "无", "25年越冬基数调查": null, "2025年幼虫危害程度": "轻" }, "geometry": { "type": "Point", "coordinates": [ 12993539.7482601236552, 4833485.81748738233, -0.000045849251137 ] } },
{ "type": "Feature", "properties": { "fid": 403, "编号": "ZW0127", "乡镇": "张家湾镇", "村": "小北关", "24越冬基数": null, "25点围环情况": null, "25年成虫危害程度": "无", "24年危害程度": "无", "面积": null, "24年杨扇杨小发生": "无", "23年杨扇杨小发生": "无", "19年危害程度": "无", "25年越冬基数调查": null, "2025年幼虫危害程度": "无" }, "geometry": { "type": "Point", "coordinates": [ 12992257.678720433264971, 4833445.384206867776811, -0.000045849251137 ] } },
{ "type": "Feature", "properties": { "fid": 404, "编号": "ZW0131", "乡镇": "张家湾镇", "村": "大北关", "24越冬基数": null, "25点围环情况": null, "25年成虫危害程度": "无", "24年危害程度": "无", "面积": null, "24年杨扇杨小发生": "无", "23年杨扇杨小发生": "无", "19年危害程度": "无", "25年越冬基数调查": null, "2025年幼虫危害程度": "无" }, "geometry": { "type": "Point", "coordinates": [ 12991478.334278654307127, 4834135.315683234483004, -0.000045849251137 ] } },
{ "type": "Feature", "properties": { "fid": 405, "编号": "ZW0134", "乡镇": "张家湾镇", "村": "南大化", "24越冬基数": null, "25点围环情况": null, "25年成虫危害程度": "无", "24年危害程度": "无", "面积": null, "24年杨扇杨小发生": null, "23年杨扇杨小发生": null, "19年危害程度": "无", "25年越冬基数调查": null, "2025年幼虫危害程度": "无" }, "geometry": { "type": "Point", "coordinates": [ 12988638.130235372111201, 4834098.492152612656355, -0.000045849251137 ] } },
{ "type": "Feature", "properties": { "fid": 406, "编号": "ZW0136", "乡镇": "张家湾镇", "村": "姚辛庄", "24越冬基数": null, "25点围环情况": null, "25年成虫危害程度": "无", "24年危害程度": "无", "面积": null, "24年杨扇杨小发生": "无", "23年杨扇杨小发生": "无", "19年危害程度": "无", "25年越冬基数调查": null, "2025年幼虫危害程度": "无" }, "geometry": { "type": "Point", "coordinates": [ 12997666.85782871581614, 4839944.403321352787316, -0.000045849251137 ] } },
{ "type": "Feature", "properties": { "fid": 407, "编号": "ZW0138", "乡镇": "张家湾镇", "村": "大辛庄", "24越冬基数": null, "25点围环情况": null, "25年成虫危害程度": "无", "24年危害程度": "无", "面积": null, "24年杨扇杨小发生": "无", "23年杨扇杨小发生": "无", "19年危害程度": "无", "25年越冬基数调查": null, "2025年幼虫危害程度": "无" }, "geometry": { "type": "Point", "coordinates": [ 12995003.966271912679076, 4840496.02693999838084, -0.000045849251137 ] } },
{ "type": "Feature", "properties": { "fid": 408, "编号": "ZW0143", "乡镇": "张家湾镇", "村": "何各庄", "24越冬基数": null, "25点围环情况": null, "25年成虫危害程度": "无", "24年危害程度": "无", "面积": null, "24年杨扇杨小发生": "无", "23年杨扇杨小发生": "无", "19年危害程度": "无", "25年越冬基数调查": null, "2025年幼虫危害程度": "无" }, "geometry": { "type": "Point", "coordinates": [ 12994686.956418002024293, 4840790.913828119635582, 32.26925415074902 ] } },
{ "type": "Feature", "properties": { "fid": 409, "编号": "ZW0141", "乡镇": "张家湾镇", "村": "大辛庄", "24越冬基数": null, "25点围环情况": null, "25年成虫危害程度": "无", "24年危害程度": "无", "面积": null, "24年杨扇杨小发生": "无", "23年杨扇杨小发生": "无", "19年危害程度": "无", "25年越冬基数调查": null, "2025年幼虫危害程度": "无" }, "geometry": { "type": "Point", "coordinates": [ 12994578.823665976524353, 4840506.391481321305037, 23.114154150748845 ] } },
{ "type": "Feature", "properties": { "fid": 410, "编号": "HX0034", "乡镇": "漷县镇", "村": "靛庄村", "24越冬基数": null, "25点围环情况": "黑", "25年成虫危害程度": "无", "24年危害程度": "无", "面积": null, "24年杨扇杨小发生": null, "23年杨扇杨小发生": null, "19年危害程度": "", "25年越冬基数调查": null, "2025年幼虫危害程度": "无" }, "geometry": { "type": "Point", "coordinates": [ 12998408.284247219562531, 4837084.780263117514551, 30.392954150748892 ] } },
{ "type": "Feature", "properties": { "fid": 411, "编号": "XJ0020", "乡镇": "西集镇", "村": "供给店", "24越冬基数": null, "25点围环情况": null, "25年成虫危害程度": "无", "24年危害程度": "无", "面积": null, "24年杨扇杨小发生": null, "23年杨扇杨小发生": null, "19年危害程度": "无", "25年越冬基数调查": null, "2025年幼虫危害程度": "无" }, "geometry": { "type": "Point", "coordinates": [ 13001607.313011331483722, 4837480.489606272429228, 22.787754150748924 ] } },
{ "type": "Feature", "properties": { "fid": 412, "编号": "XJ0206", "乡镇": "西集镇", "村": "太平庄", "24越冬基数": null, "25点围环情况": null, "25年成虫危害程度": "无", "24年危害程度": "无", "面积": null, "24年杨扇杨小发生": null, "23年杨扇杨小发生": null, "19年危害程度": "无", "25年越冬基数调查": null, "2025年幼虫危害程度": "无" }, "geometry": { "type": "Point", "coordinates": [ 13004201.407984374091029, 4837993.009495262987912, 24.412254150748822 ] } },
{ "type": "Feature", "properties": { "fid": 413, "编号": "XJ0229", "乡镇": "西集镇", "村": "望君疃", "24越冬基数": null, "25点围环情况": null, "25年成虫危害程度": "无", "24年危害程度": "无", "面积": null, "24年杨扇杨小发生": null, "23年杨扇杨小发生": null, "19年危害程度": "无", "25年越冬基数调查": null, "2025年幼虫危害程度": "无" }, "geometry": { "type": "Point", "coordinates": [ 13008615.834465742111206, 4837526.24803985003382, 22.621954150748934 ] } },
{ "type": "Feature", "properties": { "fid": 414, "编号": "XJ0230", "乡镇": "西集镇", "村": "望君疃", "24越冬基数": null, "25点围环情况": null, "25年成虫危害程度": "无", "24年危害程度": "无", "面积": null, "24年杨扇杨小发生": null, "23年杨扇杨小发生": null, "19年危害程度": "无", "25年越冬基数调查": null, "2025年幼虫危害程度": "无" }, "geometry": { "type": "Point", "coordinates": [ 13008521.276019958779216, 4837528.407467131502926, 23.50425415074892 ] } },
{ "type": "Feature", "properties": { "fid": 415, "编号": "XJ0129", "乡镇": "西集镇", "村": "尹家河", "24越冬基数": null, "25点围环情况": null, "25年成虫危害程度": "无", "24年危害程度": "无", "面积": null, "24年杨扇杨小发生": null, "23年杨扇杨小发生": null, "19年危害程度": "", "25年越冬基数调查": null, "2025年幼虫危害程度": "无" }, "geometry": { "type": "Point", "coordinates": [ 13015379.32334428280592, 4839083.55643137358129, 31.620654150749033 ] } },
{ "type": "Feature", "properties": { "fid": 416, "编号": "XJ0221", "乡镇": "西集镇", "村": "牛牧屯", "24越冬基数": null, "25点围环情况": null, "25年成虫危害程度": "无", "24年危害程度": "无", "面积": null, "24年杨扇杨小发生": "无", "23年杨扇杨小发生": "无", "19年危害程度": "无", "25年越冬基数调查": null, "2025年幼虫危害程度": "无" }, "geometry": { "type": "Point", "coordinates": [ 13017166.577800652012229, 4834094.744156165979803, 21.199554150749009 ] } },
{ "type": "Feature", "properties": { "fid": 417, "编号": "XJ0271", "乡镇": "西集镇", "村": "辛集村", "24越冬基数": null, "25点围环情况": null, "25年成虫危害程度": "无", "24年危害程度": "无", "面积": null, "24年杨扇杨小发生": null, "23年杨扇杨小发生": null, "19年危害程度": "无", "25年越冬基数调查": null, "2025年幼虫危害程度": "无" }, "geometry": { "type": "Point", "coordinates": [ 13014218.468501960858703, 4833219.863152325153351, 26.083854150748948 ] } },
{ "type": "Feature", "properties": { "fid": 418, "编号": "XJ0090", "乡镇": "西集镇", "村": "辛集村", "24越冬基数": null, "25点围环情况": null, "25年成虫危害程度": "无", "24年危害程度": "无", "面积": null, "24年杨扇杨小发生": null, "23年杨扇杨小发生": null, "19年危害程度": "无", "25年越冬基数调查": null, "2025年幼虫危害程度": "无" }, "geometry": { "type": "Point", "coordinates": [ 13013528.951839838176966, 4832979.076305881142616, 22.903154150748833 ] } },
{ "type": "Feature", "properties": { "fid": 419, "编号": "XJ0256", "乡镇": "西集镇", "村": "曹刘各", "24越冬基数": null, "25点围环情况": null, "25年成虫危害程度": "无", "24年危害程度": "无", "面积": null, "24年杨扇杨小发生": "无", "23年杨扇杨小发生": "无", "19年危害程度": "无", "25年越冬基数调查": null, "2025年幼虫危害程度": "无" }, "geometry": { "type": "Point", "coordinates": [ 13010599.807368824258447, 4835642.277507360093296, 31.150154150748904 ] } },
{ "type": "Feature", "properties": { "fid": 420, "编号": "XJ0296", "乡镇": "西集镇", "村": "冯各庄", "24越冬基数": null, "25点围环情况": null, "25年成虫危害程度": "无", "24年危害程度": "无", "面积": null, "24年杨扇杨小发生": null, "23年杨扇杨小发生": null, "19年危害程度": "无", "25年越冬基数调查": null, "2025年幼虫危害程度": "无" }, "geometry": { "type": "Point", "coordinates": [ 13005638.232098350301385, 4836304.187335950322449, 23.738154150748869 ] } },
{ "type": "Feature", "properties": { "fid": 422, "编号": "YL0146", "乡镇": "永乐店镇", "村": "三垡村", "24越冬基数": null, "25点围环情况": null, "25年成虫危害程度": "无", "24年危害程度": "无", "面积": null, "24年杨扇杨小发生": null, "23年杨扇杨小发生": null, "19年危害程度": "无", "25年越冬基数调查": null, "2025年幼虫危害程度": "无" }, "geometry": { "type": "Point", "coordinates": [ 13002709.6393186673522, 4810542.30378838814795, 10.344654150748966 ] } },
{ "type": "Feature", "properties": { "fid": 423, "编号": "YL0348", "乡镇": "永乐店镇", "村": "半截河", "24越冬基数": null, "25点围环情况": null, "25年成虫危害程度": "无", "24年危害程度": "无", "面积": null, "24年杨扇杨小发生": null, "23年杨扇杨小发生": null, "19年危害程度": "无", "25年越冬基数调查": null, "2025年幼虫危害程度": "无" }, "geometry": { "type": "Point", "coordinates": [ 13004780.327313514426351, 4812014.781515892595053, 7.638654150748835 ] } },
{ "type": "Feature", "properties": { "fid": 424, "编号": "HX0081", "乡镇": "漷县镇", "村": "边怀庄", "24越冬基数": null, "25点围环情况": null, "25年成虫危害程度": "无", "24年危害程度": "无", "面积": null, "24年杨扇杨小发生": "无", "23年杨扇杨小发生": "无", "19年危害程度": "无", "25年越冬基数调查": null, "2025年幼虫危害程度": "轻" }, "geometry": { "type": "Point", "coordinates": [ 13010197.203895783051848, 4821483.525636152364314, 18.355354150749008 ] } },
{ "type": "Feature", "properties": { "fid": 426, "编号": "HX0088", "乡镇": "漷县镇", "村": "觅子店", "24越冬基数": null, "25点围环情况": null, "25年成虫危害程度": "无", "24年危害程度": "无", "面积": null, "24年杨扇杨小发生": null, "23年杨扇杨小发生": null, "19年危害程度": "无", "25年越冬基数调查": null, "2025年幼虫危害程度": "轻" }, "geometry": { "type": "Point", "coordinates": [ 13009158.341924026608467, 4824154.626509487628937, 20.995854150748983 ] } },
{ "type": "Feature", "properties": { "fid": 427, "编号": "HX0206", "乡镇": "漷县镇", "村": "觅子店", "24越冬基数": null, "25点围环情况": null, "25年成虫危害程度": "无", "24年危害程度": "无", "面积": null, "24年杨扇杨小发生": null, "23年杨扇杨小发生": null, "19年危害程度": "无", "25年越冬基数调查": null, "2025年幼虫危害程度": "无" }, "geometry": { "type": "Point", "coordinates": [ 13009460.02003657259047, 4824951.990276961587369, 19.351054150748951 ] } },
{ "type": "Feature", "properties": { "fid": 428, "编号": "HX0184", "乡镇": "漷县镇", "村": "纪各庄", "24越冬基数": null, "25点围环情况": null, "25年成虫危害程度": "无", "24年危害程度": "无", "面积": null, "24年杨扇杨小发生": null, "23年杨扇杨小发生": null, "19年危害程度": "无", "25年越冬基数调查": null, "2025年幼虫危害程度": "无" }, "geometry": { "type": "Point", "coordinates": [ 13011551.380554622039199, 4828349.198237395845354, 23.298954150748841 ] } },
{ "type": "Feature", "properties": { "fid": 429, "编号": "HX0171", "乡镇": "漷县镇", "村": "候黄庄", "24越冬基数": null, "25点围环情况": null, "25年成虫危害程度": "无", "24年危害程度": "无", "面积": null, "24年杨扇杨小发生": null, "23年杨扇杨小发生": null, "19年危害程度": "无", "25年越冬基数调查": null, "2025年幼虫危害程度": "轻" }, "geometry": { "type": "Point", "coordinates": [ 13010081.224000949412584, 4828617.458084599114954, 28.72845415074903 ] } },
{ "type": "Feature", "properties": { "fid": 430, "编号": "HX0166", "乡镇": "漷县镇", "村": "张庄村", "24越冬基数": null, "25点围环情况": null, "25年成虫危害程度": "无", "24年危害程度": "无", "面积": null, "24年杨扇杨小发生": null, "23年杨扇杨小发生": null, "19年危害程度": "无", "25年越冬基数调查": null, "2025年幼虫危害程度": "无" }, "geometry": { "type": "Point", "coordinates": [ 13008676.773186482489109, 4829054.01658820733428, 19.33175415074902 ] } },
{ "type": "Feature", "properties": { "fid": 431, "编号": "HX0165", "乡镇": "漷县镇", "村": "张庄村", "24越冬基数": null, "25点围环情况": null, "25年成虫危害程度": "无", "24年危害程度": "无", "面积": null, "24年杨扇杨小发生": null, "23年杨扇杨小发生": null, "19年危害程度": "无", "25年越冬基数调查": null, "2025年幼虫危害程度": "无" }, "geometry": { "type": "Point", "coordinates": [ 13008793.49488059617579, 4828951.1492859441787, 22.440854150748919 ] } },
{ "type": "Feature", "properties": { "fid": 432, "编号": "HX0006", "乡镇": "漷县镇", "村": "曹庄村", "24越冬基数": null, "25点围环情况": null, "25年成虫危害程度": "无", "24年危害程度": "无", "面积": null, "24年杨扇杨小发生": null, "23年杨扇杨小发生": null, "19年危害程度": "无", "25年越冬基数调查": null, "2025年幼虫危害程度": "无" }, "geometry": { "type": "Point", "coordinates": [ 13010542.190421955659986, 4831669.549334942363203, 24.592054150748936 ] } },
{ "type": "Feature", "properties": { "fid": 433, "编号": "HX0003", "乡镇": "漷县镇", "村": "曹庄村", "24越冬基数": null, "25点围环情况": null, "25年成虫危害程度": "无", "24年危害程度": "无", "面积": null, "24年杨扇杨小发生": null, "23年杨扇杨小发生": null, "19年危害程度": "无", "25年越冬基数调查": null, "2025年幼虫危害程度": "无" }, "geometry": { "type": "Point", "coordinates": [ 13011816.547240706160665, 4830701.299580688588321, 25.321854150749004 ] } },
{ "type": "Feature", "properties": { "fid": 435, "编号": "LC0032", "乡镇": "潞城镇", "村": "太子府", "24越冬基数": null, "25点围环情况": null, "25年成虫危害程度": "无", "24年危害程度": "无", "面积": null, "24年杨扇杨小发生": null, "23年杨扇杨小发生": null, "19年危害程度": "无", "25年越冬基数调查": null, "2025年幼虫危害程度": "无" }, "geometry": { "type": "Point", "coordinates": [ 13006830.929235372692347, 4841976.164639855735004, 26.437354150748888 ] } },
{ "type": "Feature", "properties": { "fid": 436, "编号": "LC0187", "乡镇": "潞城镇", "村": "卜落垈", "24越冬基数": null, "25点围环情况": null, "25年成虫危害程度": "无", "24年危害程度": "无", "面积": null, "24年杨扇杨小发生": null, "23年杨扇杨小发生": null, "19年危害程度": "无", "25年越冬基数调查": null, "2025年幼虫危害程度": "无" }, "geometry": { "type": "Point", "coordinates": [ 13000752.537038806825876, 4845563.630016250535846, 28.283254150748917 ] } },
{ "type": "Feature", "properties": { "fid": 437, "编号": "SZ0127", "乡镇": "宋庄镇", "村": "师姑庄", "24越冬基数": null, "25点围环情况": null, "25年成虫危害程度": "无", "24年危害程度": "无", "面积": null, "24年杨扇杨小发生": null, "23年杨扇杨小发生": null, "19年危害程度": "无", "25年越冬基数调查": null, "2025年幼虫危害程度": "无" }, "geometry": { "type": "Point", "coordinates": [ 12997129.381896141916513, 4853434.971147336065769, 30.582954150748947 ] } },
{ "type": "Feature", "properties": { "fid": 438, "编号": "SZ0012", "乡镇": "宋庄镇", "村": "摇不动", "24越冬基数": null, "25点围环情况": null, "25年成虫危害程度": "无", "24年危害程度": "无", "面积": null, "24年杨扇杨小发生": "无", "23年杨扇杨小发生": "无", "19年危害程度": "无", "25年越冬基数调查": null, "2025年幼虫危害程度": "无" }, "geometry": { "type": "Point", "coordinates": [ 12999216.700850296765566, 4854861.340537526644766, 38.385654150748906 ] } },
{ "type": "Feature", "properties": { "fid": 441, "编号": "SZ0034", "乡镇": "宋庄镇", "村": "西赵村", "24越冬基数": null, "25点围环情况": null, "25年成虫危害程度": "无", "24年危害程度": "无", "面积": null, "24年杨扇杨小发生": "无", "23年杨扇杨小发生": "无", "19年危害程度": "无", "25年越冬基数调查": null, "2025年幼虫危害程度": "无" }, "geometry": { "type": "Point", "coordinates": [ 12997835.603123774752021, 4866431.347845864482224, 24.722254150748995 ] } },
{ "type": "Feature", "properties": { "fid": 442, "编号": "SZ0146", "乡镇": "宋庄镇", "村": "沟渠庄", "24越冬基数": null, "25点围环情况": null, "25年成虫危害程度": "无", "24年危害程度": "无", "面积": null, "24年杨扇杨小发生": null, "23年杨扇杨小发生": null, "19年危害程度": "", "25年越冬基数调查": null, "2025年幼虫危害程度": "无" }, "geometry": { "type": "Point", "coordinates": [ 12989863.213457055389881, 4862862.433463568799198, 29.343554150749014 ] } },
{ "type": "Feature", "properties": { "fid": 443, "编号": "SZ0064", "乡镇": "宋庄镇", "村": "葛渠村", "24越冬基数": null, "25点围环情况": null, "25年成虫危害程度": "无", "24年危害程度": "无", "面积": null, "24年杨扇杨小发生": null, "23年杨扇杨小发生": null, "19年危害程度": "无", "25年越冬基数调查": null, "2025年幼虫危害程度": "无" }, "geometry": { "type": "Point", "coordinates": [ 12984564.728027258068323, 4867965.286859502084553, 29.775154150748904 ] } },
{ "type": "Feature", "properties": { "fid": 444, "编号": "YS0048", "乡镇": "永顺镇", "村": "竹木厂", "24越冬基数": null, "25点围环情况": null, "25年成虫危害程度": "无", "24年危害程度": "无", "面积": null, "24年杨扇杨小发生": "无", "23年杨扇杨小发生": "无", "19年危害程度": "", "25年越冬基数调查": null, "2025年幼虫危害程度": "无" }, "geometry": { "type": "Point", "coordinates": [ 12981734.656030433252454, 4853233.681834143586457, 37.255554150748821 ] } },
{ "type": "Feature", "properties": { "fid": 445, "编号": "ZW0032", "乡镇": "张家湾镇", "村": "张湾村", "24越冬基数": null, "25点围环情况": null, "25年成虫危害程度": "无", "24年危害程度": "无", "面积": null, "24年杨扇杨小发生": "无", "23年杨扇杨小发生": "无", "19年危害程度": "", "25年越冬基数调查": null, "2025年幼虫危害程度": "无" }, "geometry": { "type": "Point", "coordinates": [ 12988984.08287263661623, 4843408.481974067166448, 27.486854150748968 ] } },
{ "type": "Feature", "properties": { "fid": 446, "编号": "ZW0035", "乡镇": "张家湾镇", "村": "大高力", "24越冬基数": null, "25点围环情况": null, "25年成虫危害程度": "无", "24年危害程度": "无", "面积": null, "24年杨扇杨小发生": null, "23年杨扇杨小发生": null, "19年危害程度": "无", "25年越冬基数调查": null, "2025年幼虫危害程度": "轻" }, "geometry": { "type": "Point", "coordinates": [ 12988613.354740267619491, 4842965.524582267738879, 28.734554150748863 ] } },
{ "type": "Feature", "properties": { "fid": 447, "编号": "ZW0031", "乡镇": "张家湾镇", "村": "张湾村", "24越冬基数": null, "25点围环情况": null, "25年成虫危害程度": "无", "24年危害程度": "无", "面积": null, "24年杨扇杨小发生": null, "23年杨扇杨小发生": null, "19年危害程度": "", "25年越冬基数调查": null, "2025年幼虫危害程度": "无" }, "geometry": { "type": "Point", "coordinates": [ 12989170.415985403582454, 4843690.540212508291006, 30.153154150748833 ] } },
{ "type": "Feature", "properties": { "fid": 448, "编号": "ZW0124", "乡镇": "张家湾镇", "村": "小北关", "24越冬基数": null, "25点围环情况": null, "25年成虫危害程度": "无", "24年危害程度": "无", "面积": null, "24年杨扇杨小发生": "无", "23年杨扇杨小发生": "无", "19年危害程度": "无", "25年越冬基数调查": null, "2025年幼虫危害程度": "无" }, "geometry": { "type": "Point", "coordinates": [ 12992207.451549714431167, 4834294.00385314412415, 25.705954150748994 ] } },
{ "type": "Feature", "properties": { "fid": 449, "编号": "ZW0096", "乡镇": "张家湾镇", "村": "梁各庄", "24越冬基数": null, "25点围环情况": null, "25年成虫危害程度": "无", "24年危害程度": "无", "面积": null, "24年杨扇杨小发生": "无", "23年杨扇杨小发生": "无", "19年危害程度": "无", "25年越冬基数调查": null, "2025年幼虫危害程度": "无" }, "geometry": { "type": "Point", "coordinates": [ 12995589.252023819833994, 4844919.422137596644461, 27.109054150748989 ] } },
{ "type": "Feature", "properties": { "fid": 450, "编号": "TH0022", "乡镇": "台湖镇", "村": "东下营", "24越冬基数": null, "25点围环情况": null, "25年成虫危害程度": "无", "24年危害程度": "无", "面积": null, "24年杨扇杨小发生": "无", "23年杨扇杨小发生": "无", "19年危害程度": "", "25年越冬基数调查": null, "2025年幼虫危害程度": "无" }, "geometry": { "type": "Point", "coordinates": [ 12987828.905148839578032, 4842042.028531644493341, 29.943854150748848 ] } },
{ "type": "Feature", "properties": { "fid": 451, "编号": "TH0082", "乡镇": "台湖镇", "村": "兴隆屯", "24越冬基数": null, "25点围环情况": null, "25年成虫危害程度": "无", "24年危害程度": "无", "面积": null, "24年杨扇杨小发生": null, "23年杨扇杨小发生": null, "19年危害程度": "无", "25年越冬基数调查": null, "2025年幼虫危害程度": "无" }, "geometry": { "type": "Point", "coordinates": [ 12980992.961853433400393, 4838916.816090242005885, 33.59755415074892 ] } },
{ "type": "Feature", "properties": { "fid": 452, "编号": "XJ0093", "乡镇": "西集镇", "村": "辛集村", "24越冬基数": null, "25点围环情况": null, "25年成虫危害程度": "无", "24年危害程度": "无", "面积": null, "24年杨扇杨小发生": "无", "23年杨扇杨小发生": "无", "19年危害程度": "无", "25年越冬基数调查": null, "2025年幼虫危害程度": "无" }, "geometry": { "type": "Point", "coordinates": [ 13013993.085419572889805, 4834042.845947979018092, 22.677854150748999 ] } },
{ "type": "Feature", "properties": { "fid": 453, "编号": "XJ0094", "乡镇": "西集镇", "村": "桥上村", "24越冬基数": null, "25点围环情况": null, "25年成虫危害程度": "无", "24年危害程度": "无", "面积": null, "24年杨扇杨小发生": "无", "23年杨扇杨小发生": "无", "19年危害程度": "无", "25年越冬基数调查": null, "2025年幼虫危害程度": "无" }, "geometry": { "type": "Point", "coordinates": [ 13014613.393645405769348, 4834110.476845538243651, 23.138954150748987 ] } },
{ "type": "Feature", "properties": { "fid": 454, "编号": "XJ0097", "乡镇": "西集镇", "村": "牛牧屯", "24越冬基数": null, "25点围环情况": null, "25年成虫危害程度": "无", "24年危害程度": "无", "面积": null, "24年杨扇杨小发生": "无", "23年杨扇杨小发生": "无", "19年危害程度": "无", "25年越冬基数调查": null, "2025年幼虫危害程度": "无" }, "geometry": { "type": "Point", "coordinates": [ 13016136.732375752180815, 4834294.519912392832339, 25.831054150748969 ] } },
{ "type": "Feature", "properties": { "fid": 455, "编号": "XJ0342", "乡镇": "西集镇", "村": "岳上村", "24越冬基数": null, "25点围环情况": null, "25年成虫危害程度": "无", "24年危害程度": "无", "面积": null, "24年杨扇杨小发生": null, "23年杨扇杨小发生": null, "19年危害程度": "无", "25年越冬基数调查": null, "2025年幼虫危害程度": "无" }, "geometry": { "type": "Point", "coordinates": [ 13012612.799859305843711, 4837107.361587729305029, 22.477854150748954 ] } },
{ "type": "Feature", "properties": { "fid": 456, "编号": "YL0053", "乡镇": "永乐店镇", "村": "永乐店", "24越冬基数": null, "25点围环情况": null, "25年成虫危害程度": "无", "24年危害程度": "无", "面积": null, "24年杨扇杨小发生": "无", "23年杨扇杨小发生": "轻", "19年危害程度": "无", "25年越冬基数调查": null, "2025年幼虫危害程度": "无" }, "geometry": { "type": "Point", "coordinates": [ 13000803.02869326621294, 4825325.628648952580988, 22.668854150748984 ] } },
{ "type": "Feature", "properties": { "fid": 457, "编号": "YL0403", "乡镇": "永乐店镇", "村": "陈辛庄", "24越冬基数": null, "25点围环情况": "轻度", "25年成虫危害程度": "轻", "24年危害程度": "中", "面积": 10.9, "24年杨扇杨小发生": null, "23年杨扇杨小发生": null, "19年危害程度": "无", "25年越冬基数调查": null, "2025年幼虫危害程度": "轻" }, "geometry": { "type": "Point", "coordinates": [ 13004530.147232063114643, 4824149.394480871967971, 18.541754150748829 ] } },
{ "type": "Feature", "properties": { "fid": 458, "编号": "YL0021", "乡镇": "永乐店镇", "村": "老槐庄", "24越冬基数": null, "25点围环情况": null, "25年成虫危害程度": "无", "24年危害程度": "无", "面积": null, "24年杨扇杨小发生": null, "23年杨扇杨小发生": null, "19年危害程度": "无", "25年越冬基数调查": null, "2025年幼虫危害程度": "无" }, "geometry": { "type": "Point", "coordinates": [ 13006097.141336584463716, 4822625.720151101239026, 18.899554150748827 ] } },
{ "type": "Feature", "properties": { "fid": 459, "编号": "YL0020", "乡镇": "永乐店镇", "村": "老槐庄", "24越冬基数": null, "25点围环情况": null, "25年成虫危害程度": "无", "24年危害程度": "无", "面积": null, "24年杨扇杨小发生": null, "23年杨扇杨小发生": null, "19年危害程度": "无", "25年越冬基数调查": null, "2025年幼虫危害程度": "无" }, "geometry": { "type": "Point", "coordinates": [ 13006304.256081795319915, 4822414.41744935605675, 19.975654150748824 ] } },
{ "type": "Feature", "properties": { "fid": 460, "编号": "YL0012", "乡镇": "永乐店镇", "村": "坚村", "24越冬基数": null, "25点围环情况": null, "25年成虫危害程度": "无", "24年危害程度": "无", "面积": null, "24年杨扇杨小发生": null, "23年杨扇杨小发生": null, "19年危害程度": "无", "25年越冬基数调查": null, "2025年幼虫危害程度": "无" }, "geometry": { "type": "Point", "coordinates": [ 13006056.13484258018434, 4821289.105528930202127, 24.997354150748833 ] } },
{ "type": "Feature", "properties": { "fid": 461, "编号": "YL0171", "乡镇": "永乐店镇", "村": "大务村", "24越冬基数": null, "25点围环情况": null, "25年成虫危害程度": "无", "24年危害程度": "无", "面积": 24.2, "24年杨扇杨小发生": null, "23年杨扇杨小发生": null, "19年危害程度": "轻", "25年越冬基数调查": null, "2025年幼虫危害程度": "无" }, "geometry": { "type": "Point", "coordinates": [ 13005562.503294298425317, 4817442.306119874119759, 16.621354150748857 ] } },
{ "type": "Feature", "properties": { "fid": 462, "编号": "YL0163", "乡镇": "永乐店镇", "村": "半截河", "24越冬基数": null, "25点围环情况": null, "25年成虫危害程度": "无", "24年危害程度": "无", "面积": null, "24年杨扇杨小发生": null, "23年杨扇杨小发生": null, "19年危害程度": "无", "25年越冬基数调查": null, "2025年幼虫危害程度": "无" }, "geometry": { "type": "Point", "coordinates": [ 13004340.210990967229009, 4813752.845969469286501, 19.333554150749023 ] } },
{ "type": "Feature", "properties": { "fid": 463, "编号": "YL0057", "乡镇": "永乐店镇", "村": "南堤寺", "24越冬基数": null, "25点围环情况": "轻度", "25年成虫危害程度": "中", "24年危害程度": "轻", "面积": 20.3, "24年杨扇杨小发生": null, "23年杨扇杨小发生": null, "19年危害程度": "轻", "25年越冬基数调查": null, "2025年幼虫危害程度": "重" }, "geometry": { "type": "Point", "coordinates": [ 12996917.947912331670523, 4823220.119551132433116, 23.940554150748994 ] } },
{ "type": "Feature", "properties": { "fid": 464, "编号": "MQ0026", "乡镇": "马驹桥镇", "村": "古庄村", "24越冬基数": null, "25点围环情况": null, "25年成虫危害程度": "无", "24年危害程度": "无", "面积": null, "24年杨扇杨小发生": null, "23年杨扇杨小发生": null, "19年危害程度": "无", "25年越冬基数调查": null, "2025年幼虫危害程度": "无" }, "geometry": { "type": "Point", "coordinates": [ 12975858.104341303929687, 4826891.098084007389843, 31.773154150748951 ] } },
{ "type": "Feature", "properties": { "fid": 465, "编号": "MQ0022", "乡镇": "马驹桥镇", "村": "古庄村", "24越冬基数": null, "25点围环情况": null, "25年成虫危害程度": "无", "24年危害程度": "无", "面积": null, "24年杨扇杨小发生": "无", "23年杨扇杨小发生": "无", "19年危害程度": "无", "25年越冬基数调查": null, "2025年幼虫危害程度": "无" }, "geometry": { "type": "Point", "coordinates": [ 12974192.759426156058908, 4828887.472336385399103, 32.835254150748824 ] } },
{ "type": "Feature", "properties": { "fid": 466, "编号": "MQ0023", "乡镇": "马驹桥镇", "村": "环保园", "24越冬基数": null, "25点围环情况": null, "25年成虫危害程度": "无", "24年危害程度": "无", "面积": null, "24年杨扇杨小发生": "无", "23年杨扇杨小发生": "无", "19年危害程度": "无", "25年越冬基数调查": null, "2025年幼虫危害程度": "无" }, "geometry": { "type": "Point", "coordinates": [ 12973659.858959486708045, 4828880.139638917520642, 33.898454150748876 ] } },
{ "type": "Feature", "properties": { "fid": 467, "编号": "MQ0053", "乡镇": "马驹桥镇", "村": "小杜社", "24越冬基数": null, "25点围环情况": null, "25年成虫危害程度": "无", "24年危害程度": "无", "面积": null, "24年杨扇杨小发生": null, "23年杨扇杨小发生": null, "19年危害程度": "无", "25年越冬基数调查": null, "2025年幼虫危害程度": "无" }, "geometry": { "type": "Point", "coordinates": [ 12985953.408682066947222, 4831007.239588835276663, 22.811254150748937 ] } },
{ "type": "Feature", "properties": { "fid": 468, "编号": "YL0500", "乡镇": "永乐店镇", "村": "德仁务", "24越冬基数": null, "25点围环情况": null, "25年成虫危害程度": "无", "24年危害程度": "无", "面积": null, "24年杨扇杨小发生": null, "23年杨扇杨小发生": null, "19年危害程度": "无", "25年越冬基数调查": null, "2025年幼虫危害程度": "无" }, "geometry": { "type": "Point", "coordinates": [ 12998820.664899688214064, 4816078.415679646655917, 18.630854150748974 ] } },
{ "type": "Feature", "properties": { "fid": 469, "编号": "YL0182", "乡镇": "永乐店镇", "村": "孔庄村", "24越冬基数": null, "25点围环情况": "黑", "25年成虫危害程度": "无", "24年危害程度": "无", "面积": null, "24年杨扇杨小发生": null, "23年杨扇杨小发生": null, "19年危害程度": "无", "25年越冬基数调查": null, "2025年幼虫危害程度": "无" }, "geometry": { "type": "Point", "coordinates": [ 13003580.236494563519955, 4822633.341251390986145, 14.605454150748983 ] } },
{ "type": "Feature", "properties": { "fid": 470, "编号": "HX0500", "乡镇": "漷县镇", "村": "曹庄村", "24越冬基数": null, "25点围环情况": null, "25年成虫危害程度": "无", "24年危害程度": "无", "面积": null, "24年杨扇杨小发生": "无", "23年杨扇杨小发生": "无", "19年危害程度": "无", "25年越冬基数调查": null, "2025年幼虫危害程度": "无" }, "geometry": { "type": "Point", "coordinates": [ 13012338.328893018886447, 4829044.596628003753722, 19.418854150748984 ] } },
{ "type": "Feature", "properties": { "fid": 471, "编号": "HX0001", "乡镇": "漷县镇", "村": "曹庄村", "24越冬基数": null, "25点围环情况": null, "25年成虫危害程度": "无", "24年危害程度": "无", "面积": null, "24年杨扇杨小发生": null, "23年杨扇杨小发生": null, "19年危害程度": "无", "25年越冬基数调查": null, "2025年幼虫危害程度": "无" }, "geometry": { "type": "Point", "coordinates": [ 13012302.398031393066049, 4831053.856620470061898, 23.532054150748991 ] } },
{ "type": "Feature", "properties": { "fid": 472, "编号": "YL0342", "乡镇": "永乐店镇", "村": "富各庄", "24越冬基数": null, "25点围环情况": null, "25年成虫危害程度": "无", "24年危害程度": "无", "面积": null, "24年杨扇杨小发生": "无", "23年杨扇杨小发生": "无", "19年危害程度": "无", "25年越冬基数调查": null, "2025年幼虫危害程度": "无" }, "geometry": { "type": "Point", "coordinates": [ 12996474.806532349437475, 4820222.926743356510997, 20.70675415074902 ] } },
{ "type": "Feature", "properties": { "fid": 473, "编号": "YL0328", "乡镇": "永乐店镇", "村": "南堤寺", "24越冬基数": null, "25点围环情况": null, "25年成虫危害程度": "无", "24年危害程度": "无", "面积": null, "24年杨扇杨小发生": null, "23年杨扇杨小发生": null, "19年危害程度": "无", "25年越冬基数调查": null, "2025年幼虫危害程度": "轻" }, "geometry": { "type": "Point", "coordinates": [ 12997422.696579977869987, 4821454.091161533258855, 20.692254150749022 ] } },
{ "type": "Feature", "properties": { "fid": 474, "编号": "YL0329", "乡镇": "永乐店镇", "村": "南堤寺", "24越冬基数": null, "25点围环情况": null, "25年成虫危害程度": "无", "24年危害程度": "无", "面积": null, "24年杨扇杨小发生": null, "23年杨扇杨小发生": null, "19年危害程度": "无", "25年越冬基数调查": null, "2025年幼虫危害程度": "无" }, "geometry": { "type": "Point", "coordinates": [ 12997479.796119928359985, 4821587.36068531498313, 26.021354150748948 ] } },
{ "type": "Feature", "properties": { "fid": 475, "编号": "YL0325", "乡镇": "永乐店镇", "村": "南堤寺", "24越冬基数": null, "25点围环情况": null, "25年成虫危害程度": "无", "24年危害程度": "无", "面积": null, "24年杨扇杨小发生": null, "23年杨扇杨小发生": null, "19年危害程度": "无", "25年越冬基数调查": null, "2025年幼虫危害程度": "无" }, "geometry": { "type": "Point", "coordinates": [ 12997646.368901086971164, 4821213.136710219085217, 21.880954150748948 ] } },
{ "type": "Feature", "properties": { "fid": 476, "编号": "YL0313", "乡镇": "永乐店镇", "村": "临沟屯", "24越冬基数": null, "25点围环情况": "轻度", "25年成虫危害程度": "重", "24年危害程度": "轻", "面积": 0.0, "24年杨扇杨小发生": null, "23年杨扇杨小发生": null, "19年危害程度": "无", "25年越冬基数调查": null, "2025年幼虫危害程度": "重" }, "geometry": { "type": "Point", "coordinates": [ 12994322.356684654951096, 4811815.938284311443567, 21.067654150748922 ] } },
{ "type": "Feature", "properties": { "fid": 477, "编号": "LC0006", "乡镇": "潞城镇", "村": "武窑村", "24越冬基数": null, "25点围环情况": null, "25年成虫危害程度": "无", "24年危害程度": "无", "面积": null, "24年杨扇杨小发生": null, "23年杨扇杨小发生": null, "19年危害程度": "无", "25年越冬基数调查": null, "2025年幼虫危害程度": "无" }, "geometry": { "type": "Point", "coordinates": [ 12998714.362624393776059, 4843520.913888653740287, -0.000045849251137 ] } },
{ "type": "Feature", "properties": { "fid": 478, "编号": "LC0015", "乡镇": "潞城镇", "村": "武窑村", "24越冬基数": null, "25点围环情况": null, "25年成虫危害程度": "无", "24年危害程度": "无", "面积": null, "24年杨扇杨小发生": "无", "23年杨扇杨小发生": "无", "19年危害程度": "", "25年越冬基数调查": null, "2025年幼虫危害程度": "轻" }, "geometry": { "type": "Point", "coordinates": [ 12999782.12229578755796, 4842135.075021892786026, -0.000045849251137 ] } },
{ "type": "Feature", "properties": { "fid": 479, "编号": "LC0017", "乡镇": "潞城镇", "村": "武窑村", "24越冬基数": null, "25点围环情况": null, "25年成虫危害程度": "无", "24年危害程度": "无", "面积": null, "24年杨扇杨小发生": "无", "23年杨扇杨小发生": "无", "19年危害程度": "", "25年越冬基数调查": null, "2025年幼虫危害程度": "轻" }, "geometry": { "type": "Point", "coordinates": [ 12999866.855120399966836, 4841947.400624372065067, -0.000045849251137 ] } },
{ "type": "Feature", "properties": { "fid": 480, "编号": "LC0010", "乡镇": "潞城镇", "村": "武窑村", "24越冬基数": null, "25点围环情况": null, "25年成虫危害程度": "无", "24年危害程度": "无", "面积": null, "24年杨扇杨小发生": "无", "23年杨扇杨小发生": "无", "19年危害程度": "无", "25年越冬基数调查": null, "2025年幼虫危害程度": "无" }, "geometry": { "type": "Point", "coordinates": [ 12999453.464397225528955, 4842456.368303488940001, -0.000045849251137 ] } },
{ "type": "Feature", "properties": { "fid": 481, "编号": "LC0020", "乡镇": "潞城镇", "村": "夏店村", "24越冬基数": null, "25点围环情况": null, "25年成虫危害程度": "无", "24年危害程度": "无", "面积": null, "24年杨扇杨小发生": "无", "23年杨扇杨小发生": "无", "19年危害程度": "无", "25年越冬基数调查": null, "2025年幼虫危害程度": "无" }, "geometry": { "type": "Point", "coordinates": [ 13000347.83706515096128, 4841866.191999985836446, -0.000045849251137 ] } },
{ "type": "Feature", "properties": { "fid": 482, "编号": "LC0012", "乡镇": "潞城镇", "村": "武窑村", "24越冬基数": null, "25点围环情况": null, "25年成虫危害程度": "无", "24年危害程度": "无", "面积": null, "24年杨扇杨小发生": "无", "23年杨扇杨小发生": "无", "19年危害程度": "", "25年越冬基数调查": null, "2025年幼虫危害程度": "无" }, "geometry": { "type": "Point", "coordinates": [ 12999333.171598307788372, 4842084.89728119969368, -0.000045849251137 ] } },
{ "type": "Feature", "properties": { "fid": 483, "编号": "LC0013", "乡镇": "潞城镇", "村": "武窑村", "24越冬基数": null, "25点围环情况": null, "25年成虫危害程度": "无", "24年危害程度": "无", "面积": null, "24年杨扇杨小发生": "无", "23年杨扇杨小发生": "无", "19年危害程度": "无", "25年越冬基数调查": null, "2025年幼虫危害程度": "无" }, "geometry": { "type": "Point", "coordinates": [ 12999597.924213485792279, 4842258.916969009675086, -0.000045849251137 ] } },
{ "type": "Feature", "properties": { "fid": 484, "编号": "LC0002", "乡镇": "潞城镇", "村": "小甘棠", "24越冬基数": null, "25点围环情况": null, "25年成虫危害程度": "无", "24年危害程度": "无", "面积": null, "24年杨扇杨小发生": null, "23年杨扇杨小发生": null, "19年危害程度": "无", "25年越冬基数调查": null, "2025年幼虫危害程度": "无" }, "geometry": { "type": "Point", "coordinates": [ 12998552.431941028684378, 4844425.096112917177379, -0.000045849251137 ] } },
{ "type": "Feature", "properties": { "fid": 485, "编号": "LC0223", "乡镇": "潞城镇", "村": "小豆各", "24越冬基数": null, "25点围环情况": null, "25年成虫危害程度": "无", "24年危害程度": "无", "面积": 19.6, "24年杨扇杨小发生": null, "23年杨扇杨小发生": null, "19年危害程度": "轻", "25年越冬基数调查": null, "2025年幼虫危害程度": "无" }, "geometry": { "type": "Point", "coordinates": [ 13000156.273567946627736, 4843316.913751519285142, -0.000045849251137 ] } },
{ "type": "Feature", "properties": { "fid": 486, "编号": "LC0233", "乡镇": "潞城镇", "村": "小豆各", "24越冬基数": null, "25点围环情况": null, "25年成虫危害程度": "无", "24年危害程度": "无", "面积": null, "24年杨扇杨小发生": null, "23年杨扇杨小发生": null, "19年危害程度": "无", "25年越冬基数调查": null, "2025年幼虫危害程度": "无" }, "geometry": { "type": "Point", "coordinates": [ 13000480.8464220687747, 4843564.113422945141792, -0.000045849251137 ] } },
{ "type": "Feature", "properties": { "fid": 487, "编号": "LC0225", "乡镇": "潞城镇", "村": "武窑村", "24越冬基数": null, "25点围环情况": null, "25年成虫危害程度": "无", "24年危害程度": "无", "面积": null, "24年杨扇杨小发生": null, "23年杨扇杨小发生": null, "19年危害程度": "无", "25年越冬基数调查": null, "2025年幼虫危害程度": "无" }, "geometry": { "type": "Point", "coordinates": [ 12999946.624433318153024, 4842671.734855692833662, -0.000045849251137 ] } },
{ "type": "Feature", "properties": { "fid": 488, "编号": "LC0220", "乡镇": "潞城镇", "村": "大豆各", "24越冬基数": null, "25点围环情况": null, "25年成虫危害程度": "无", "24年危害程度": "无", "面积": null, "24年杨扇杨小发生": null, "23年杨扇杨小发生": null, "19年危害程度": "无", "25年越冬基数调查": null, "2025年幼虫危害程度": "无" }, "geometry": { "type": "Point", "coordinates": [ 13001168.946230901405215, 4844108.737871684134007, -0.000045849251137 ] } },
{ "type": "Feature", "properties": { "fid": 489, "编号": "LC0205", "乡镇": "潞城镇", "村": "侉店村", "24越冬基数": null, "25点围环情况": null, "25年成虫危害程度": "无", "24年危害程度": "无", "面积": 16.6, "24年杨扇杨小发生": null, "23年杨扇杨小发生": null, "19年危害程度": "轻", "25年越冬基数调查": null, "2025年幼虫危害程度": "无" }, "geometry": { "type": "Point", "coordinates": [ 13003080.723676130175591, 4844328.771320738829672, -0.000045849251137 ] } },
{ "type": "Feature", "properties": { "fid": 490, "编号": "LC0197", "乡镇": "潞城镇", "村": "侯各庄", "24越冬基数": null, "25点围环情况": null, "25年成虫危害程度": "无", "24年危害程度": "无", "面积": null, "24年杨扇杨小发生": null, "23年杨扇杨小发生": null, "19年危害程度": "无", "25年越冬基数调查": null, "2025年幼虫危害程度": "轻" }, "geometry": { "type": "Point", "coordinates": [ 13003616.297723872587085, 4841680.603124111890793, -0.000045849251137 ] } },
{ "type": "Feature", "properties": { "fid": 491, "编号": "LC0030", "乡镇": "潞城镇", "村": "太子府", "24越冬基数": null, "25点围环情况": null, "25年成虫危害程度": "无", "24年危害程度": "无", "面积": 13.5, "24年杨扇杨小发生": null, "23年杨扇杨小发生": null, "19年危害程度": "轻", "25年越冬基数调查": null, "2025年幼虫危害程度": "无" }, "geometry": { "type": "Point", "coordinates": [ 13006921.839593453332782, 4841042.80460361763835, -0.000045849251137 ] } },
{ "type": "Feature", "properties": { "fid": 492, "编号": "LC0229", "乡镇": "潞城镇", "村": "康各庄", "24越冬基数": null, "25点围环情况": null, "25年成虫危害程度": "无", "24年危害程度": "无", "面积": null, "24年杨扇杨小发生": null, "23年杨扇杨小发生": null, "19年危害程度": "无", "25年越冬基数调查": null, "2025年幼虫危害程度": "无" }, "geometry": { "type": "Point", "coordinates": [ 13006473.853323301300406, 4842065.723614924587309, -0.000045849251137 ] } },
{ "type": "Feature", "properties": { "fid": 493, "编号": "LC0040", "乡镇": "潞城镇", "村": "燕山营", "24越冬基数": null, "25点围环情况": null, "25年成虫危害程度": "无", "24年危害程度": "无", "面积": null, "24年杨扇杨小发生": null, "23年杨扇杨小发生": null, "19年危害程度": "无", "25年越冬基数调查": null, "2025年幼虫危害程度": "轻" }, "geometry": { "type": "Point", "coordinates": [ 13005624.880402388051152, 4845051.168068805709481, -0.000045849251137 ] } },
{ "type": "Feature", "properties": { "fid": 494, "编号": "LC0042", "乡镇": "潞城镇", "村": "燕山营", "24越冬基数": null, "25点围环情况": null, "25年成虫危害程度": "无", "24年危害程度": "无", "面积": null, "24年杨扇杨小发生": null, "23年杨扇杨小发生": null, "19年危害程度": "无", "25年越冬基数调查": null, "2025年幼虫危害程度": "无" }, "geometry": { "type": "Point", "coordinates": [ 13005418.484032971784472, 4845159.961662035435438, -0.000045849251137 ] } },
{ "type": "Feature", "properties": { "fid": 495, "编号": "LC0048", "乡镇": "潞城镇", "村": "李疃村", "24越冬基数": null, "25点围环情况": null, "25年成虫危害程度": "无", "24年危害程度": "无", "面积": null, "24年杨扇杨小发生": null, "23年杨扇杨小发生": null, "19年危害程度": "无", "25年越冬基数调查": null, "2025年幼虫危害程度": "无" }, "geometry": { "type": "Point", "coordinates": [ 13004758.336515806615353, 4846057.94126701913774, -0.000045849251137 ] } },
{ "type": "Feature", "properties": { "fid": 496, "编号": "LC0044", "乡镇": "潞城镇", "村": "凌家庙", "24越冬基数": null, "25点围环情况": null, "25年成虫危害程度": "无", "24年危害程度": "无", "面积": null, "24年杨扇杨小发生": null, "23年杨扇杨小发生": null, "19年危害程度": "无", "25年越冬基数调查": null, "2025年幼虫危害程度": "无" }, "geometry": { "type": "Point", "coordinates": [ 13005337.38376528955996, 4845870.982694807462394, -0.000045849251137 ] } },
{ "type": "Feature", "properties": { "fid": 497, "编号": "LC0054", "乡镇": "潞城镇", "村": "东前营", "24越冬基数": null, "25点围环情况": null, "25年成虫危害程度": "无", "24年危害程度": "无", "面积": null, "24年杨扇杨小发生": null, "23年杨扇杨小发生": null, "19年危害程度": "无", "25年越冬基数调查": null, "2025年幼虫危害程度": "轻" }, "geometry": { "type": "Point", "coordinates": [ 13004157.232371075078845, 4847425.179386850446463, -0.000045849251137 ] } },
{ "type": "Feature", "properties": { "fid": 498, "编号": "LC0067", "乡镇": "潞城镇", "村": "贾后疃", "24越冬基数": null, "25点围环情况": null, "25年成虫危害程度": "无", "24年危害程度": "无", "面积": null, "24年杨扇杨小发生": null, "23年杨扇杨小发生": null, "19年危害程度": "无", "25年越冬基数调查": null, "2025年幼虫危害程度": "无" }, "geometry": { "type": "Point", "coordinates": [ 13002664.747419083490968, 4847613.142596812918782, -0.000045849251137 ] } },
{ "type": "Feature", "properties": { "fid": 499, "编号": "LC0068", "乡镇": "潞城镇", "村": "贾后疃", "24越冬基数": null, "25点围环情况": null, "25年成虫危害程度": "无", "24年危害程度": "无", "面积": null, "24年杨扇杨小发生": null, "23年杨扇杨小发生": null, "19年危害程度": "无", "25年越冬基数调查": null, "2025年幼虫危害程度": "无" }, "geometry": { "type": "Point", "coordinates": [ 13002474.461580781266093, 4847635.062869348563254, -0.000045849251137 ] } },
{ "type": "Feature", "properties": { "fid": 500, "编号": "LC0074", "乡镇": "潞城镇", "村": "卜落垈", "24越冬基数": null, "25点围环情况": null, "25年成虫危害程度": "无", "24年危害程度": "无", "面积": null, "24年杨扇杨小发生": null, "23年杨扇杨小发生": null, "19年危害程度": "无", "25年越冬基数调查": null, "2025年幼虫危害程度": "无" }, "geometry": { "type": "Point", "coordinates": [ 13000990.330181008204818, 4848007.524006606079638, -0.000045849251137 ] } },
{ "type": "Feature", "properties": { "fid": 501, "编号": "LC0076", "乡镇": "潞城镇", "村": "后榆村", "24越冬基数": null, "25点围环情况": null, "25年成虫危害程度": "无", "24年危害程度": "无", "面积": null, "24年杨扇杨小发生": null, "23年杨扇杨小发生": null, "19年危害程度": "无", "25年越冬基数调查": null, "2025年幼虫危害程度": "无" }, "geometry": { "type": "Point", "coordinates": [ 13000675.817038953304291, 4848115.864181643351912, -0.000045849251137 ] } },
{ "type": "Feature", "properties": { "fid": 502, "编号": "LC0082", "乡镇": "潞城镇", "村": "东堡村", "24越冬基数": null, "25点围环情况": null, "25年成虫危害程度": "无", "24年危害程度": "无", "面积": null, "24年杨扇杨小发生": null, "23年杨扇杨小发生": null, "19年危害程度": "无", "25年越冬基数调查": null, "2025年幼虫危害程度": "无" }, "geometry": { "type": "Point", "coordinates": [ 12999263.971617681905627, 4849805.550723619759083, -0.000045849251137 ] } },
{ "type": "Feature", "properties": { "fid": 503, "编号": "LC0080", "乡镇": "潞城镇", "村": "东堡村", "24越冬基数": null, "25点围环情况": null, "25年成虫危害程度": "无", "24年危害程度": "无", "面积": null, "24年杨扇杨小发生": null, "23年杨扇杨小发生": null, "19年危害程度": "无", "25年越冬基数调查": null, "2025年幼虫危害程度": "无" }, "geometry": { "type": "Point", "coordinates": [ 12999386.107184406369925, 4849419.747484480962157, -0.000045849251137 ] } },
{ "type": "Feature", "properties": { "fid": 504, "编号": "LC0084", "乡镇": "潞城镇", "村": "东堡村", "24越冬基数": null, "25点围环情况": null, "25年成虫危害程度": "无", "24年危害程度": "无", "面积": null, "24年杨扇杨小发生": null, "23年杨扇杨小发生": null, "19年危害程度": "无", "25年越冬基数调查": null, "2025年幼虫危害程度": "无" }, "geometry": { "type": "Point", "coordinates": [ 12998771.667357197031379, 4850139.847341814078391, -0.000045849251137 ] } },
{ "type": "Feature", "properties": { "fid": 505, "编号": "LC0078", "乡镇": "潞城镇", "村": "后榆村", "24越冬基数": null, "25点围环情况": null, "25年成虫危害程度": "无", "24年危害程度": "无", "面积": null, "24年杨扇杨小发生": null, "23年杨扇杨小发生": null, "19年危害程度": "无", "25年越冬基数调查": null, "2025年幼虫危害程度": "轻" }, "geometry": { "type": "Point", "coordinates": [ 12999887.128555757924914, 4848904.376519073732197, -0.000045849251137 ] } },
{ "type": "Feature", "properties": { "fid": 507, "编号": "LC0118", "乡镇": "潞城镇", "村": "后屯村", "24越冬基数": null, "25点围环情况": null, "25年成虫危害程度": "无", "24年危害程度": "无", "面积": null, "24年杨扇杨小发生": null, "23年杨扇杨小发生": null, "19年危害程度": "无", "25年越冬基数调查": null, "2025年幼虫危害程度": "无" }, "geometry": { "type": "Point", "coordinates": [ 12991372.028194164857268, 4854146.152056634426117, -0.000045849251137 ] } },
{ "type": "Feature", "properties": { "fid": 509, "编号": "LC0103", "乡镇": "潞城镇", "村": "后屯村", "24越冬基数": null, "25点围环情况": null, "25年成虫危害程度": "无", "24年危害程度": "无", "面积": null, "24年杨扇杨小发生": null, "23年杨扇杨小发生": null, "19年危害程度": "无", "25年越冬基数调查": null, "2025年幼虫危害程度": "无" }, "geometry": { "type": "Point", "coordinates": [ 12991593.534180417656898, 4854772.677596552297473, -0.000045849251137 ] } },
{ "type": "Feature", "properties": { "fid": 510, "编号": "LC0135", "乡镇": "潞城镇", "村": "杨脱村", "24越冬基数": null, "25点围环情况": null, "25年成虫危害程度": "无", "24年危害程度": "无", "面积": null, "24年杨扇杨小发生": null, "23年杨扇杨小发生": null, "19年危害程度": "无", "25年越冬基数调查": null, "2025年幼虫危害程度": "无" }, "geometry": { "type": "Point", "coordinates": [ 12991523.58634115755558, 4851813.786605968140066, -0.000045849251137 ] } },
{ "type": "Feature", "properties": { "fid": 511, "编号": "LC0046", "乡镇": "潞城镇", "村": "前疃村", "24越冬基数": null, "25点围环情况": null, "25年成虫危害程度": "无", "24年危害程度": "无", "面积": null, "24年杨扇杨小发生": null, "23年杨扇杨小发生": null, "19年危害程度": "无", "25年越冬基数调查": null, "2025年幼虫危害程度": "无" }, "geometry": { "type": "Point", "coordinates": [ 13005065.620666077360511, 4846308.059673943556845, -0.000045849251137 ] } },
{ "type": "Feature", "properties": { "fid": 512, "编号": "LC0059", "乡镇": "潞城镇", "村": "贾后疃", "24越冬基数": null, "25点围环情况": null, "25年成虫危害程度": "无", "24年危害程度": "无", "面积": null, "24年杨扇杨小发生": null, "23年杨扇杨小发生": null, "19年危害程度": "无", "25年越冬基数调查": null, "2025年幼虫危害程度": "轻" }, "geometry": { "type": "Point", "coordinates": [ 13003991.955580802634358, 4847603.374214845709503, -0.000045849251137 ] } },
{ "type": "Feature", "properties": { "fid": 513, "编号": "LC0227", "乡镇": "潞城镇", "村": "小甘棠", "24越冬基数": null, "25点围环情况": null, "25年成虫危害程度": "无", "24年危害程度": "无", "面积": null, "24年杨扇杨小发生": null, "23年杨扇杨小发生": null, "19年危害程度": "无", "25年越冬基数调查": null, "2025年幼虫危害程度": "无" }, "geometry": { "type": "Point", "coordinates": [ 12999269.86860815808177, 4845312.847384719178081, -0.000045849251137 ] } },
{ "type": "Feature", "properties": { "fid": 514, "编号": "LC0177", "乡镇": "潞城镇", "村": "大甘棠", "24越冬基数": null, "25点围环情况": null, "25年成虫危害程度": "无", "24年危害程度": "无", "面积": null, "24年杨扇杨小发生": null, "23年杨扇杨小发生": null, "19年危害程度": "无", "25年越冬基数调查": null, "2025年幼虫危害程度": "轻" }, "geometry": { "type": "Point", "coordinates": [ 12998479.845764461904764, 4845815.694360728375614, -0.000045849251137 ] } },
{ "type": "Feature", "properties": { "fid": 515, "编号": "LC0237", "乡镇": "潞城镇", "村": "大甘棠", "24越冬基数": null, "25点围环情况": null, "25年成虫危害程度": "无", "24年危害程度": "无", "面积": null, "24年杨扇杨小发生": null, "23年杨扇杨小发生": null, "19年危害程度": "无", "25年越冬基数调查": null, "2025年幼虫危害程度": "无" }, "geometry": { "type": "Point", "coordinates": [ 12997160.836807727813721, 4845714.058045113459229, -0.000045849251137 ] } },
{ "type": "Feature", "properties": { "fid": 516, "编号": "LC0161", "乡镇": "潞城镇", "村": "南刘各", "24越冬基数": null, "25点围环情况": null, "25年成虫危害程度": "无", "24年危害程度": "无", "面积": null, "24年杨扇杨小发生": null, "23年杨扇杨小发生": null, "19年危害程度": "", "25年越冬基数调查": null, "2025年幼虫危害程度": "轻" }, "geometry": { "type": "Point", "coordinates": [ 12996258.774635726585984, 4846988.606433626264334, -0.000045849251137 ] } },
{ "type": "Feature", "properties": { "fid": 517, "编号": "LC0163", "乡镇": "潞城镇", "村": "大甘棠", "24越冬基数": null, "25点围环情况": null, "25年成虫危害程度": "无", "24年危害程度": "无", "面积": null, "24年杨扇杨小发生": null, "23年杨扇杨小发生": null, "19年危害程度": "无", "25年越冬基数调查": null, "2025年幼虫危害程度": "无" }, "geometry": { "type": "Point", "coordinates": [ 12996595.799100805073977, 4846303.950979079119861, -0.000045849251137 ] } },
{ "type": "Feature", "properties": { "fid": 518, "编号": "LC0240", "乡镇": "潞城镇", "村": "大营村", "24越冬基数": null, "25点围环情况": null, "25年成虫危害程度": "无", "24年危害程度": "无", "面积": null, "24年杨扇杨小发生": null, "23年杨扇杨小发生": null, "19年危害程度": "无", "25年越冬基数调查": null, "2025年幼虫危害程度": "无" }, "geometry": { "type": "Point", "coordinates": [ 12994444.219811914488673, 4849673.742786528542638, -0.000045849251137 ] } },
{ "type": "Feature", "properties": { "fid": 519, "编号": "LC0147", "乡镇": "潞城镇", "村": "大营村", "24越冬基数": null, "25点围环情况": null, "25年成虫危害程度": "无", "24年危害程度": "无", "面积": null, "24年杨扇杨小发生": null, "23年杨扇杨小发生": null, "19年危害程度": "无", "25年越冬基数调查": null, "2025年幼虫危害程度": "无" }, "geometry": { "type": "Point", "coordinates": [ 12994666.048826603218913, 4849493.023532612249255, -0.000045849251137 ] } },
{ "type": "Feature", "properties": { "fid": 520, "编号": "LC0158", "乡镇": "潞城镇", "村": "杨坨村", "24越冬基数": null, "25点围环情况": null, "25年成虫危害程度": "无", "24年危害程度": "无", "面积": null, "24年杨扇杨小发生": null, "23年杨扇杨小发生": null, "19年危害程度": "无", "25年越冬基数调查": null, "2025年幼虫危害程度": "无" }, "geometry": { "type": "Point", "coordinates": [ 12991559.816905351355672, 4850827.220435803756118, -0.000045849251137 ] } },
{ "type": "Feature", "properties": { "fid": 521, "编号": "HX0004", "乡镇": "漷县镇", "村": "曹庄村", "24越冬基数": null, "25点围环情况": null, "25年成虫危害程度": "无", "24年危害程度": "无", "面积": null, "24年杨扇杨小发生": null, "23年杨扇杨小发生": null, "19年危害程度": "无", "25年越冬基数调查": null, "2025年幼虫危害程度": "无" }, "geometry": { "type": "Point", "coordinates": [ 13010924.409214904531837, 4831212.291387202218175, -0.000045849251137 ] } },
{ "type": "Feature", "properties": { "fid": 522, "编号": "HX0010", "乡镇": "漷县镇", "村": "马头村", "24越冬基数": null, "25点围环情况": null, "25年成虫危害程度": "无", "24年危害程度": "无", "面积": null, "24年杨扇杨小发生": "无", "23年杨扇杨小发生": "", "19年危害程度": "无", "25年越冬基数调查": null, "2025年幼虫危害程度": "轻" }, "geometry": { "type": "Point", "coordinates": [ 13005209.932922247797251, 4831605.792427582666278, -0.000045849251137 ] } },
{ "type": "Feature", "properties": { "fid": 523, "编号": "HX0013", "乡镇": "漷县镇", "村": "马头村", "24越冬基数": null, "25点围环情况": null, "25年成虫危害程度": "无", "24年危害程度": "无", "面积": null, "24年杨扇杨小发生": "无", "23年杨扇杨小发生": "", "19年危害程度": "无", "25年越冬基数调查": null, "2025年幼虫危害程度": "无" }, "geometry": { "type": "Point", "coordinates": [ 13004553.92536398768425, 4831649.899675091728568, -0.000045849251137 ] } },
{ "type": "Feature", "properties": { "fid": 524, "编号": "HX0015", "乡镇": "漷县镇", "村": "马头村", "24越冬基数": null, "25点围环情况": null, "25年成虫危害程度": "无", "24年危害程度": "无", "面积": null, "24年杨扇杨小发生": "无", "23年杨扇杨小发生": "无", "19年危害程度": "无", "25年越冬基数调查": null, "2025年幼虫危害程度": "无" }, "geometry": { "type": "Point", "coordinates": [ 13004312.97579382173717, 4831674.812044393271208, -0.000045849251137 ] } },
{ "type": "Feature", "properties": { "fid": 525, "编号": "HX0018", "乡镇": "漷县镇", "村": "杨堤村", "24越冬基数": null, "25点围环情况": null, "25年成虫危害程度": "无", "24年危害程度": "无", "面积": null, "24年杨扇杨小发生": null, "23年杨扇杨小发生": null, "19年危害程度": "无", "25年越冬基数调查": null, "2025年幼虫危害程度": "无" }, "geometry": { "type": "Point", "coordinates": [ 13001874.633802192285657, 4833121.75934876780957, -0.000045849251137 ] } },
{ "type": "Feature", "properties": { "fid": 526, "编号": "HX0023", "乡镇": "漷县镇", "村": "榆林庄", "24越冬基数": null, "25点围环情况": null, "25年成虫危害程度": "无", "24年危害程度": "无", "面积": null, "24年杨扇杨小发生": "无", "23年杨扇杨小发生": "", "19年危害程度": "无", "25年越冬基数调查": null, "2025年幼虫危害程度": "无" }, "geometry": { "type": "Point", "coordinates": [ 13000055.666126372292638, 4836444.711667046882212, -0.000045849251137 ] } },
{ "type": "Feature", "properties": { "fid": 527, "编号": "HX0027", "乡镇": "漷县镇", "村": "儒家林", "24越冬基数": null, "25点围环情况": null, "25年成虫危害程度": "无", "24年危害程度": "无", "面积": null, "24年杨扇杨小发生": null, "23年杨扇杨小发生": null, "19年危害程度": "无", "25年越冬基数调查": null, "2025年幼虫危害程度": "无" }, "geometry": { "type": "Point", "coordinates": [ 12999050.526746723800898, 4838587.919491754844785, -0.000045849251137 ] } },
{ "type": "Feature", "properties": { "fid": 528, "编号": "HX0036", "乡镇": "漷县镇", "村": "翟各庄", "24越冬基数": null, "25点围环情况": null, "25年成虫危害程度": "无", "24年危害程度": "无", "面积": null, "24年杨扇杨小发生": null, "23年杨扇杨小发生": null, "19年危害程度": "无", "25年越冬基数调查": null, "2025年幼虫危害程度": "无" }, "geometry": { "type": "Point", "coordinates": [ 12996109.006277395412326, 4834346.290812389925122, -0.000045849251137 ] } },
{ "type": "Feature", "properties": { "fid": 529, "编号": "HX0038", "乡镇": "漷县镇", "村": "西鲁村", "24越冬基数": null, "25点围环情况": null, "25年成虫危害程度": "无", "24年危害程度": "无", "面积": null, "24年杨扇杨小发生": "无", "23年杨扇杨小发生": "", "19年危害程度": "无", "25年越冬基数调查": null, "2025年幼虫危害程度": "无" }, "geometry": { "type": "Point", "coordinates": [ 12995304.378241892904043, 4831227.958424923941493, -0.000045849251137 ] } },
{ "type": "Feature", "properties": { "fid": 530, "编号": "HX0040", "乡镇": "漷县镇", "村": "草厂村", "24越冬基数": null, "25点围环情况": null, "25年成虫危害程度": "无", "24年危害程度": "无", "面积": null, "24年杨扇杨小发生": null, "23年杨扇杨小发生": null, "19年危害程度": "无", "25年越冬基数调查": null, "2025年幼虫危害程度": "轻" }, "geometry": { "type": "Point", "coordinates": [ 12994836.713617540895939, 4828870.754263078793883, -0.000045849251137 ] } },
{ "type": "Feature", "properties": { "fid": 531, "编号": "HX0042", "乡镇": "漷县镇", "村": "草厂村", "24越冬基数": null, "25点围环情况": null, "25年成虫危害程度": "无", "24年危害程度": "无", "面积": null, "24年杨扇杨小发生": null, "23年杨扇杨小发生": null, "19年危害程度": "无", "25年越冬基数调查": null, "2025年幼虫危害程度": "无" }, "geometry": { "type": "Point", "coordinates": [ 12996507.165700163692236, 4829047.426819483749568, -0.000045849251137 ] } },
{ "type": "Feature", "properties": { "fid": 532, "编号": "HX0044", "乡镇": "漷县镇", "村": "草厂村", "24越冬基数": null, "25点围环情况": null, "25年成虫危害程度": "无", "24年危害程度": "无", "面积": null, "24年杨扇杨小发生": null, "23年杨扇杨小发生": null, "19年危害程度": "无", "25年越冬基数调查": null, "2025年幼虫危害程度": "轻" }, "geometry": { "type": "Point", "coordinates": [ 12996730.354122377932072, 4828609.108818619512022, -0.000045849251137 ] } },
{ "type": "Feature", "properties": { "fid": 533, "编号": "HX0046", "乡镇": "漷县镇", "村": "草厂村", "24越冬基数": null, "25点围环情况": "轻度", "25年成虫危害程度": "无", "24年危害程度": "轻", "面积": 43.6, "24年杨扇杨小发生": null, "23年杨扇杨小发生": null, "19年危害程度": "中", "25年越冬基数调查": null, "2025年幼虫危害程度": "轻" }, "geometry": { "type": "Point", "coordinates": [ 12997116.684021750465035, 4828373.428996838629246, -0.000045849251137 ] } },
{ "type": "Feature", "properties": { "fid": 534, "编号": "HX0048", "乡镇": "漷县镇", "村": "周起营", "24越冬基数": null, "25点围环情况": null, "25年成虫危害程度": "轻", "24年危害程度": "无", "面积": null, "24年杨扇杨小发生": null, "23年杨扇杨小发生": null, "19年危害程度": "", "25年越冬基数调查": null, "2025年幼虫危害程度": "中" }, "geometry": { "type": "Point", "coordinates": [ 12997344.11375018954277, 4827371.188002441078424, -0.000045849251137 ] } },
{ "type": "Feature", "properties": { "fid": 535, "编号": "HX0061", "乡镇": "漷县镇", "村": "军屯村", "24越冬基数": null, "25点围环情况": null, "25年成虫危害程度": "无", "24年危害程度": "无", "面积": null, "24年杨扇杨小发生": "无", "23年杨扇杨小发生": "", "19年危害程度": "无", "25年越冬基数调查": null, "2025年幼虫危害程度": "中" }, "geometry": { "type": "Point", "coordinates": [ 13003997.737856965512037, 4826423.551433953456581, -0.000045849251137 ] } },
{ "type": "Feature", "properties": { "fid": 536, "编号": "HX0073", "乡镇": "漷县镇", "村": "梁家务", "24越冬基数": null, "25点围环情况": "严重", "25年成虫危害程度": "中", "24年危害程度": "重", "面积": 51.9, "24年杨扇杨小发生": null, "23年杨扇杨小发生": null, "19年危害程度": "重", "25年越冬基数调查": "1", "2025年幼虫危害程度": "重" }, "geometry": { "type": "Point", "coordinates": [ 13011946.121540810912848, 4818819.469067133031785, -0.000045849251137 ] } },
{ "type": "Feature", "properties": { "fid": 537, "编号": "HX0076", "乡镇": "漷县镇", "村": "边怀庄", "24越冬基数": null, "25点围环情况": null, "25年成虫危害程度": "无", "24年危害程度": "无", "面积": null, "24年杨扇杨小发生": null, "23年杨扇杨小发生": null, "19年危害程度": "无", "25年越冬基数调查": null, "2025年幼虫危害程度": "无" }, "geometry": { "type": "Point", "coordinates": [ 13010462.326638538390398, 4820771.892047055996954, -0.000045849251137 ] } },
{ "type": "Feature", "properties": { "fid": 538, "编号": "HX0080", "乡镇": "漷县镇", "村": "边怀庄", "24越冬基数": null, "25点围环情况": null, "25年成虫危害程度": "无", "24年危害程度": "无", "面积": null, "24年杨扇杨小发生": null, "23年杨扇杨小发生": null, "19年危害程度": "无", "25年越冬基数调查": null, "2025年幼虫危害程度": "轻" }, "geometry": { "type": "Point", "coordinates": [ 13010958.065969612449408, 4821552.602773296646774, -0.000045849251137 ] } },
{ "type": "Feature", "properties": { "fid": 539, "编号": "HX0093", "乡镇": "漷县镇", "村": "曹庄村", "24越冬基数": null, "25点围环情况": null, "25年成虫危害程度": "无", "24年危害程度": "无", "面积": null, "24年杨扇杨小发生": "无", "23年杨扇杨小发生": "", "19年危害程度": "无", "25年越冬基数调查": null, "2025年幼虫危害程度": "无" }, "geometry": { "type": "Point", "coordinates": [ 13012638.872606337070465, 4827360.634175946936011, -0.000045849251137 ] } },
{ "type": "Feature", "properties": { "fid": 540, "编号": "HX0095", "乡镇": "漷县镇", "村": "纪各庄", "24越冬基数": null, "25点围环情况": null, "25年成虫危害程度": "无", "24年危害程度": "无", "面积": null, "24年杨扇杨小发生": "无", "23年杨扇杨小发生": "", "19年危害程度": "无", "25年越冬基数调查": null, "2025年幼虫危害程度": "无" }, "geometry": { "type": "Point", "coordinates": [ 13011273.932692926377058, 4827368.480178677476943, -0.000045849251137 ] } },
{ "type": "Feature", "properties": { "fid": 541, "编号": "HX0099", "乡镇": "漷县镇", "村": "曹庄村", "24越冬基数": null, "25点围环情况": null, "25年成虫危害程度": "无", "24年危害程度": "无", "面积": 81.2, "24年杨扇杨小发生": "无", "23年杨扇杨小发生": "", "19年危害程度": "轻", "25年越冬基数调查": null, "2025年幼虫危害程度": "无" }, "geometry": { "type": "Point", "coordinates": [ 13012309.141385577619076, 4827690.09852462541312, -0.000045849251137 ] } },
{ "type": "Feature", "properties": { "fid": 542, "编号": "HX0101", "乡镇": "漷县镇", "村": "漷县村", "24越冬基数": null, "25点围环情况": null, "25年成虫危害程度": "无", "24年危害程度": "无", "面积": null, "24年杨扇杨小发生": null, "23年杨扇杨小发生": null, "19年危害程度": "", "25年越冬基数调查": null, "2025年幼虫危害程度": "无" }, "geometry": { "type": "Point", "coordinates": [ 12998324.7898925896734, 4834766.271596013568342, -0.000045849251137 ] } },
{ "type": "Feature", "properties": { "fid": 543, "编号": "HX0104", "乡镇": "漷县镇", "村": "南阳村", "24越冬基数": null, "25点围环情况": null, "25年成虫危害程度": "无", "24年危害程度": "无", "面积": null, "24年杨扇杨小发生": "无", "23年杨扇杨小发生": "", "19年危害程度": "无", "25年越冬基数调查": null, "2025年幼虫危害程度": "无" }, "geometry": { "type": "Point", "coordinates": [ 12999834.666185218840837, 4834575.29097871016711, -0.000045849251137 ] } },
{ "type": "Feature", "properties": { "fid": 544, "编号": "HX0106", "乡镇": "漷县镇", "村": "漷县村", "24越冬基数": null, "25点围环情况": null, "25年成虫危害程度": "无", "24年危害程度": "无", "面积": null, "24年杨扇杨小发生": null, "23年杨扇杨小发生": null, "19年危害程度": "无", "25年越冬基数调查": null, "2025年幼虫危害程度": "无" }, "geometry": { "type": "Point", "coordinates": [ 12999079.993436101824045, 4833969.888895317912102, -0.000045849251137 ] } },
{ "type": "Feature", "properties": { "fid": 545, "编号": "HX0108", "乡镇": "漷县镇", "村": "漷县村", "24越冬基数": null, "25点围环情况": "轻度", "25年成虫危害程度": "无", "24年危害程度": "轻", "面积": 22.8, "24年杨扇杨小发生": null, "23年杨扇杨小发生": null, "19年危害程度": "无", "25年越冬基数调查": null, "2025年幼虫危害程度": "无" }, "geometry": { "type": "Point", "coordinates": [ 12999409.866817865520716, 4834064.710165483877063, -0.000045849251137 ] } },
{ "type": "Feature", "properties": { "fid": 546, "编号": "HX0111", "乡镇": "漷县镇", "村": "杨堤村", "24越冬基数": null, "25点围环情况": null, "25年成虫危害程度": "无", "24年危害程度": "无", "面积": null, "24年杨扇杨小发生": null, "23年杨扇杨小发生": null, "19年危害程度": "无", "25年越冬基数调查": null, "2025年幼虫危害程度": "无" }, "geometry": { "type": "Point", "coordinates": [ 13002055.815831132233143, 4833860.047669485211372, -0.000045849251137 ] } },
{ "type": "Feature", "properties": { "fid": 547, "编号": "HX0121", "乡镇": "漷县镇", "村": "南丁庄", "24越冬基数": "杨扇（轻）", "25点围环情况": null, "25年成虫危害程度": "无", "24年危害程度": "无", "面积": null, "24年杨扇杨小发生": "轻", "23年杨扇杨小发生": "重", "19年危害程度": "无", "25年越冬基数调查": null, "2025年幼虫危害程度": "无" }, "geometry": { "type": "Point", "coordinates": [ 13000132.829060224816203, 4829758.618166073225439, -0.000045849251137 ] } },
{ "type": "Feature", "properties": { "fid": 548, "编号": "HX0124", "乡镇": "漷县镇", "村": "小香仪", "24越冬基数": null, "25点围环情况": null, "25年成虫危害程度": "无", "24年危害程度": "无", "面积": null, "24年杨扇杨小发生": "无", "23年杨扇杨小发生": "", "19年危害程度": "无", "25年越冬基数调查": null, "2025年幼虫危害程度": "无" }, "geometry": { "type": "Point", "coordinates": [ 13001116.645494, 4828715.440248181112111, -0.000045849251137 ] } },
{ "type": "Feature", "properties": { "fid": 549, "编号": "HX0126", "乡镇": "漷县镇", "村": "草厂村", "24越冬基数": null, "25点围环情况": null, "25年成虫危害程度": "无", "24年危害程度": "无", "面积": 33.6, "24年杨扇杨小发生": null, "23年杨扇杨小发生": null, "19年危害程度": "轻", "25年越冬基数调查": null, "2025年幼虫危害程度": "无" }, "geometry": { "type": "Point", "coordinates": [ 12997430.635799175128341, 4829724.583810793235898, -0.000045849251137 ] } },
{ "type": "Feature", "properties": { "fid": 550, "编号": "HX0132", "乡镇": "漷县镇", "村": "大香仪", "24越冬基数": null, "25点围环情况": null, "25年成虫危害程度": "无", "24年危害程度": "无", "面积": null, "24年杨扇杨小发生": null, "23年杨扇杨小发生": null, "19年危害程度": "无", "25年越冬基数调查": null, "2025年幼虫危害程度": "无" }, "geometry": { "type": "Point", "coordinates": [ 13002567.889254277572036, 4830076.384455983527005, -0.000045849251137 ] } },
{ "type": "Feature", "properties": { "fid": 552, "编号": "HX0138", "乡镇": "漷县镇", "村": "石槽村", "24越冬基数": null, "25点围环情况": null, "25年成虫危害程度": "无", "24年危害程度": "无", "面积": null, "24年杨扇杨小发生": null, "23年杨扇杨小发生": null, "19年危害程度": "", "25年越冬基数调查": null, "2025年幼虫危害程度": "无" }, "geometry": { "type": "Point", "coordinates": [ 13004806.061305105686188, 4829217.751168785616755, -0.000045849251137 ] } },
{ "type": "Feature", "properties": { "fid": 553, "编号": "HX0140", "乡镇": "漷县镇", "村": "石槽村", "24越冬基数": null, "25点围环情况": null, "25年成虫危害程度": "无", "24年危害程度": "无", "面积": null, "24年杨扇杨小发生": "无", "23年杨扇杨小发生": "", "19年危害程度": "无", "25年越冬基数调查": null, "2025年幼虫危害程度": "无" }, "geometry": { "type": "Point", "coordinates": [ 13005979.474161218851805, 4829146.940841312520206, -0.000045849251137 ] } },
{ "type": "Feature", "properties": { "fid": 554, "编号": "HX0142", "乡镇": "漷县镇", "村": "毛庄村", "24越冬基数": null, "25点围环情况": null, "25年成虫危害程度": "无", "24年危害程度": "无", "面积": 85.0, "24年杨扇杨小发生": "无", "23年杨扇杨小发生": "", "19年危害程度": "轻", "25年越冬基数调查": null, "2025年幼虫危害程度": "无" }, "geometry": { "type": "Point", "coordinates": [ 13006317.493923248723149, 4828558.71422722004354, -0.000045849251137 ] } },
{ "type": "Feature", "properties": { "fid": 555, "编号": "HX0152", "乡镇": "漷县镇", "村": "马头村", "24越冬基数": null, "25点围环情况": null, "25年成虫危害程度": "轻", "24年危害程度": "无", "面积": null, "24年杨扇杨小发生": "无", "23年杨扇杨小发生": "", "19年危害程度": "无", "25年越冬基数调查": null, "2025年幼虫危害程度": "重" }, "geometry": { "type": "Point", "coordinates": [ 13005693.367379343137145, 4830680.004683663137257, -0.000045849251137 ] } },
{ "type": "Feature", "properties": { "fid": 556, "编号": "HX0154", "乡镇": "漷县镇", "村": "石槽村", "24越冬基数": null, "25点围环情况": null, "25年成虫危害程度": "无", "24年危害程度": "无", "面积": null, "24年杨扇杨小发生": "无", "23年杨扇杨小发生": "", "19年危害程度": "无", "25年越冬基数调查": null, "2025年幼虫危害程度": "无" }, "geometry": { "type": "Point", "coordinates": [ 13006648.342841625213623, 4830273.98029416706413, -0.000045849251137 ] } },
{ "type": "Feature", "properties": { "fid": 557, "编号": "HX0156", "乡镇": "漷县镇", "村": "凌庄村", "24越冬基数": null, "25点围环情况": null, "25年成虫危害程度": "无", "24年危害程度": "无", "面积": null, "24年杨扇杨小发生": null, "23年杨扇杨小发生": null, "19年危害程度": "无", "25年越冬基数调查": null, "2025年幼虫危害程度": "无" }, "geometry": { "type": "Point", "coordinates": [ 13006970.883971920236945, 4830366.033850655891001, -0.000045849251137 ] } },
{ "type": "Feature", "properties": { "fid": 558, "编号": "HX0158", "乡镇": "漷县镇", "村": "凌庄村", "24越冬基数": null, "25点围环情况": null, "25年成虫危害程度": "无", "24年危害程度": "无", "面积": null, "24年杨扇杨小发生": "无", "23年杨扇杨小发生": "", "19年危害程度": "无", "25年越冬基数调查": null, "2025年幼虫危害程度": "重" }, "geometry": { "type": "Point", "coordinates": [ 13007297.72336845099926, 4829845.707849373109639, -0.000045849251137 ] } },
{ "type": "Feature", "properties": { "fid": 559, "编号": "HX0160", "乡镇": "漷县镇", "村": "凌庄村", "24越冬基数": null, "25点围环情况": null, "25年成虫危害程度": "无", "24年危害程度": "无", "面积": null, "24年杨扇杨小发生": "无", "23年杨扇杨小发生": "", "19年危害程度": "无", "25年越冬基数调查": null, "2025年幼虫危害程度": "中" }, "geometry": { "type": "Point", "coordinates": [ 13007135.54271680675447, 4829807.50761679187417, -0.000045849251137 ] } },
{ "type": "Feature", "properties": { "fid": 560, "编号": "HX0162", "乡镇": "漷县镇", "村": "凌庄村", "24越冬基数": null, "25点围环情况": null, "25年成虫危害程度": "无", "24年危害程度": "无", "面积": 59.6, "24年杨扇杨小发生": null, "23年杨扇杨小发生": null, "19年危害程度": "轻", "25年越冬基数调查": null, "2025年幼虫危害程度": "轻" }, "geometry": { "type": "Point", "coordinates": [ 13007868.734916834160686, 4829223.980692910961807, -0.000045849251137 ] } },
{ "type": "Feature", "properties": { "fid": 561, "编号": "HX0183", "乡镇": "漷县镇", "村": "曹庄村", "24越冬基数": null, "25点围环情况": null, "25年成虫危害程度": "无", "24年危害程度": "无", "面积": null, "24年杨扇杨小发生": "无", "23年杨扇杨小发生": "", "19年危害程度": "无", "25年越冬基数调查": null, "2025年幼虫危害程度": "无" }, "geometry": { "type": "Point", "coordinates": [ 13011990.246702326461673, 4828931.695353912189603, -0.000045849251137 ] } },
{ "type": "Feature", "properties": { "fid": 562, "编号": "HX0186", "乡镇": "漷县镇", "村": "小屯村", "24越冬基数": null, "25点围环情况": null, "25年成虫危害程度": "无", "24年危害程度": "无", "面积": null, "24年杨扇杨小发生": "无", "23年杨扇杨小发生": "", "19年危害程度": "无", "25年越冬基数调查": null, "2025年幼虫危害程度": "无" }, "geometry": { "type": "Point", "coordinates": [ 13013104.17919516377151, 4828689.134393515065312, -0.000045849251137 ] } },
{ "type": "Feature", "properties": { "fid": 563, "编号": "HX0189", "乡镇": "漷县镇", "村": "凌庄村", "24越冬基数": null, "25点围环情况": null, "25年成虫危害程度": "无", "24年危害程度": "无", "面积": null, "24年杨扇杨小发生": "无", "23年杨扇杨小发生": "", "19年危害程度": "无", "25年越冬基数调查": null, "2025年幼虫危害程度": "无" }, "geometry": { "type": "Point", "coordinates": [ 13012897.880042714998126, 4828625.145124144852161, -0.000045849251137 ] } },
{ "type": "Feature", "properties": { "fid": 564, "编号": "HX0191", "乡镇": "漷县镇", "村": "侯黄庄", "24越冬基数": null, "25点围环情况": null, "25年成虫危害程度": "无", "24年危害程度": "无", "面积": null, "24年杨扇杨小发生": "无", "23年杨扇杨小发生": "", "19年危害程度": "", "25年越冬基数调查": null, "2025年幼虫危害程度": "无" }, "geometry": { "type": "Point", "coordinates": [ 13010599.385661564767361, 4827856.778098464012146, -0.000045849251137 ] } },
{ "type": "Feature", "properties": { "fid": 565, "编号": "HX0202", "乡镇": "漷县镇", "村": "军屯村", "24越冬基数": null, "25点围环情况": null, "25年成虫危害程度": "无", "24年危害程度": "无", "面积": null, "24年杨扇杨小发生": null, "23年杨扇杨小发生": null, "19年危害程度": "无", "25年越冬基数调查": null, "2025年幼虫危害程度": "无" }, "geometry": { "type": "Point", "coordinates": [ 13004720.030581368133426, 4826266.366605636663735, -0.000045849251137 ] } },
{ "type": "Feature", "properties": { "fid": 566, "编号": "HX0204", "乡镇": "漷县镇", "村": "觅子店", "24越冬基数": null, "25点围环情况": null, "25年成虫危害程度": "无", "24年危害程度": "无", "面积": 34.2, "24年杨扇杨小发生": null, "23年杨扇杨小发生": null, "19年危害程度": "轻", "25年越冬基数调查": null, "2025年幼虫危害程度": "轻" }, "geometry": { "type": "Point", "coordinates": [ 13009799.524776531383395, 4823643.927018143236637, -0.000045849251137 ] } },
{ "type": "Feature", "properties": { "fid": 567, "编号": "HX0215", "乡镇": "漷县镇", "村": "翟各庄", "24越冬基数": null, "25点围环情况": null, "25年成虫危害程度": "无", "24年危害程度": "无", "面积": null, "24年杨扇杨小发生": null, "23年杨扇杨小发生": null, "19年危害程度": "无", "25年越冬基数调查": null, "2025年幼虫危害程度": "无" }, "geometry": { "type": "Point", "coordinates": [ 12997141.740827111527324, 4834220.59274946898222, -0.000045849251137 ] } },
{ "type": "Feature", "properties": { "fid": 568, "编号": "HX0216", "乡镇": "漷县镇", "村": "翟各庄", "24越冬基数": null, "25点围环情况": null, "25年成虫危害程度": "无", "24年危害程度": "无", "面积": null, "24年杨扇杨小发生": null, "23年杨扇杨小发生": null, "19年危害程度": "无", "25年越冬基数调查": null, "2025年幼虫危害程度": "无" }, "geometry": { "type": "Point", "coordinates": [ 12996263.779023375362158, 4834502.268104282207787, -0.000045849251137 ] } },
{ "type": "Feature", "properties": { "fid": 569, "编号": "HX0220", "乡镇": "漷县镇", "村": "翟各庄", "24越冬基数": null, "25点围环情况": null, "25年成虫危害程度": "无", "24年危害程度": "无", "面积": null, "24年杨扇杨小发生": null, "23年杨扇杨小发生": null, "19年危害程度": "无", "25年越冬基数调查": null, "2025年幼虫危害程度": "轻" }, "geometry": { "type": "Point", "coordinates": [ 13004197.278202340006828, 4826208.099199280142784, -0.000045849251137 ] } },
{ "type": "Feature", "properties": { "fid": 570, "编号": "HX0222", "乡镇": "漷县镇", "村": "凌庄村", "24越冬基数": null, "25点围环情况": null, "25年成虫危害程度": "无", "24年危害程度": "无", "面积": null, "24年杨扇杨小发生": null, "23年杨扇杨小发生": null, "19年危害程度": "无", "25年越冬基数调查": null, "2025年幼虫危害程度": "无" }, "geometry": { "type": "Point", "coordinates": [ 13006996.120178420096636, 4830083.401307457126677, -0.000045849251137 ] } },
{ "type": "Feature", "properties": { "fid": 571, "编号": "HX0224", "乡镇": "漷县镇", "村": "曹庄村", "24越冬基数": null, "25点围环情况": null, "25年成虫危害程度": "无", "24年危害程度": "无", "面积": null, "24年杨扇杨小发生": null, "23年杨扇杨小发生": null, "19年危害程度": "无", "25年越冬基数调查": null, "2025年幼虫危害程度": "无" }, "geometry": { "type": "Point", "coordinates": [ 13012676.044599333778024, 4828066.252393547445536, -0.000045849251137 ] } },
{ "type": "Feature", "properties": { "fid": 572, "编号": "HX0226", "乡镇": "漷县镇", "村": "毛庄村", "24越冬基数": null, "25点围环情况": null, "25年成虫危害程度": "无", "24年危害程度": "无", "面积": 34.2, "24年杨扇杨小发生": null, "23年杨扇杨小发生": null, "19年危害程度": "轻", "25年越冬基数调查": null, "2025年幼虫危害程度": "无" }, "geometry": { "type": "Point", "coordinates": [ 13006141.804324857890606, 4827882.433872643858194, -0.000045849251137 ] } },
{ "type": "Feature", "properties": { "fid": 573, "编号": "MQ0006", "乡镇": "马驹桥镇", "村": "北京经", "24越冬基数": null, "25点围环情况": "黑", "25年成虫危害程度": "无", "24年危害程度": "无", "面积": null, "24年杨扇杨小发生": null, "23年杨扇杨小发生": null, "19年危害程度": "无", "25年越冬基数调查": null, "2025年幼虫危害程度": "无" }, "geometry": { "type": "Point", "coordinates": [ 12974132.810442941263318, 4832332.396760201081634, -0.000045849251137 ] } },
{ "type": "Feature", "properties": { "fid": 574, "编号": "MQ0024", "乡镇": "马驹桥镇", "村": "北京经", "24越冬基数": null, "25点围环情况": null, "25年成虫危害程度": "无", "24年危害程度": "无", "面积": null, "24年杨扇杨小发生": "无", "23年杨扇杨小发生": "无", "19年危害程度": "无", "25年越冬基数调查": null, "2025年幼虫危害程度": "无" }, "geometry": { "type": "Point", "coordinates": [ 12972772.269374012947083, 4829047.707772048190236, -0.000045849251137 ] } },
{ "type": "Feature", "properties": { "fid": 575, "编号": "MQ0035", "乡镇": "马驹桥镇", "村": "史村", "24越冬基数": null, "25点围环情况": null, "25年成虫危害程度": "无", "24年危害程度": "无", "面积": null, "24年杨扇杨小发生": null, "23年杨扇杨小发生": null, "19年危害程度": "无", "25年越冬基数调查": null, "2025年幼虫危害程度": "无" }, "geometry": { "type": "Point", "coordinates": [ 12978356.123633414506912, 4827507.246913022361696, -0.000045849251137 ] } },
{ "type": "Feature", "properties": { "fid": 576, "编号": "MQ0048", "乡镇": "马驹桥镇", "村": "西马庄", "24越冬基数": null, "25点围环情况": "轻度", "25年成虫危害程度": "无", "24年危害程度": "中", "面积": 10.3, "24年杨扇杨小发生": "轻", "23年杨扇杨小发生": "轻", "19年危害程度": "无", "25年越冬基数调查": null, "2025年幼虫危害程度": "中" }, "geometry": { "type": "Point", "coordinates": [ 12988720.832003176212311, 4828506.206441133283079, -0.000045849251137 ] } },
{ "type": "Feature", "properties": { "fid": 577, "编号": "MQ0054", "乡镇": "马驹桥镇", "村": "小杜社", "24越冬基数": null, "25点围环情况": null, "25年成虫危害程度": "无", "24年危害程度": "无", "面积": null, "24年杨扇杨小发生": null, "23年杨扇杨小发生": null, "19年危害程度": "无", "25年越冬基数调查": null, "2025年幼虫危害程度": "无" }, "geometry": { "type": "Point", "coordinates": [ 12986507.190412594005466, 4830898.638930343091488, -0.000045849251137 ] } },
{ "type": "Feature", "properties": { "fid": 578, "编号": "MQ0058", "乡镇": "马驹桥镇", "村": "团瓢庄", "24越冬基数": null, "25点围环情况": null, "25年成虫危害程度": "无", "24年危害程度": "无", "面积": null, "24年杨扇杨小发生": "无", "23年杨扇杨小发生": "", "19年危害程度": "无", "25年越冬基数调查": null, "2025年幼虫危害程度": "无" }, "geometry": { "type": "Point", "coordinates": [ 12980504.336678544059396, 4831688.506269483827055, -0.000045849251137 ] } },
{ "type": "Feature", "properties": { "fid": 579, "编号": "MQ0061", "乡镇": "马驹桥镇", "村": "团瓢庄", "24越冬基数": null, "25点围环情况": null, "25年成虫危害程度": "无", "24年危害程度": "无", "面积": 42.7, "24年杨扇杨小发生": "无", "23年杨扇杨小发生": "", "19年危害程度": "轻", "25年越冬基数调查": null, "2025年幼虫危害程度": "无" }, "geometry": { "type": "Point", "coordinates": [ 12979461.385635741055012, 4830377.05964105669409, -0.000045849251137 ] } },
{ "type": "Feature", "properties": { "fid": 580, "编号": "MQ0063", "乡镇": "马驹桥镇", "村": "驸马庄", "24越冬基数": null, "25点围环情况": null, "25年成虫危害程度": "无", "24年危害程度": "无", "面积": null, "24年杨扇杨小发生": "无", "23年杨扇杨小发生": "", "19年危害程度": "无", "25年越冬基数调查": null, "2025年幼虫危害程度": "无" }, "geometry": { "type": "Point", "coordinates": [ 12978323.583768395707011, 4830706.298616469837725, -0.000045849251137 ] } },
{ "type": "Feature", "properties": { "fid": 581, "编号": "MQ0067", "乡镇": "马驹桥镇", "村": "团瓢庄", "24越冬基数": null, "25点围环情况": null, "25年成虫危害程度": "无", "24年危害程度": "无", "面积": null, "24年杨扇杨小发生": "无", "23年杨扇杨小发生": "", "19年危害程度": "无", "25年越冬基数调查": null, "2025年幼虫危害程度": "无" }, "geometry": { "type": "Point", "coordinates": [ 12980290.993176242336631, 4831670.481469955295324, -0.000045849251137 ] } },
{ "type": "Feature", "properties": { "fid": 582, "编号": "MQ0071", "乡镇": "马驹桥镇", "村": "团瓢庄", "24越冬基数": null, "25点围环情况": null, "25年成虫危害程度": "无", "24年危害程度": "无", "面积": null, "24年杨扇杨小发生": "无", "23年杨扇杨小发生": "", "19年危害程度": "无", "25年越冬基数调查": null, "2025年幼虫危害程度": "无" }, "geometry": { "type": "Point", "coordinates": [ 12980029.466226283460855, 4831227.09060375019908, -0.000045849251137 ] } },
{ "type": "Feature", "properties": { "fid": 583, "编号": "MQ0073", "乡镇": "马驹桥镇", "村": "驸马庄", "24越冬基数": null, "25点围环情况": null, "25年成虫危害程度": "无", "24年危害程度": "无", "面积": null, "24年杨扇杨小发生": "无", "23年杨扇杨小发生": "", "19年危害程度": "无", "25年越冬基数调查": null, "2025年幼虫危害程度": "无" }, "geometry": { "type": "Point", "coordinates": [ 12978570.415467781946063, 4830565.820660145953298, -0.000045849251137 ] } },
{ "type": "Feature", "properties": { "fid": 584, "编号": "SZ0003", "乡镇": "宋庄镇", "村": "师姑庄", "24越冬基数": null, "25点围环情况": null, "25年成虫危害程度": "无", "24年危害程度": "无", "面积": null, "24年杨扇杨小发生": null, "23年杨扇杨小发生": null, "19年危害程度": "无", "25年越冬基数调查": null, "2025年幼虫危害程度": "无" }, "geometry": { "type": "Point", "coordinates": [ 12999095.995036700740457, 4853142.609392398037016, -0.000045849251137 ] } },
{ "type": "Feature", "properties": { "fid": 585, "编号": "SZ0005", "乡镇": "宋庄镇", "村": "师姑庄", "24越冬基数": null, "25点围环情况": null, "25年成虫危害程度": "无", "24年危害程度": "无", "面积": null, "24年杨扇杨小发生": null, "23年杨扇杨小发生": null, "19年危害程度": "无", "25年越冬基数调查": null, "2025年幼虫危害程度": "无" }, "geometry": { "type": "Point", "coordinates": [ 12997300.520364433526993, 4852370.379793886095285, -0.000045849251137 ] } },
{ "type": "Feature", "properties": { "fid": 586, "编号": "SZ0007", "乡镇": "宋庄镇", "村": "师姑庄", "24越冬基数": null, "25点围环情况": null, "25年成虫危害程度": "无", "24年危害程度": "无", "面积": null, "24年杨扇杨小发生": null, "23年杨扇杨小发生": null, "19年危害程度": "无", "25年越冬基数调查": null, "2025年幼虫危害程度": "无" }, "geometry": { "type": "Point", "coordinates": [ 12997716.785476, 4853007.491365220397711, -0.000045849251137 ] } },
{ "type": "Feature", "properties": { "fid": 587, "编号": "SZ0014", "乡镇": "宋庄镇", "村": "白庙村", "24越冬基数": null, "25点围环情况": null, "25年成虫危害程度": "无", "24年危害程度": "无", "面积": null, "24年杨扇杨小发生": null, "23年杨扇杨小发生": null, "19年危害程度": "无", "25年越冬基数调查": null, "2025年幼虫危害程度": "无" }, "geometry": { "type": "Point", "coordinates": [ 12999239.376850448548794, 4856269.091296503320336, -0.000045849251137 ] } },
{ "type": "Feature", "properties": { "fid": 589, "编号": "SZ0018", "乡镇": "宋庄镇", "村": "白庙村", "24越冬基数": null, "25点围环情况": null, "25年成虫危害程度": "无", "24年危害程度": "无", "面积": null, "24年杨扇杨小发生": "无", "23年杨扇杨小发生": "", "19年危害程度": "无", "25年越冬基数调查": null, "2025年幼虫危害程度": "无" }, "geometry": { "type": "Point", "coordinates": [ 12998697.620393859222531, 4856853.604863747954369, -0.000045849251137 ] } },
{ "type": "Feature", "properties": { "fid": 590, "编号": "SZ0022", "乡镇": "宋庄镇", "村": "白庙村", "24越冬基数": null, "25点围环情况": null, "25年成虫危害程度": "无", "24年危害程度": "无", "面积": null, "24年杨扇杨小发生": null, "23年杨扇杨小发生": null, "19年危害程度": "", "25年越冬基数调查": null, "2025年幼虫危害程度": "无" }, "geometry": { "type": "Point", "coordinates": [ 12996974.623354882001877, 4858905.604856670834124, -0.000045849251137 ] } },
{ "type": "Feature", "properties": { "fid": 591, "编号": "SZ0028", "乡镇": "宋庄镇", "村": "郝各庄", "24越冬基数": null, "25点围环情况": null, "25年成虫危害程度": "无", "24年危害程度": "无", "面积": null, "24年杨扇杨小发生": "无", "23年杨扇杨小发生": "", "19年危害程度": "无", "25年越冬基数调查": null, "2025年幼虫危害程度": "中" }, "geometry": { "type": "Point", "coordinates": [ 12997865.124701885506511, 4864265.468815615400672, -0.000045849251137 ] } },
{ "type": "Feature", "properties": { "fid": 592, "编号": "SZ0030", "乡镇": "宋庄镇", "村": "郝各庄", "24越冬基数": null, "25点围环情况": null, "25年成虫危害程度": "无", "24年危害程度": "无", "面积": null, "24年杨扇杨小发生": "无", "23年杨扇杨小发生": "", "19年危害程度": "无", "25年越冬基数调查": null, "2025年幼虫危害程度": "轻" }, "geometry": { "type": "Point", "coordinates": [ 12998238.315151108428836, 4864874.903990381397307, -0.000045849251137 ] } },
{ "type": "Feature", "properties": { "fid": 593, "编号": "SZ0032", "乡镇": "宋庄镇", "村": "西赵村", "24越冬基数": null, "25点围环情况": null, "25年成虫危害程度": "无", "24年危害程度": "无", "面积": null, "24年杨扇杨小发生": "无", "23年杨扇杨小发生": "", "19年危害程度": "无", "25年越冬基数调查": null, "2025年幼虫危害程度": "无" }, "geometry": { "type": "Point", "coordinates": [ 12997950.71275145187974, 4866134.583675153553486, -0.000045849251137 ] } },
{ "type": "Feature", "properties": { "fid": 594, "编号": "SZ0041", "乡镇": "宋庄镇", "村": "郝各庄", "24越冬基数": null, "25点围环情况": null, "25年成虫危害程度": "无", "24年危害程度": "无", "面积": null, "24年杨扇杨小发生": null, "23年杨扇杨小发生": null, "19年危害程度": "无", "25年越冬基数调查": null, "2025年幼虫危害程度": "无" }, "geometry": { "type": "Point", "coordinates": [ 12998016.651277193799615, 4865129.512118458747864, -0.000045849251137 ] } },
{ "type": "Feature", "properties": { "fid": 595, "编号": "SZ0060", "乡镇": "宋庄镇", "村": "平家疃", "24越冬基数": null, "25点围环情况": null, "25年成虫危害程度": "无", "24年危害程度": "无", "面积": null, "24年杨扇杨小发生": null, "23年杨扇杨小发生": null, "19年危害程度": "无", "25年越冬基数调查": null, "2025年幼虫危害程度": "无" }, "geometry": { "type": "Point", "coordinates": [ 12993866.389158708974719, 4866684.004688134416938, -0.000045849251137 ] } },
{ "type": "Feature", "properties": { "fid": 596, "编号": "SZ0066", "乡镇": "宋庄镇", "村": "葛渠村", "24越冬基数": null, "25点围环情况": null, "25年成虫危害程度": "无", "24年危害程度": "无", "面积": null, "24年杨扇杨小发生": null, "23年杨扇杨小发生": null, "19年危害程度": "无", "25年越冬基数调查": null, "2025年幼虫危害程度": "无" }, "geometry": { "type": "Point", "coordinates": [ 12983739.799907203763723, 4868346.421741177327931, -0.000045849251137 ] } },
{ "type": "Feature", "properties": { "fid": 597, "编号": "SZ0075", "乡镇": "宋庄镇", "村": "管头村", "24越冬基数": null, "25点围环情况": null, "25年成虫危害程度": "无", "24年危害程度": "无", "面积": null, "24年杨扇杨小发生": null, "23年杨扇杨小发生": null, "19年危害程度": "无", "25年越冬基数调查": null, "2025年幼虫危害程度": "无" }, "geometry": { "type": "Point", "coordinates": [ 12980347.394908312708139, 4869934.871592820622027, -0.000045849251137 ] } },
{ "type": "Feature", "properties": { "fid": 598, "编号": "SZ0079", "乡镇": "宋庄镇", "村": "管头村", "24越冬基数": null, "25点围环情况": null, "25年成虫危害程度": "无", "24年危害程度": "无", "面积": null, "24年杨扇杨小发生": "无", "23年杨扇杨小发生": "", "19年危害程度": "无", "25年越冬基数调查": null, "2025年幼虫危害程度": "无" }, "geometry": { "type": "Point", "coordinates": [ 12980024.056598592549562, 4867998.429941150359809, -0.000045849251137 ] } },
{ "type": "Feature", "properties": { "fid": 599, "编号": "SZ0080", "乡镇": "宋庄镇", "村": "管头村", "24越冬基数": null, "25点围环情况": null, "25年成虫危害程度": "无", "24年危害程度": "无", "面积": null, "24年杨扇杨小发生": "无", "23年杨扇杨小发生": "", "19年危害程度": "无", "25年越冬基数调查": null, "2025年幼虫危害程度": "无" }, "geometry": { "type": "Point", "coordinates": [ 12980432.519479287788272, 4867954.507457102648914, -0.000045849251137 ] } },
{ "type": "Feature", "properties": { "fid": 600, "编号": "SZ0082", "乡镇": "宋庄镇", "村": "吴各庄", "24越冬基数": null, "25点围环情况": null, "25年成虫危害程度": "无", "24年危害程度": "无", "面积": null, "24年杨扇杨小发生": "无", "23年杨扇杨小发生": "", "19年危害程度": "无", "25年越冬基数调查": null, "2025年幼虫危害程度": "轻" }, "geometry": { "type": "Point", "coordinates": [ 12981584.170805919915438, 4867736.886150590144098, -0.000045849251137 ] } },
{ "type": "Feature", "properties": { "fid": 601, "编号": "SZ0083", "乡镇": "宋庄镇", "村": "葛渠村", "24越冬基数": null, "25点围环情况": null, "25年成虫危害程度": "无", "24年危害程度": "无", "面积": null, "24年杨扇杨小发生": "无", "23年杨扇杨小发生": "", "19年危害程度": "无", "25年越冬基数调查": null, "2025年幼虫危害程度": "无" }, "geometry": { "type": "Point", "coordinates": [ 12982677.874383786693215, 4867063.565310180187225, -0.000045849251137 ] } },
{ "type": "Feature", "properties": { "fid": 602, "编号": "SZ0085", "乡镇": "宋庄镇", "村": "葛渠村", "24越冬基数": null, "25点围环情况": null, "25年成虫危害程度": "无", "24年危害程度": "无", "面积": null, "24年杨扇杨小发生": "无", "23年杨扇杨小发生": "", "19年危害程度": "无", "25年越冬基数调查": null, "2025年幼虫危害程度": "无" }, "geometry": { "type": "Point", "coordinates": [ 12983929.39721779897809, 4865844.032988756895065, -0.000045849251137 ] } },
{ "type": "Feature", "properties": { "fid": 603, "编号": "SZ0088", "乡镇": "宋庄镇", "村": "尹各庄", "24越冬基数": null, "25点围环情况": null, "25年成虫危害程度": "无", "24年危害程度": "无", "面积": null, "24年杨扇杨小发生": "无", "23年杨扇杨小发生": "", "19年危害程度": "无", "25年越冬基数调查": null, "2025年幼虫危害程度": "无" }, "geometry": { "type": "Point", "coordinates": [ 12983637.184837805107236, 4863660.477903190068901, -0.000045849251137 ] } },
{ "type": "Feature", "properties": { "fid": 604, "编号": "SZ0090", "乡镇": "宋庄镇", "村": "尹各庄", "24越冬基数": null, "25点围环情况": null, "25年成虫危害程度": "无", "24年危害程度": "无", "面积": null, "24年杨扇杨小发生": null, "23年杨扇杨小发生": null, "19年危害程度": "无", "25年越冬基数调查": null, "2025年幼虫危害程度": "无" }, "geometry": { "type": "Point", "coordinates": [ 12984413.347111862152815, 4863997.489504290744662, -0.000045849251137 ] } },
{ "type": "Feature", "properties": { "fid": 605, "编号": "SZ0092", "乡镇": "宋庄镇", "村": "尹各庄", "24越冬基数": null, "25点围环情况": null, "25年成虫危害程度": "无", "24年危害程度": "无", "面积": null, "24年杨扇杨小发生": "无", "23年杨扇杨小发生": "", "19年危害程度": "无", "25年越冬基数调查": null, "2025年幼虫危害程度": "无" }, "geometry": { "type": "Point", "coordinates": [ 12984272.446137642487884, 4864180.968726625666022, -0.000045849251137 ] } },
{ "type": "Feature", "properties": { "fid": 606, "编号": "SZ0096", "乡镇": "宋庄镇", "村": "富豪村", "24越冬基数": null, "25点围环情况": null, "25年成虫危害程度": "无", "24年危害程度": "无", "面积": null, "24年杨扇杨小发生": "无", "23年杨扇杨小发生": "", "19年危害程度": "无", "25年越冬基数调查": null, "2025年幼虫危害程度": "无" }, "geometry": { "type": "Point", "coordinates": [ 12984194.368550637736917, 4860084.290232419036329, -0.000045849251137 ] } },
{ "type": "Feature", "properties": { "fid": 607, "编号": "SZ0098", "乡镇": "宋庄镇", "村": "富豪村", "24越冬基数": null, "25点围环情况": null, "25年成虫危害程度": "无", "24年危害程度": "无", "面积": null, "24年杨扇杨小发生": "无", "23年杨扇杨小发生": "", "19年危害程度": "无", "25年越冬基数调查": null, "2025年幼虫危害程度": "无" }, "geometry": { "type": "Point", "coordinates": [ 12984216.609968977048993, 4859838.025991031900048, -0.000045849251137 ] } },
{ "type": "Feature", "properties": { "fid": 608, "编号": "SZ0106", "乡镇": "宋庄镇", "村": "沟渠庄", "24越冬基数": null, "25点围环情况": null, "25年成虫危害程度": "中", "24年危害程度": "无", "面积": null, "24年杨扇杨小发生": null, "23年杨扇杨小发生": null, "19年危害程度": "无", "25年越冬基数调查": null, "2025年幼虫危害程度": "重" }, "geometry": { "type": "Point", "coordinates": [ 12990796.101377023383975, 4860713.048041166737676, -0.000045849251137 ] } },
{ "type": "Feature", "properties": { "fid": 609, "编号": "SZ0112", "乡镇": "宋庄镇", "村": "疃里村", "24越冬基数": null, "25点围环情况": null, "25年成虫危害程度": "无", "24年危害程度": "无", "面积": null, "24年杨扇杨小发生": null, "23年杨扇杨小发生": null, "19年危害程度": "无", "25年越冬基数调查": null, "2025年幼虫危害程度": "无" }, "geometry": { "type": "Point", "coordinates": [ 12990571.379080403596163, 4858690.489863251335919, -0.000045849251137 ] } },
{ "type": "Feature", "properties": { "fid": 610, "编号": "SZ0114", "乡镇": "宋庄镇", "村": "疃里村", "24越冬基数": null, "25点围环情况": null, "25年成虫危害程度": "无", "24年危害程度": "无", "面积": null, "24年杨扇杨小发生": null, "23年杨扇杨小发生": null, "19年危害程度": "无", "25年越冬基数调查": null, "2025年幼虫危害程度": "无" }, "geometry": { "type": "Point", "coordinates": [ 12990645.610450966283679, 4858018.765411567874253, -0.000045849251137 ] } },
{ "type": "Feature", "properties": { "fid": 612, "编号": "SZ0145", "乡镇": "宋庄镇", "村": "沟渠庄", "24越冬基数": null, "25点围环情况": null, "25年成虫危害程度": "无", "24年危害程度": "无", "面积": null, "24年杨扇杨小发生": "无", "23年杨扇杨小发生": "", "19年危害程度": "无", "25年越冬基数调查": null, "2025年幼虫危害程度": "无" }, "geometry": { "type": "Point", "coordinates": [ 12990245.524409981444478, 4862292.26867888122797, -0.000045849251137 ] } },
{ "type": "Feature", "properties": { "fid": 613, "编号": "SZ0148", "乡镇": "宋庄镇", "村": "大庞村", "24越冬基数": null, "25点围环情况": null, "25年成虫危害程度": "无", "24年危害程度": "无", "面积": null, "24年杨扇杨小发生": null, "23年杨扇杨小发生": null, "19年危害程度": "无", "25年越冬基数调查": null, "2025年幼虫危害程度": "无" }, "geometry": { "type": "Point", "coordinates": [ 12991380.398389415815473, 4862275.222771593369544, -0.000045849251137 ] } },
{ "type": "Feature", "properties": { "fid": 614, "编号": "SZ0150", "乡镇": "宋庄镇", "村": "大庞村", "24越冬基数": null, "25点围环情况": "黑", "25年成虫危害程度": "黑点", "24年危害程度": "无", "面积": null, "24年杨扇杨小发生": "无", "23年杨扇杨小发生": "", "19年危害程度": "无", "25年越冬基数调查": null, "2025年幼虫危害程度": "黑" }, "geometry": { "type": "Point", "coordinates": [ 12990972.589000128209591, 4864478.043824099935591, -0.000045849251137 ] } },
{ "type": "Feature", "properties": { "fid": 615, "编号": "SZ0153", "乡镇": "宋庄镇", "村": "草寺村", "24越冬基数": null, "25点围环情况": null, "25年成虫危害程度": "无", "24年危害程度": "无", "面积": null, "24年杨扇杨小发生": null, "23年杨扇杨小发生": null, "19年危害程度": "无", "25年越冬基数调查": null, "2025年幼虫危害程度": "无" }, "geometry": { "type": "Point", "coordinates": [ 12988884.214714933186769, 4864394.717849336564541, -0.000045849251137 ] } },
{ "type": "Feature", "properties": { "fid": 616, "编号": "SZ0156", "乡镇": "宋庄镇", "村": "寨辛庄", "24越冬基数": null, "25点围环情况": null, "25年成虫危害程度": "无", "24年危害程度": "无", "面积": null, "24年杨扇杨小发生": null, "23年杨扇杨小发生": null, "19年危害程度": "无", "25年越冬基数调查": null, "2025年幼虫危害程度": "无" }, "geometry": { "type": "Point", "coordinates": [ 12986248.325791319832206, 4865747.176021599210799, -0.000045849251137 ] } },
{ "type": "Feature", "properties": { "fid": 617, "编号": "SZ0158", "乡镇": "宋庄镇", "村": "寨辛庄", "24越冬基数": null, "25点围环情况": null, "25年成虫危害程度": "无", "24年危害程度": "无", "面积": null, "24年杨扇杨小发生": null, "23年杨扇杨小发生": null, "19年危害程度": "无", "25年越冬基数调查": null, "2025年幼虫危害程度": "无" }, "geometry": { "type": "Point", "coordinates": [ 12986421.510540928691626, 4865746.115171632729471, -0.000045849251137 ] } },
{ "type": "Feature", "properties": { "fid": 618, "编号": "TH0005", "乡镇": "台湖镇", "村": "铺头村", "24越冬基数": null, "25点围环情况": null, "25年成虫危害程度": "无", "24年危害程度": "无", "面积": null, "24年杨扇杨小发生": "无", "23年杨扇杨小发生": "", "19年危害程度": "无", "25年越冬基数调查": null, "2025年幼虫危害程度": "无" }, "geometry": { "type": "Point", "coordinates": [ 12982669.677537798881531, 4844394.453254759311676, -0.000045849251137 ] } },
{ "type": "Feature", "properties": { "fid": 619, "编号": "TH0007", "乡镇": "台湖镇", "村": "朱家垡", "24越冬基数": null, "25点围环情况": null, "25年成虫危害程度": "无", "24年危害程度": "无", "面积": null, "24年杨扇杨小发生": "无", "23年杨扇杨小发生": "", "19年危害程度": "无", "25年越冬基数调查": null, "2025年幼虫危害程度": "无" }, "geometry": { "type": "Point", "coordinates": [ 12983340.957839664071798, 4843898.907548639923334, -0.000045849251137 ] } },
{ "type": "Feature", "properties": { "fid": 620, "编号": "TH0009", "乡镇": "台湖镇", "村": "前营村", "24越冬基数": null, "25点围环情况": null, "25年成虫危害程度": "无", "24年危害程度": "无", "面积": null, "24年杨扇杨小发生": "无", "23年杨扇杨小发生": "", "19年危害程度": "无", "25年越冬基数调查": null, "2025年幼虫危害程度": "无" }, "geometry": { "type": "Point", "coordinates": [ 12984157.150597162544727, 4843634.309713534079492, -0.000045849251137 ] } },
{ "type": "Feature", "properties": { "fid": 621, "编号": "TH0015", "乡镇": "台湖镇", "村": "田家府", "24越冬基数": null, "25点围环情况": null, "25年成虫危害程度": "无", "24年危害程度": "无", "面积": null, "24年杨扇杨小发生": "无", "23年杨扇杨小发生": "", "19年危害程度": "无", "25年越冬基数调查": null, "2025年幼虫危害程度": "无" }, "geometry": { "type": "Point", "coordinates": [ 12986534.595761630684137, 4842845.324193110689521, -0.000045849251137 ] } },
{ "type": "Feature", "properties": { "fid": 622, "编号": "TH0024", "乡镇": "台湖镇", "村": "东下营", "24越冬基数": null, "25点围环情况": "黑", "25年成虫危害程度": "无", "24年危害程度": "无", "面积": null, "24年杨扇杨小发生": "无", "23年杨扇杨小发生": "", "19年危害程度": "无", "25年越冬基数调查": null, "2025年幼虫危害程度": "无" }, "geometry": { "type": "Point", "coordinates": [ 12987404.605158725753427, 4841118.050548460334539, -0.000045849251137 ] } },
{ "type": "Feature", "properties": { "fid": 623, "编号": "TH0031", "乡镇": "台湖镇", "村": "碱厂村", "24越冬基数": null, "25点围环情况": null, "25年成虫危害程度": "无", "24年危害程度": "无", "面积": null, "24年杨扇杨小发生": "无", "23年杨扇杨小发生": "", "19年危害程度": "无", "25年越冬基数调查": null, "2025年幼虫危害程度": "无" }, "geometry": { "type": "Point", "coordinates": [ 12986061.45163624919951, 4839941.806030436418951, -0.000045849251137 ] } },
{ "type": "Feature", "properties": { "fid": 625, "编号": "TH0037", "乡镇": "台湖镇", "村": "兴武林", "24越冬基数": null, "25点围环情况": null, "25年成虫危害程度": "无", "24年危害程度": "无", "面积": null, "24年杨扇杨小发生": "无", "23年杨扇杨小发生": "", "19年危害程度": "无", "25年越冬基数调查": null, "2025年幼虫危害程度": "无" }, "geometry": { "type": "Point", "coordinates": [ 12984921.112147392705083, 4838557.873759316280484, -0.000045849251137 ] } },
{ "type": "Feature", "properties": { "fid": 626, "编号": "TH0039", "乡镇": "台湖镇", "村": "北火垡", "24越冬基数": null, "25点围环情况": null, "25年成虫危害程度": "无", "24年危害程度": "无", "面积": null, "24年杨扇杨小发生": "无", "23年杨扇杨小发生": "", "19年危害程度": "无", "25年越冬基数调查": null, "2025年幼虫危害程度": "无" }, "geometry": { "type": "Point", "coordinates": [ 12984181.474559169262648, 4838036.1868960512802, -0.000045849251137 ] } },
{ "type": "Feature", "properties": { "fid": 627, "编号": "TH0043", "乡镇": "台湖镇", "村": "大地村", "24越冬基数": null, "25点围环情况": null, "25年成虫危害程度": "无", "24年危害程度": "无", "面积": null, "24年杨扇杨小发生": null, "23年杨扇杨小发生": null, "19年危害程度": "无", "25年越冬基数调查": null, "2025年幼虫危害程度": "无" }, "geometry": { "type": "Point", "coordinates": [ 12983040.226232966408134, 4837022.252838052809238, -0.000045849251137 ] } },
{ "type": "Feature", "properties": { "fid": 628, "编号": "TH0045", "乡镇": "台湖镇", "村": "大地村", "24越冬基数": null, "25点围环情况": null, "25年成虫危害程度": "无", "24年危害程度": "无", "面积": null, "24年杨扇杨小发生": "无", "23年杨扇杨小发生": "", "19年危害程度": "无", "25年越冬基数调查": null, "2025年幼虫危害程度": "无" }, "geometry": { "type": "Point", "coordinates": [ 12982703.812081683427095, 4836520.932962365448475, -0.000045849251137 ] } },
{ "type": "Feature", "properties": { "fid": 629, "编号": "TH0047", "乡镇": "台湖镇", "村": "高古庄", "24越冬基数": null, "25点围环情况": null, "25年成虫危害程度": "无", "24年危害程度": "无", "面积": null, "24年杨扇杨小发生": "无", "23年杨扇杨小发生": "", "19年危害程度": "无", "25年越冬基数调查": null, "2025年幼虫危害程度": "无" }, "geometry": { "type": "Point", "coordinates": [ 12983181.929580355063081, 4834817.222668170928955, -0.000045849251137 ] } },
{ "type": "Feature", "properties": { "fid": 630, "编号": "TH0049", "乡镇": "台湖镇", "村": "高古庄", "24越冬基数": null, "25点围环情况": null, "25年成虫危害程度": "无", "24年危害程度": "无", "面积": null, "24年杨扇杨小发生": "无", "23年杨扇杨小发生": "无", "19年危害程度": "无", "25年越冬基数调查": null, "2025年幼虫危害程度": "无" }, "geometry": { "type": "Point", "coordinates": [ 12981614.383642012253404, 4833951.918963314034045, -0.000045849251137 ] } },
{ "type": "Feature", "properties": { "fid": 631, "编号": "TH0052", "乡镇": "台湖镇", "村": "高古庄", "24越冬基数": null, "25点围环情况": null, "25年成虫危害程度": "无", "24年危害程度": "无", "面积": 119.4, "24年杨扇杨小发生": "无", "23年杨扇杨小发生": "", "19年危害程度": "轻", "25年越冬基数调查": null, "2025年幼虫危害程度": "无" }, "geometry": { "type": "Point", "coordinates": [ 12981540.202119650319219, 4834433.798796919174492, -0.000045849251137 ] } },
{ "type": "Feature", "properties": { "fid": 632, "编号": "TH0054", "乡镇": "台湖镇", "村": "高古庄", "24越冬基数": null, "25点围环情况": null, "25年成虫危害程度": "无", "24年危害程度": "无", "面积": null, "24年杨扇杨小发生": "无", "23年杨扇杨小发生": "", "19年危害程度": "无", "25年越冬基数调查": null, "2025年幼虫危害程度": "无" }, "geometry": { "type": "Point", "coordinates": [ 12981918.739971147850156, 4834768.981246549636126, -0.000045849251137 ] } },
{ "type": "Feature", "properties": { "fid": 633, "编号": "TH0056", "乡镇": "台湖镇", "村": "新河村", "24越冬基数": null, "25点围环情况": null, "25年成虫危害程度": "无", "24年危害程度": "无", "面积": null, "24年杨扇杨小发生": "无", "23年杨扇杨小发生": "", "19年危害程度": "无", "25年越冬基数调查": null, "2025年幼虫危害程度": "无" }, "geometry": { "type": "Point", "coordinates": [ 12982246.572423601523042, 4836115.217687771655619, -0.000045849251137 ] } },
{ "type": "Feature", "properties": { "fid": 634, "编号": "TH0061", "乡镇": "台湖镇", "村": "麦庄村", "24越冬基数": null, "25点围环情况": null, "25年成虫危害程度": "无", "24年危害程度": "无", "面积": null, "24年杨扇杨小发生": null, "23年杨扇杨小发生": null, "19年危害程度": "无", "25年越冬基数调查": null, "2025年幼虫危害程度": "无" }, "geometry": { "type": "Point", "coordinates": [ 12981644.532001331448555, 4836763.01641046628356, -0.000045849251137 ] } },
{ "type": "Feature", "properties": { "fid": 635, "编号": "TH0063", "乡镇": "台湖镇", "村": "麦庄村", "24越冬基数": null, "25点围环情况": null, "25年成虫危害程度": "无", "24年危害程度": "无", "面积": null, "24年杨扇杨小发生": null, "23年杨扇杨小发生": null, "19年危害程度": "无", "25年越冬基数调查": null, "2025年幼虫危害程度": "无" }, "geometry": { "type": "Point", "coordinates": [ 12980293.75904406607151, 4835585.019156302325428, -0.000045849251137 ] } },
{ "type": "Feature", "properties": { "fid": 636, "编号": "TH0069", "乡镇": "台湖镇", "村": "麦庄村", "24越冬基数": null, "25点围环情况": null, "25年成虫危害程度": "无", "24年危害程度": "无", "面积": null, "24年杨扇杨小发生": null, "23年杨扇杨小发生": null, "19年危害程度": "无", "25年越冬基数调查": null, "2025年幼虫危害程度": "无" }, "geometry": { "type": "Point", "coordinates": [ 12981368.927294230088592, 4837003.706339381635189, -0.000045849251137 ] } },
{ "type": "Feature", "properties": { "fid": 637, "编号": "TH0076", "乡镇": "台湖镇", "村": "永隆屯", "24越冬基数": null, "25点围环情况": null, "25年成虫危害程度": "无", "24年危害程度": "无", "面积": null, "24年杨扇杨小发生": "无", "23年杨扇杨小发生": "", "19年危害程度": "无", "25年越冬基数调查": null, "2025年幼虫危害程度": "无" }, "geometry": { "type": "Point", "coordinates": [ 12978884.895907338708639, 4839184.63103564735502, -0.000045849251137 ] } },
{ "type": "Feature", "properties": { "fid": 638, "编号": "TH0080", "乡镇": "台湖镇", "村": "桂家坟", "24越冬基数": null, "25点围环情况": null, "25年成虫危害程度": "无", "24年危害程度": "无", "面积": null, "24年杨扇杨小发生": "无", "23年杨扇杨小发生": "", "19年危害程度": "无", "25年越冬基数调查": null, "2025年幼虫危害程度": "无" }, "geometry": { "type": "Point", "coordinates": [ 12977990.024953503161669, 4839947.406486142426729, -0.000045849251137 ] } },
{ "type": "Feature", "properties": { "fid": 639, "编号": "TH0103", "乡镇": "台湖镇", "村": "窑上村", "24越冬基数": null, "25点围环情况": null, "25年成虫危害程度": "无", "24年危害程度": "无", "面积": null, "24年杨扇杨小发生": null, "23年杨扇杨小发生": null, "19年危害程度": "无", "25年越冬基数调查": null, "2025年幼虫危害程度": "无" }, "geometry": { "type": "Point", "coordinates": [ 12986002.703280504792929, 4837364.985509917140007, -0.000045849251137 ] } },
{ "type": "Feature", "properties": { "fid": 640, "编号": "XJ0015", "乡镇": "西集镇", "村": "儒家林", "24越冬基数": null, "25点围环情况": null, "25年成虫危害程度": "无", "24年危害程度": "无", "面积": null, "24年杨扇杨小发生": "无", "23年杨扇杨小发生": "", "19年危害程度": "无", "25年越冬基数调查": null, "2025年幼虫危害程度": "无" }, "geometry": { "type": "Point", "coordinates": [ 13000581.005151581019163, 4838034.032205106690526, -0.000045849251137 ] } },
{ "type": "Feature", "properties": { "fid": 641, "编号": "XJ0021", "乡镇": "西集镇", "村": "供给店", "24越冬基数": null, "25点围环情况": null, "25年成虫危害程度": "无", "24年危害程度": "无", "面积": null, "24年杨扇杨小发生": null, "23年杨扇杨小发生": null, "19年危害程度": "无", "25年越冬基数调查": null, "2025年幼虫危害程度": "无" }, "geometry": { "type": "Point", "coordinates": [ 13001501.283169358968735, 4837253.840378624387085, -0.000045849251137 ] } },
{ "type": "Feature", "properties": { "fid": 642, "编号": "XJ0023", "乡镇": "西集镇", "村": "郎东村", "24越冬基数": null, "25点围环情况": null, "25年成虫危害程度": "无", "24年危害程度": "无", "面积": null, "24年杨扇杨小发生": "无", "23年杨扇杨小发生": "", "19年危害程度": "无", "25年越冬基数调查": null, "2025年幼虫危害程度": "无" }, "geometry": { "type": "Point", "coordinates": [ 13001007.926377311348915, 4836132.249597635120153, -0.000045849251137 ] } },
{ "type": "Feature", "properties": { "fid": 643, "编号": "XJ0033", "乡镇": "西集镇", "村": "老庄户", "24越冬基数": null, "25点围环情况": null, "25年成虫危害程度": "无", "24年危害程度": "无", "面积": null, "24年杨扇杨小发生": "无", "23年杨扇杨小发生": "", "19年危害程度": "无", "25年越冬基数调查": null, "2025年幼虫危害程度": "无" }, "geometry": { "type": "Point", "coordinates": [ 13002849.995897639542818, 4832829.03160784766078, -0.000045849251137 ] } },
{ "type": "Feature", "properties": { "fid": 644, "编号": "XJ0036", "乡镇": "西集镇", "村": "耿楼村", "24越冬基数": null, "25点围环情况": "轻度", "25年成虫危害程度": "重", "24年危害程度": "重", "面积": 373.8, "24年杨扇杨小发生": null, "23年杨扇杨小发生": null, "19年危害程度": "无", "25年越冬基数调查": null, "2025年幼虫危害程度": "重" }, "geometry": { "type": "Point", "coordinates": [ 13002808.164233695715666, 4832452.691482678987086, -0.000045849251137 ] } },
{ "type": "Feature", "properties": { "fid": 645, "编号": "XJ0038", "乡镇": "西集镇", "村": "耿楼村", "24越冬基数": null, "25点围环情况": "轻度", "25年成虫危害程度": "重", "24年危害程度": "轻", "面积": 0.0, "24年杨扇杨小发生": null, "23年杨扇杨小发生": null, "19年危害程度": "无", "25年越冬基数调查": null, "2025年幼虫危害程度": "重" }, "geometry": { "type": "Point", "coordinates": [ 13003040.405292237177491, 4832263.265338831581175, -0.000045849251137 ] } },
{ "type": "Feature", "properties": { "fid": 646, "编号": "XJ0040", "乡镇": "西集镇", "村": "耿楼村", "24越冬基数": null, "25点围环情况": "轻度", "25年成虫危害程度": "中", "24年危害程度": "轻", "面积": 0.0, "24年杨扇杨小发生": null, "23年杨扇杨小发生": null, "19年危害程度": "无", "25年越冬基数调查": "1", "2025年幼虫危害程度": "重" }, "geometry": { "type": "Point", "coordinates": [ 13003322.293354175984859, 4832061.23034511692822, -0.000045849251137 ] } },
{ "type": "Feature", "properties": { "fid": 647, "编号": "XJ0043", "乡镇": "西集镇", "村": "耿楼村", "24越冬基数": null, "25点围环情况": null, "25年成虫危害程度": "无", "24年危害程度": "无", "面积": null, "24年杨扇杨小发生": null, "23年杨扇杨小发生": null, "19年危害程度": "无", "25年越冬基数调查": null, "2025年幼虫危害程度": "无" }, "geometry": { "type": "Point", "coordinates": [ 13003681.377510817721486, 4832017.259962088428438, -0.000045849251137 ] } },
{ "type": "Feature", "properties": { "fid": 648, "编号": "XJ0045", "乡镇": "西集镇", "村": "耿楼村", "24越冬基数": null, "25点围环情况": null, "25年成虫危害程度": "无", "24年危害程度": "无", "面积": null, "24年杨扇杨小发生": "无", "23年杨扇杨小发生": "", "19年危害程度": "无", "25年越冬基数调查": null, "2025年幼虫危害程度": "无" }, "geometry": { "type": "Point", "coordinates": [ 13003869.066388351842761, 4832355.643840680830181, -0.000045849251137 ] } },
{ "type": "Feature", "properties": { "fid": 649, "编号": "XJ0047", "乡镇": "西集镇", "村": "耿楼村", "24越冬基数": null, "25点围环情况": null, "25年成虫危害程度": "无", "24年危害程度": "无", "面积": null, "24年杨扇杨小发生": "无", "23年杨扇杨小发生": "", "19年危害程度": "无", "25年越冬基数调查": null, "2025年幼虫危害程度": "无" }, "geometry": { "type": "Point", "coordinates": [ 13004037.801725530996919, 4832353.641711658798158, -0.000045849251137 ] } },
{ "type": "Feature", "properties": { "fid": 650, "编号": "XJ0051", "乡镇": "西集镇", "村": "耿楼村", "24越冬基数": null, "25点围环情况": null, "25年成虫危害程度": "无", "24年危害程度": "无", "面积": null, "24年杨扇杨小发生": "无", "23年杨扇杨小发生": "", "19年危害程度": "无", "25年越冬基数调查": null, "2025年幼虫危害程度": "无" }, "geometry": { "type": "Point", "coordinates": [ 13004726.011313846334815, 4832429.741733300499618, -0.000045849251137 ] } },
{ "type": "Feature", "properties": { "fid": 651, "编号": "XJ0056", "乡镇": "西集镇", "村": "耿楼村", "24越冬基数": null, "25点围环情况": null, "25年成虫危害程度": "无", "24年危害程度": "无", "面积": null, "24年杨扇杨小发生": "无", "23年杨扇杨小发生": "", "19年危害程度": "无", "25年越冬基数调查": null, "2025年幼虫危害程度": "无" }, "geometry": { "type": "Point", "coordinates": [ 13005498.61545049957931, 4832451.994180816225708, -0.000045849251137 ] } },
{ "type": "Feature", "properties": { "fid": 652, "编号": "XJ0061", "乡镇": "西集镇", "村": "和合站", "24越冬基数": "杨扇（轻）", "25点围环情况": null, "25年成虫危害程度": "无", "24年危害程度": "无", "面积": null, "24年杨扇杨小发生": "轻", "23年杨扇杨小发生": "重", "19年危害程度": "无", "25年越冬基数调查": null, "2025年幼虫危害程度": "无" }, "geometry": { "type": "Point", "coordinates": [ 13008266.788430972024798, 4832701.041436746716499, -0.000045849251137 ] } },
{ "type": "Feature", "properties": { "fid": 653, "编号": "XJ0065", "乡镇": "西集镇", "村": "和合站", "24越冬基数": null, "25点围环情况": null, "25年成虫危害程度": "无", "24年危害程度": "无", "面积": null, "24年杨扇杨小发生": "无", "23年杨扇杨小发生": "", "19年危害程度": "无", "25年越冬基数调查": null, "2025年幼虫危害程度": "无" }, "geometry": { "type": "Point", "coordinates": [ 13009036.395342152565718, 4831798.832007566466928, -0.000045849251137 ] } },
{ "type": "Feature", "properties": { "fid": 654, "编号": "XJ0068", "乡镇": "西集镇", "村": "和合站", "24越冬基数": null, "25点围环情况": null, "25年成虫危害程度": "无", "24年危害程度": "无", "面积": null, "24年杨扇杨小发生": "无", "23年杨扇杨小发生": "", "19年危害程度": "无", "25年越冬基数调查": null, "2025年幼虫危害程度": "无" }, "geometry": { "type": "Point", "coordinates": [ 13009729.318616403266788, 4832160.619397307746112, -0.000045849251137 ] } },
{ "type": "Feature", "properties": { "fid": 655, "编号": "XJ0070", "乡镇": "西集镇", "村": "和合站", "24越冬基数": null, "25点围环情况": null, "25年成虫危害程度": "无", "24年危害程度": "无", "面积": null, "24年杨扇杨小发生": null, "23年杨扇杨小发生": null, "19年危害程度": "无", "25年越冬基数调查": null, "2025年幼虫危害程度": "无" }, "geometry": { "type": "Point", "coordinates": [ 13009952.633573327213526, 4832272.796340407803655, -0.000045849251137 ] } },
{ "type": "Feature", "properties": { "fid": 656, "编号": "XJ0072", "乡镇": "西集镇", "村": "和合站", "24越冬基数": null, "25点围环情况": null, "25年成虫危害程度": "无", "24年危害程度": "无", "面积": null, "24年杨扇杨小发生": "无", "23年杨扇杨小发生": "", "19年危害程度": "无", "25年越冬基数调查": null, "2025年幼虫危害程度": "无" }, "geometry": { "type": "Point", "coordinates": [ 13009874.988001737743616, 4832517.651599125005305, -0.000045849251137 ] } },
{ "type": "Feature", "properties": { "fid": 657, "编号": "XJ0085", "乡镇": "西集镇", "村": "辛集村", "24越冬基数": null, "25点围环情况": "黑", "25年成虫危害程度": "黑点", "24年危害程度": "无", "面积": null, "24年杨扇杨小发生": null, "23年杨扇杨小发生": null, "19年危害程度": "", "25年越冬基数调查": null, "2025年幼虫危害程度": "黑" }, "geometry": { "type": "Point", "coordinates": [ 13014292.966232109814882, 4832754.253283814527094, -0.000045849251137 ] } },
{ "type": "Feature", "properties": { "fid": 658, "编号": "XJ0087", "乡镇": "西集镇", "村": "和合站", "24越冬基数": null, "25点围环情况": null, "25年成虫危害程度": "无", "24年危害程度": "无", "面积": null, "24年杨扇杨小发生": "无", "23年杨扇杨小发生": "", "19年危害程度": "无", "25年越冬基数调查": null, "2025年幼虫危害程度": "无" }, "geometry": { "type": "Point", "coordinates": [ 13009505.828352589160204, 4832589.40616178419441, -0.000045849251137 ] } },
{ "type": "Feature", "properties": { "fid": 659, "编号": "XJ0095", "乡镇": "西集镇", "村": "桥上村", "24越冬基数": null, "25点围环情况": null, "25年成虫危害程度": "无", "24年危害程度": "无", "面积": null, "24年杨扇杨小发生": "无", "23年杨扇杨小发生": "", "19年危害程度": "无", "25年越冬基数调查": null, "2025年幼虫危害程度": "无" }, "geometry": { "type": "Point", "coordinates": [ 13015779.512321906164289, 4834528.215598723851144, -0.000045849251137 ] } },
{ "type": "Feature", "properties": { "fid": 660, "编号": "XJ0110", "乡镇": "西集镇", "村": "大沙务", "24越冬基数": null, "25点围环情况": null, "25年成虫危害程度": "无", "24年危害程度": "无", "面积": null, "24年杨扇杨小发生": "无", "23年杨扇杨小发生": "中", "19年危害程度": "无", "25年越冬基数调查": null, "2025年幼虫危害程度": "无" }, "geometry": { "type": "Point", "coordinates": [ 13014924.320874253287911, 4836679.901258748024702, -0.000045849251137 ] } },
{ "type": "Feature", "properties": { "fid": 661, "编号": "XJ0114", "乡镇": "西集镇", "村": "大沙务", "24越冬基数": null, "25点围环情况": null, "25年成虫危害程度": "无", "24年危害程度": "无", "面积": null, "24年杨扇杨小发生": null, "23年杨扇杨小发生": null, "19年危害程度": "无", "25年越冬基数调查": null, "2025年幼虫危害程度": "无" }, "geometry": { "type": "Point", "coordinates": [ 13016236.33053120225668, 4837353.979858572594821, -0.000045849251137 ] } },
{ "type": "Feature", "properties": { "fid": 662, "编号": "XJ0124", "乡镇": "西集镇", "村": "尹家河", "24越冬基数": null, "25点围环情况": null, "25年成虫危害程度": "无", "24年危害程度": "无", "面积": 44.8, "24年杨扇杨小发生": null, "23年杨扇杨小发生": null, "19年危害程度": "轻", "25年越冬基数调查": null, "2025年幼虫危害程度": "无" }, "geometry": { "type": "Point", "coordinates": [ 13015461.128388121724129, 4838481.116696274839342, -0.000045849251137 ] } },
{ "type": "Feature", "properties": { "fid": 663, "编号": "XJ0128", "乡镇": "西集镇", "村": "大灰店", "24越冬基数": null, "25点围环情况": null, "25年成虫危害程度": "无", "24年危害程度": "无", "面积": null, "24年杨扇杨小发生": null, "23年杨扇杨小发生": null, "19年危害程度": "无", "25年越冬基数调查": null, "2025年幼虫危害程度": "无" }, "geometry": { "type": "Point", "coordinates": [ 13013499.125422537326813, 4838660.120744337327778, -0.000045849251137 ] } },
{ "type": "Feature", "properties": { "fid": 664, "编号": "XJ0132", "乡镇": "西集镇", "村": "尹家河", "24越冬基数": null, "25点围环情况": null, "25年成虫危害程度": "无", "24年危害程度": "无", "面积": null, "24年杨扇杨小发生": null, "23年杨扇杨小发生": null, "19年危害程度": "无", "25年越冬基数调查": null, "2025年幼虫危害程度": "无" }, "geometry": { "type": "Point", "coordinates": [ 13015510.472576910629869, 4839790.877147483639419, -0.000045849251137 ] } },
{ "type": "Feature", "properties": { "fid": 665, "编号": "XJ0134", "乡镇": "西集镇", "村": "赵庄村", "24越冬基数": "杨扇（轻）", "25点围环情况": null, "25年成虫危害程度": "无", "24年危害程度": "无", "面积": null, "24年杨扇杨小发生": "轻", "23年杨扇杨小发生": "轻", "19年危害程度": "无", "25年越冬基数调查": null, "2025年幼虫危害程度": "无" }, "geometry": { "type": "Point", "coordinates": [ 13015461.691008776426315, 4841056.635795777663589, -0.000045849251137 ] } },
{ "type": "Feature", "properties": { "fid": 666, "编号": "XJ0136", "乡镇": "西集镇", "村": "侯各庄", "24越冬基数": null, "25点围环情况": null, "25年成虫危害程度": "无", "24年危害程度": "无", "面积": null, "24年杨扇杨小发生": null, "23年杨扇杨小发生": null, "19年危害程度": "无", "25年越冬基数调查": null, "2025年幼虫危害程度": "无" }, "geometry": { "type": "Point", "coordinates": [ 13014758.680828856304288, 4842888.151303268969059, -0.000045849251137 ] } },
{ "type": "Feature", "properties": { "fid": 667, "编号": "XJ0138", "乡镇": "西集镇", "村": "侯各庄", "24越冬基数": null, "25点围环情况": null, "25年成虫危害程度": "无", "24年危害程度": "无", "面积": null, "24年杨扇杨小发生": null, "23年杨扇杨小发生": null, "19年危害程度": "无", "25年越冬基数调查": null, "2025年幼虫危害程度": "无" }, "geometry": { "type": "Point", "coordinates": [ 13013854.949390077963471, 4843822.114495033398271, -0.000045849251137 ] } },
{ "type": "Feature", "properties": { "fid": 668, "编号": "XJ0140", "乡镇": "西集镇", "村": "侯各庄", "24越冬基数": null, "25点围环情况": null, "25年成虫危害程度": "无", "24年危害程度": "无", "面积": null, "24年杨扇杨小发生": null, "23年杨扇杨小发生": null, "19年危害程度": "无", "25年越冬基数调查": null, "2025年幼虫危害程度": "无" }, "geometry": { "type": "Point", "coordinates": [ 13013282.952861059457064, 4843567.603931361809373, -0.000045849251137 ] } },
{ "type": "Feature", "properties": { "fid": 669, "编号": "XJ0143", "乡镇": "西集镇", "村": "黄东仪", "24越冬基数": null, "25点围环情况": null, "25年成虫危害程度": "无", "24年危害程度": "无", "面积": null, "24年杨扇杨小发生": null, "23年杨扇杨小发生": null, "19年危害程度": "无", "25年越冬基数调查": null, "2025年幼虫危害程度": "无" }, "geometry": { "type": "Point", "coordinates": [ 13013769.64248719625175, 4840618.035834626294672, -0.000045849251137 ] } },
{ "type": "Feature", "properties": { "fid": 670, "编号": "XJ0154", "乡镇": "西集镇", "村": "于辛庄", "24越冬基数": null, "25点围环情况": null, "25年成虫危害程度": "无", "24年危害程度": "无", "面积": null, "24年杨扇杨小发生": null, "23年杨扇杨小发生": null, "19年危害程度": "无", "25年越冬基数调查": null, "2025年幼虫危害程度": "无" }, "geometry": { "type": "Point", "coordinates": [ 13009315.091708041727543, 4842499.373393592424691, -0.000045849251137 ] } },
{ "type": "Feature", "properties": { "fid": 672, "编号": "XJ0186", "乡镇": "西集镇", "村": "胡庄村", "24越冬基数": null, "25点围环情况": null, "25年成虫危害程度": "无", "24年危害程度": "无", "面积": null, "24年杨扇杨小发生": null, "23年杨扇杨小发生": null, "19年危害程度": "无", "25年越冬基数调查": null, "2025年幼虫危害程度": "无" }, "geometry": { "type": "Point", "coordinates": [ 13010081.239044511690736, 4839904.532530597411096, -0.000045849251137 ] } },
{ "type": "Feature", "properties": { "fid": 673, "编号": "XJ0188", "乡镇": "西集镇", "村": "胡庄村", "24越冬基数": null, "25点围环情况": "黑", "25年成虫危害程度": "黑点", "24年危害程度": "无", "面积": null, "24年杨扇杨小发生": null, "23年杨扇杨小发生": null, "19年危害程度": "无", "25年越冬基数调查": null, "2025年幼虫危害程度": "无" }, "geometry": { "type": "Point", "coordinates": [ 13009610.266943072900176, 4839461.649849124252796, -0.000045849251137 ] } },
{ "type": "Feature", "properties": { "fid": 674, "编号": "XJ0194", "乡镇": "西集镇", "村": "杜柳棵", "24越冬基数": null, "25点围环情况": null, "25年成虫危害程度": "无", "24年危害程度": "无", "面积": null, "24年杨扇杨小发生": null, "23年杨扇杨小发生": null, "19年危害程度": "无", "25年越冬基数调查": null, "2025年幼虫危害程度": "无" }, "geometry": { "type": "Point", "coordinates": [ 13005536.496458964422345, 4839050.979809945449233, -0.000045849251137 ] } },
{ "type": "Feature", "properties": { "fid": 675, "编号": "XJ0196", "乡镇": "西集镇", "村": "杜柳棵", "24越冬基数": null, "25点围环情况": null, "25年成虫危害程度": "无", "24年危害程度": "无", "面积": null, "24年杨扇杨小发生": "无", "23年杨扇杨小发生": "重", "19年危害程度": "无", "25年越冬基数调查": null, "2025年幼虫危害程度": "无" }, "geometry": { "type": "Point", "coordinates": [ 13006116.747200839221478, 4839569.370599105022848, -0.000045849251137 ] } },
{ "type": "Feature", "properties": { "fid": 676, "编号": "XJ0200", "乡镇": "西集镇", "村": "望君疃", "24越冬基数": null, "25点围环情况": null, "25年成虫危害程度": "无", "24年危害程度": "无", "面积": null, "24年杨扇杨小发生": "无", "23年杨扇杨小发生": "", "19年危害程度": "无", "25年越冬基数调查": null, "2025年幼虫危害程度": "无" }, "geometry": { "type": "Point", "coordinates": [ 13007736.226472271606326, 4838732.942772056907415, -0.000045849251137 ] } },
{ "type": "Feature", "properties": { "fid": 677, "编号": "XJ0209", "乡镇": "西集镇", "村": "郎东村", "24越冬基数": null, "25点围环情况": null, "25年成虫危害程度": "无", "24年危害程度": "无", "面积": null, "24年杨扇杨小发生": null, "23年杨扇杨小发生": null, "19年危害程度": "无", "25年越冬基数调查": null, "2025年幼虫危害程度": "无" }, "geometry": { "type": "Point", "coordinates": [ 13002971.701960369944572, 4837189.301650744862854, -0.000045849251137 ] } },
{ "type": "Feature", "properties": { "fid": 678, "编号": "XJ0211", "乡镇": "西集镇", "村": "郎东村", "24越冬基数": null, "25点围环情况": null, "25年成虫危害程度": "无", "24年危害程度": "无", "面积": null, "24年杨扇杨小发生": null, "23年杨扇杨小发生": null, "19年危害程度": "无", "25年越冬基数调查": null, "2025年幼虫危害程度": "无" }, "geometry": { "type": "Point", "coordinates": [ 13003338.592621563002467, 4837199.157687959261239, -0.000045849251137 ] } },
{ "type": "Feature", "properties": { "fid": 679, "编号": "XJ0232", "乡镇": "西集镇", "村": "张各庄", "24越冬基数": null, "25点围环情况": null, "25年成虫危害程度": "无", "24年危害程度": "无", "面积": null, "24年杨扇杨小发生": null, "23年杨扇杨小发生": null, "19年危害程度": "无", "25年越冬基数调查": null, "2025年幼虫危害程度": "无" }, "geometry": { "type": "Point", "coordinates": [ 13007222.540569121018052, 4837470.998845457099378, -0.000045849251137 ] } },
{ "type": "Feature", "properties": { "fid": 680, "编号": "XJ0242", "乡镇": "西集镇", "村": "西集村", "24越冬基数": null, "25点围环情况": null, "25年成虫危害程度": "无", "24年危害程度": "无", "面积": null, "24年杨扇杨小发生": null, "23年杨扇杨小发生": null, "19年危害程度": "无", "25年越冬基数调查": null, "2025年幼虫危害程度": "轻" }, "geometry": { "type": "Point", "coordinates": [ 13010154.302796976640821, 4836839.883624984882772, -0.000045849251137 ] } },
{ "type": "Feature", "properties": { "fid": 681, "编号": "XJ0251", "乡镇": "西集镇", "村": "杜店村", "24越冬基数": null, "25点围环情况": null, "25年成虫危害程度": "无", "24年危害程度": "无", "面积": null, "24年杨扇杨小发生": null, "23年杨扇杨小发生": null, "19年危害程度": "无", "25年越冬基数调查": null, "2025年幼虫危害程度": "无" }, "geometry": { "type": "Point", "coordinates": [ 13015118.014114674180746, 4835559.376578344963491, -0.000045849251137 ] } },
{ "type": "Feature", "properties": { "fid": 683, "编号": "XJ0268", "乡镇": "西集镇", "村": "后幕府", "24越冬基数": null, "25点围环情况": null, "25年成虫危害程度": "无", "24年危害程度": "无", "面积": null, "24年杨扇杨小发生": null, "23年杨扇杨小发生": null, "19年危害程度": "无", "25年越冬基数调查": null, "2025年幼虫危害程度": "无" }, "geometry": { "type": "Point", "coordinates": [ 13011622.248457591980696, 4836330.756808496080339, -0.000045849251137 ] } },
{ "type": "Feature", "properties": { "fid": 684, "编号": "XJ0279", "乡镇": "西集镇", "村": "安辛庄", "24越冬基数": null, "25点围环情况": null, "25年成虫危害程度": "无", "24年危害程度": "无", "面积": null, "24年杨扇杨小发生": "无", "23年杨扇杨小发生": "", "19年危害程度": "无", "25年越冬基数调查": null, "2025年幼虫危害程度": "无" }, "geometry": { "type": "Point", "coordinates": [ 13011135.159430034458637, 4833490.135697189718485, -0.000045849251137 ] } },
{ "type": "Feature", "properties": { "fid": 685, "编号": "XJ0288", "乡镇": "西集镇", "村": "何各庄", "24越冬基数": null, "25点围环情况": null, "25年成虫危害程度": "无", "24年危害程度": "无", "面积": null, "24年杨扇杨小发生": null, "23年杨扇杨小发生": null, "19年危害程度": "无", "25年越冬基数调查": null, "2025年幼虫危害程度": "轻" }, "geometry": { "type": "Point", "coordinates": [ 13008285.891934972256422, 4834879.858496849425137, -0.000045849251137 ] } },
{ "type": "Feature", "properties": { "fid": 686, "编号": "XJ0292", "乡镇": "西集镇", "村": "金各庄", "24越冬基数": null, "25点围环情况": null, "25年成虫危害程度": "无", "24年危害程度": "无", "面积": null, "24年杨扇杨小发生": null, "23年杨扇杨小发生": null, "19年危害程度": "无", "25年越冬基数调查": null, "2025年幼虫危害程度": "无" }, "geometry": { "type": "Point", "coordinates": [ 13006887.022462463006377, 4836007.85589712485671, -0.000045849251137 ] } },
{ "type": "Feature", "properties": { "fid": 687, "编号": "XJ0304", "乡镇": "西集镇", "村": "王庄村", "24越冬基数": null, "25点围环情况": null, "25年成虫危害程度": "无", "24年危害程度": "无", "面积": null, "24年杨扇杨小发生": null, "23年杨扇杨小发生": null, "19年危害程度": "无", "25年越冬基数调查": null, "2025年幼虫危害程度": "无" }, "geometry": { "type": "Point", "coordinates": [ 13006488.163481116294861, 4833605.217418144457042, -0.000045849251137 ] } },
{ "type": "Feature", "properties": { "fid": 688, "编号": "XJ0310", "乡镇": "西集镇", "村": "王庄村", "24越冬基数": null, "25点围环情况": null, "25年成虫危害程度": "无", "24年危害程度": "无", "面积": null, "24年杨扇杨小发生": null, "23年杨扇杨小发生": null, "19年危害程度": "无", "25年越冬基数调查": null, "2025年幼虫危害程度": "无" }, "geometry": { "type": "Point", "coordinates": [ 13005807.310921801254153, 4833189.88906616345048, -0.000045849251137 ] } },
{ "type": "Feature", "properties": { "fid": 689, "编号": "XJ0312", "乡镇": "西集镇", "村": "耿楼村", "24越冬基数": null, "25点围环情况": null, "25年成虫危害程度": "无", "24年危害程度": "无", "面积": null, "24年杨扇杨小发生": null, "23年杨扇杨小发生": null, "19年危害程度": "无", "25年越冬基数调查": null, "2025年幼虫危害程度": "无" }, "geometry": { "type": "Point", "coordinates": [ 13005211.967930564656854, 4832890.430241508409381, -0.000045849251137 ] } },
{ "type": "Feature", "properties": { "fid": 690, "编号": "XJ0321", "乡镇": "西集镇", "村": "耿楼村", "24越冬基数": null, "25点围环情况": null, "25年成虫危害程度": "无", "24年危害程度": "无", "面积": null, "24年杨扇杨小发生": null, "23年杨扇杨小发生": null, "19年危害程度": "无", "25年越冬基数调查": null, "2025年幼虫危害程度": "无" }, "geometry": { "type": "Point", "coordinates": [ 13004749.659048046916723, 4834177.73591697961092, -0.000045849251137 ] } },
{ "type": "Feature", "properties": { "fid": 691, "编号": "XJ0323", "乡镇": "西集镇", "村": "王庄村", "24越冬基数": null, "25点围环情况": null, "25年成虫危害程度": "无", "24年危害程度": "无", "面积": null, "24年杨扇杨小发生": null, "23年杨扇杨小发生": null, "19年危害程度": "无", "25年越冬基数调查": null, "2025年幼虫危害程度": "无" }, "geometry": { "type": "Point", "coordinates": [ 13005658.830377465113997, 4834470.50438208412379, -0.000045849251137 ] } },
{ "type": "Feature", "properties": { "fid": 692, "编号": "XJ0339", "乡镇": "西集镇", "村": "郎东村", "24越冬基数": null, "25点围环情况": null, "25年成虫危害程度": "无", "24年危害程度": "无", "面积": null, "24年杨扇杨小发生": null, "23年杨扇杨小发生": null, "19年危害程度": "无", "25年越冬基数调查": null, "2025年幼虫危害程度": "无" }, "geometry": { "type": "Point", "coordinates": [ 13004332.449545331299305, 4836130.995812296867371, -0.000045849251137 ] } },
{ "type": "Feature", "properties": { "fid": 693, "编号": "XJ0500", "乡镇": "西集镇", "村": "老庄户", "24越冬基数": null, "25点围环情况": null, "25年成虫危害程度": "无", "24年危害程度": "无", "面积": null, "24年杨扇杨小发生": "无", "23年杨扇杨小发生": "", "19年危害程度": "无", "25年越冬基数调查": null, "2025年幼虫危害程度": "无" }, "geometry": { "type": "Point", "coordinates": [ 13002741.386428503319621, 4835064.572580803185701, -0.000045849251137 ] } },
{ "type": "Feature", "properties": { "fid": 694, "编号": "XJ0502", "乡镇": "西集镇", "村": "耿楼村", "24越冬基数": null, "25点围环情况": null, "25年成虫危害程度": "无", "24年危害程度": "无", "面积": null, "24年杨扇杨小发生": null, "23年杨扇杨小发生": null, "19年危害程度": "无", "25年越冬基数调查": null, "2025年幼虫危害程度": "无" }, "geometry": { "type": "Point", "coordinates": [ 13005286.15834796987474, 4832433.975680258125067, -0.000045849251137 ] } },
{ "type": "Feature", "properties": { "fid": 695, "编号": "XJ0504", "乡镇": "西集镇", "村": "和合站", "24越冬基数": null, "25点围环情况": null, "25年成虫危害程度": "无", "24年危害程度": "无", "面积": null, "24年杨扇杨小发生": null, "23年杨扇杨小发生": null, "19年危害程度": "无", "25年越冬基数调查": null, "2025年幼虫危害程度": "无" }, "geometry": { "type": "Point", "coordinates": [ 13008723.835198426619172, 4831729.291640814393759, -0.000045849251137 ] } },
{ "type": "Feature", "properties": { "fid": 696, "编号": "XJ0506", "乡镇": "西集镇", "村": "肖家林", "24越冬基数": null, "25点围环情况": null, "25年成虫危害程度": "无", "24年危害程度": "无", "面积": null, "24年杨扇杨小发生": "无", "23年杨扇杨小发生": "", "19年危害程度": "无", "25年越冬基数调查": null, "2025年幼虫危害程度": "无" }, "geometry": { "type": "Point", "coordinates": [ 13012644.61637220159173, 4834271.583630921319127, -0.000045849251137 ] } },
{ "type": "Feature", "properties": { "fid": 697, "编号": "YF0002", "乡镇": "于家务", "村": "仇庄村", "24越冬基数": null, "25点围环情况": null, "25年成虫危害程度": "无", "24年危害程度": "无", "面积": null, "24年杨扇杨小发生": null, "23年杨扇杨小发生": null, "19年危害程度": "无", "25年越冬基数调查": null, "2025年幼虫危害程度": "无" }, "geometry": { "type": "Point", "coordinates": [ 12992957.280012419447303, 4813930.247757175005972, -0.000045849251137 ] } },
{ "type": "Feature", "properties": { "fid": 698, "编号": "YF0006", "乡镇": "于家务", "村": "枣林村", "24越冬基数": null, "25点围环情况": null, "25年成虫危害程度": "无", "24年危害程度": "无", "面积": 45.0, "24年杨扇杨小发生": null, "23年杨扇杨小发生": null, "19年危害程度": "轻", "25年越冬基数调查": null, "2025年幼虫危害程度": "重" }, "geometry": { "type": "Point", "coordinates": [ 12994170.709354542195797, 4815120.054841298609972, -0.000045849251137 ] } },
{ "type": "Feature", "properties": { "fid": 699, "编号": "YF0024", "乡镇": "于家务", "村": "北辛店", "24越冬基数": null, "25点围环情况": null, "25年成虫危害程度": "无", "24年危害程度": "无", "面积": null, "24年杨扇杨小发生": null, "23年杨扇杨小发生": null, "19年危害程度": "无", "25年越冬基数调查": null, "2025年幼虫危害程度": "无" }, "geometry": { "type": "Point", "coordinates": [ 12994699.708163660019636, 4827713.359893863089383, -0.000045849251137 ] } },
{ "type": "Feature", "properties": { "fid": 700, "编号": "YF0029", "乡镇": "于家务", "村": "大耕垈", "24越冬基数": null, "25点围环情况": null, "25年成虫危害程度": "无", "24年危害程度": "无", "面积": null, "24年杨扇杨小发生": "无", "23年杨扇杨小发生": "", "19年危害程度": "无", "25年越冬基数调查": null, "2025年幼虫危害程度": "轻" }, "geometry": { "type": "Point", "coordinates": [ 12991136.018712827935815, 4827992.83992210123688, -0.000045849251137 ] } },
{ "type": "Feature", "properties": { "fid": 701, "编号": "YF0032", "乡镇": "于家务", "村": "东马各", "24越冬基数": null, "25点围环情况": null, "25年成虫危害程度": "无", "24年危害程度": "无", "面积": 41.5, "24年杨扇杨小发生": "无", "23年杨扇杨小发生": "", "19年危害程度": "轻", "25年越冬基数调查": null, "2025年幼虫危害程度": "轻" }, "geometry": { "type": "Point", "coordinates": [ 12989912.029368879273534, 4827973.550224115140736, -0.000045849251137 ] } },
{ "type": "Feature", "properties": { "fid": 702, "编号": "YF0043", "乡镇": "于家务", "村": "小海字", "24越冬基数": null, "25点围环情况": null, "25年成虫危害程度": "无", "24年危害程度": "无", "面积": null, "24年杨扇杨小发生": null, "23年杨扇杨小发生": null, "19年危害程度": "无", "25年越冬基数调查": null, "2025年幼虫危害程度": "无" }, "geometry": { "type": "Point", "coordinates": [ 12991510.554412916302681, 4818497.012167348526418, -0.000045849251137 ] } },
{ "type": "Feature", "properties": { "fid": 703, "编号": "YF0046", "乡镇": "于家务", "村": "南刘庄", "24越冬基数": null, "25点围环情况": null, "25年成虫危害程度": "无", "24年危害程度": "无", "面积": null, "24年杨扇杨小发生": null, "23年杨扇杨小发生": null, "19年危害程度": "无", "25年越冬基数调查": null, "2025年幼虫危害程度": "无" }, "geometry": { "type": "Point", "coordinates": [ 12991303.133276959881186, 4816097.124088607728481, -0.000045849251137 ] } },
{ "type": "Feature", "properties": { "fid": 704, "编号": "YF0048", "乡镇": "于家务", "村": "仇庄村", "24越冬基数": null, "25点围环情况": null, "25年成虫危害程度": "无", "24年危害程度": "无", "面积": null, "24年杨扇杨小发生": null, "23年杨扇杨小发生": null, "19年危害程度": "无", "25年越冬基数调查": null, "2025年幼虫危害程度": "轻" }, "geometry": { "type": "Point", "coordinates": [ 12992583.004514835774899, 4815131.54242258425802, -0.000045849251137 ] } },
{ "type": "Feature", "properties": { "fid": 705, "编号": "YF0050", "乡镇": "于家务", "村": "枣林村", "24越冬基数": null, "25点围环情况": null, "25年成虫危害程度": "无", "24年危害程度": "无", "面积": null, "24年杨扇杨小发生": "无", "23年杨扇杨小发生": "", "19年危害程度": "无", "25年越冬基数调查": null, "2025年幼虫危害程度": "轻" }, "geometry": { "type": "Point", "coordinates": [ 12993255.531758850440383, 4816132.837180871516466, -0.000045849251137 ] } },
{ "type": "Feature", "properties": { "fid": 706, "编号": "YF0058", "乡镇": "于家务", "村": "果村", "24越冬基数": null, "25点围环情况": null, "25年成虫危害程度": "无", "24年危害程度": "无", "面积": null, "24年杨扇杨小发生": "无", "23年杨扇杨小发生": "", "19年危害程度": "无", "25年越冬基数调查": null, "2025年幼虫危害程度": "无" }, "geometry": { "type": "Point", "coordinates": [ 12990558.110850222408772, 4822108.634841543622315, -0.000045849251137 ] } },
{ "type": "Feature", "properties": { "fid": 707, "编号": "YF0060", "乡镇": "于家务", "村": "西马坊", "24越冬基数": null, "25点围环情况": null, "25年成虫危害程度": "无", "24年危害程度": "无", "面积": null, "24年杨扇杨小发生": "无", "23年杨扇杨小发生": "", "19年危害程度": "无", "25年越冬基数调查": null, "2025年幼虫危害程度": "无" }, "geometry": { "type": "Point", "coordinates": [ 12990566.535511448979378, 4823170.229190614074469, -0.000045849251137 ] } },
{ "type": "Feature", "properties": { "fid": 708, "编号": "YF0066", "乡镇": "于家务", "村": "神仙村", "24越冬基数": null, "25点围环情况": "严重", "25年成虫危害程度": "重", "24年危害程度": "重", "面积": 29.8, "24年杨扇杨小发生": "无", "23年杨扇杨小发生": "", "19年危害程度": "无", "25年越冬基数调查": null, "2025年幼虫危害程度": "重" }, "geometry": { "type": "Point", "coordinates": [ 12993304.284690471366048, 4824404.445896442048252, -0.000045849251137 ] } },
{ "type": "Feature", "properties": { "fid": 709, "编号": "YF0068", "乡镇": "于家务", "村": "神仙村", "24越冬基数": null, "25点围环情况": null, "25年成虫危害程度": "轻", "24年危害程度": "无", "面积": null, "24年杨扇杨小发生": "无", "23年杨扇杨小发生": "", "19年危害程度": "无", "25年越冬基数调查": null, "2025年幼虫危害程度": "重" }, "geometry": { "type": "Point", "coordinates": [ 12993434.211655415594578, 4825076.039571934379637, -0.000045849251137 ] } },
{ "type": "Feature", "properties": { "fid": 710, "编号": "YF0071", "乡镇": "于家务", "村": "于家务", "24越冬基数": null, "25点围环情况": "黑", "25年成虫危害程度": "黑点", "24年危害程度": "重", "面积": 0.0, "24年杨扇杨小发生": null, "23年杨扇杨小发生": null, "19年危害程度": "", "25年越冬基数调查": null, "2025年幼虫危害程度": "黑" }, "geometry": { "type": "Point", "coordinates": [ 12992590.02909860573709, 4824747.963638566434383, -0.000045849251137 ] } },
{ "type": "Feature", "properties": { "fid": 711, "编号": "YF0073", "乡镇": "于家务", "村": "于家务", "24越冬基数": null, "25点围环情况": "黑", "25年成虫危害程度": "黑点", "24年危害程度": "重", "面积": 0.0, "24年杨扇杨小发生": null, "23年杨扇杨小发生": null, "19年危害程度": "", "25年越冬基数调查": null, "2025年幼虫危害程度": "黑" }, "geometry": { "type": "Point", "coordinates": [ 12992369.342955201864243, 4825019.524209827184677, -0.000045849251137 ] } },
{ "type": "Feature", "properties": { "fid": 715, "编号": "YF0082", "乡镇": "于家务", "村": "于家务", "24越冬基数": "杨扇（轻）", "25点围环情况": null, "25年成虫危害程度": "无", "24年危害程度": "无", "面积": null, "24年杨扇杨小发生": "轻", "23年杨扇杨小发生": "轻", "19年危害程度": "无", "25年越冬基数调查": null, "2025年幼虫危害程度": "无" }, "geometry": { "type": "Point", "coordinates": [ 12990939.456683337688446, 4826280.187442210502923, -0.000045849251137 ] } },
{ "type": "Feature", "properties": { "fid": 716, "编号": "YF0086", "乡镇": "于家务", "村": "于家务", "24越冬基数": null, "25点围环情况": "严重", "25年成虫危害程度": "重", "24年危害程度": "重", "面积": 8.1, "24年杨扇杨小发生": "无", "23年杨扇杨小发生": "", "19年危害程度": "无", "25年越冬基数调查": "1", "2025年幼虫危害程度": "重" }, "geometry": { "type": "Point", "coordinates": [ 12992114.525493256747723, 4826186.025574140250683, -0.000045849251137 ] } },
{ "type": "Feature", "properties": { "fid": 717, "编号": "YF0088", "乡镇": "于家务", "村": "于家务", "24越冬基数": null, "25点围环情况": null, "25年成虫危害程度": "重", "24年危害程度": "无", "面积": null, "24年杨扇杨小发生": "无", "23年杨扇杨小发生": "", "19年危害程度": "无", "25年越冬基数调查": null, "2025年幼虫危害程度": "重" }, "geometry": { "type": "Point", "coordinates": [ 12991788.973135562613606, 4826472.479157810099423, -0.000045849251137 ] } },
{ "type": "Feature", "properties": { "fid": 718, "编号": "YF0100", "乡镇": "于家务", "村": "仇庄村", "24越冬基数": null, "25点围环情况": null, "25年成虫危害程度": "无", "24年危害程度": "无", "面积": null, "24年杨扇杨小发生": null, "23年杨扇杨小发生": null, "19年危害程度": "无", "25年越冬基数调查": null, "2025年幼虫危害程度": "无" }, "geometry": { "type": "Point", "coordinates": [ 12992970.301807185634971, 4815143.891282892785966, -0.000045849251137 ] } },
{ "type": "Feature", "properties": { "fid": 719, "编号": "YL0002", "乡镇": "永乐店镇", "村": "后营村", "24越冬基数": null, "25点围环情况": null, "25年成虫危害程度": "无", "24年危害程度": "无", "面积": null, "24年杨扇杨小发生": null, "23年杨扇杨小发生": null, "19年危害程度": "无", "25年越冬基数调查": null, "2025年幼虫危害程度": "黑" }, "geometry": { "type": "Point", "coordinates": [ 13007020.638771735131741, 4820082.761443741619587, -0.000045849251137 ] } },
{ "type": "Feature", "properties": { "fid": 721, "编号": "YL0036", "乡镇": "永乐店镇", "村": "陈辛庄", "24越冬基数": null, "25点围环情况": "轻度", "25年成虫危害程度": "无", "24年危害程度": "中", "面积": 9.6, "24年杨扇杨小发生": null, "23年杨扇杨小发生": null, "19年危害程度": "无", "25年越冬基数调查": null, "2025年幼虫危害程度": "重" }, "geometry": { "type": "Point", "coordinates": [ 13004827.188395397737622, 4823832.745037807151675, -0.000045849251137 ] } },
{ "type": "Feature", "properties": { "fid": 722, "编号": "YL0039", "乡镇": "永乐店镇", "村": "老槐庄", "24越冬基数": null, "25点围环情况": null, "25年成虫危害程度": "无", "24年危害程度": "无", "面积": null, "24年杨扇杨小发生": null, "23年杨扇杨小发生": null, "19年危害程度": "无", "25年越冬基数调查": null, "2025年幼虫危害程度": "重" }, "geometry": { "type": "Point", "coordinates": [ 13004959.917459592223167, 4823808.239821537397802, -0.000045849251137 ] } },
{ "type": "Feature", "properties": { "fid": 723, "编号": "YL0041", "乡镇": "永乐店镇", "村": "陈辛庄", "24越冬基数": null, "25点围环情况": "轻度", "25年成虫危害程度": "无", "24年危害程度": "重", "面积": 20.1, "24年杨扇杨小发生": null, "23年杨扇杨小发生": null, "19年危害程度": "无", "25年越冬基数调查": null, "2025年幼虫危害程度": "中" }, "geometry": { "type": "Point", "coordinates": [ 13004674.562238255515695, 4824766.296870464459062, -0.000045849251137 ] } },
{ "type": "Feature", "properties": { "fid": 724, "编号": "YL0058", "乡镇": "永乐店镇", "村": "南堤寺", "24越冬基数": null, "25点围环情况": "轻度", "25年成虫危害程度": "轻", "24年危害程度": "轻", "面积": 23.2, "24年杨扇杨小发生": null, "23年杨扇杨小发生": null, "19年危害程度": "无", "25年越冬基数调查": null, "2025年幼虫危害程度": "轻" }, "geometry": { "type": "Point", "coordinates": [ 12997101.339383400976658, 4822825.103917802684009, -0.000045849251137 ] } },
{ "type": "Feature", "properties": { "fid": 725, "编号": "YL0060", "乡镇": "永乐店镇", "村": "后营村", "24越冬基数": null, "25点围环情况": null, "25年成虫危害程度": "无", "24年危害程度": "无", "面积": null, "24年杨扇杨小发生": null, "23年杨扇杨小发生": null, "19年危害程度": "无", "25年越冬基数调查": null, "2025年幼虫危害程度": "无" }, "geometry": { "type": "Point", "coordinates": [ 13007922.580412609502673, 4820927.080846241675317, -0.000045849251137 ] } },
{ "type": "Feature", "properties": { "fid": 726, "编号": "YL0063", "乡镇": "永乐店镇", "村": "南堤寺", "24越冬基数": null, "25点围环情况": null, "25年成虫危害程度": "无", "24年危害程度": "无", "面积": null, "24年杨扇杨小发生": null, "23年杨扇杨小发生": null, "19年危害程度": "无", "25年越冬基数调查": null, "2025年幼虫危害程度": "无" }, "geometry": { "type": "Point", "coordinates": [ 12996697.167348422110081, 4822609.704485623165965, -0.000045849251137 ] } },
{ "type": "Feature", "properties": { "fid": 727, "编号": "YL0065", "乡镇": "永乐店镇", "村": "南堤寺", "24越冬基数": null, "25点围环情况": null, "25年成虫危害程度": "无", "24年危害程度": "无", "面积": null, "24年杨扇杨小发生": "无", "23年杨扇杨小发生": "", "19年危害程度": "无", "25年越冬基数调查": null, "2025年幼虫危害程度": "无" }, "geometry": { "type": "Point", "coordinates": [ 12995801.055512292310596, 4821160.242159137502313, -0.000045849251137 ] } },
{ "type": "Feature", "properties": { "fid": 728, "编号": "YL0070", "乡镇": "永乐店镇", "村": "南堤寺", "24越冬基数": null, "25点围环情况": null, "25年成虫危害程度": "无", "24年危害程度": "无", "面积": null, "24年杨扇杨小发生": null, "23年杨扇杨小发生": null, "19年危害程度": "无", "25年越冬基数调查": null, "2025年幼虫危害程度": "无" }, "geometry": { "type": "Point", "coordinates": [ 12997181.099360756576061, 4820252.190648805350065, -0.000045849251137 ] } },
{ "type": "Feature", "properties": { "fid": 729, "编号": "YL0075", "乡镇": "永乐店镇", "村": "德仁务", "24越冬基数": null, "25点围环情况": null, "25年成虫危害程度": "无", "24年危害程度": "无", "面积": null, "24年杨扇杨小发生": "无", "23年杨扇杨小发生": "", "19年危害程度": "无", "25年越冬基数调查": null, "2025年幼虫危害程度": "中" }, "geometry": { "type": "Point", "coordinates": [ 12997565.850219437852502, 4819308.200236566364765, -0.000045849251137 ] } },
{ "type": "Feature", "properties": { "fid": 730, "编号": "YL0083", "乡镇": "永乐店镇", "村": "德仁务", "24越冬基数": null, "25点围环情况": null, "25年成虫危害程度": "无", "24年危害程度": "无", "面积": null, "24年杨扇杨小发生": "无", "23年杨扇杨小发生": "", "19年危害程度": "无", "25年越冬基数调查": null, "2025年幼虫危害程度": "无" }, "geometry": { "type": "Point", "coordinates": [ 12998237.373676551505923, 4818454.240347286686301, -0.000045849251137 ] } },
{ "type": "Feature", "properties": { "fid": 731, "编号": "YL0088", "乡镇": "永乐店镇", "村": "德仁务", "24越冬基数": null, "25点围环情况": null, "25年成虫危害程度": "无", "24年危害程度": "无", "面积": null, "24年杨扇杨小发生": "无", "23年杨扇杨小发生": "轻", "19年危害程度": "无", "25年越冬基数调查": null, "2025年幼虫危害程度": "无" }, "geometry": { "type": "Point", "coordinates": [ 12998888.132422730326653, 4817757.356285414658487, -0.000045849251137 ] } },
{ "type": "Feature", "properties": { "fid": 732, "编号": "YL0110", "乡镇": "永乐店镇", "村": "应寺村", "24越冬基数": null, "25点围环情况": null, "25年成虫危害程度": "无", "24年危害程度": "无", "面积": null, "24年杨扇杨小发生": null, "23年杨扇杨小发生": null, "19年危害程度": "无", "25年越冬基数调查": null, "2025年幼虫危害程度": "无" }, "geometry": { "type": "Point", "coordinates": [ 12992824.617160519585013, 4812559.419047549366951, -0.000045849251137 ] } },
{ "type": "Feature", "properties": { "fid": 733, "编号": "YL0112", "乡镇": "永乐店镇", "村": "应寺村", "24越冬基数": null, "25点围环情况": null, "25年成虫危害程度": "无", "24年危害程度": "无", "面积": null, "24年杨扇杨小发生": null, "23年杨扇杨小发生": null, "19年危害程度": "无", "25年越冬基数调查": null, "2025年幼虫危害程度": "重" }, "geometry": { "type": "Point", "coordinates": [ 12993201.596239572390914, 4812655.761755241081119, -0.000045849251137 ] } },
{ "type": "Feature", "properties": { "fid": 734, "编号": "YL0114", "乡镇": "永乐店镇", "村": "应寺村", "24越冬基数": null, "25点围环情况": null, "25年成虫危害程度": "重", "24年危害程度": "无", "面积": 50.3, "24年杨扇杨小发生": null, "23年杨扇杨小发生": null, "19年危害程度": "无", "25年越冬基数调查": null, "2025年幼虫危害程度": "重" }, "geometry": { "type": "Point", "coordinates": [ 12993181.900264251977205, 4812350.998372727073729, -0.000045849251137 ] } },
{ "type": "Feature", "properties": { "fid": 735, "编号": "YL0116", "乡镇": "永乐店镇", "村": "临沟屯", "24越冬基数": null, "25点围环情况": null, "25年成虫危害程度": "无", "24年危害程度": "无", "面积": null, "24年杨扇杨小发生": null, "23年杨扇杨小发生": null, "19年危害程度": "无", "25年越冬基数调查": null, "2025年幼虫危害程度": "无" }, "geometry": { "type": "Point", "coordinates": [ 12992790.447876282036304, 4812139.788910471834242, -0.000045849251137 ] } },
{ "type": "Feature", "properties": { "fid": 736, "编号": "YL0118", "乡镇": "永乐店镇", "村": "临沟屯", "24越冬基数": null, "25点围环情况": null, "25年成虫危害程度": "重", "24年危害程度": "无", "面积": null, "24年杨扇杨小发生": null, "23年杨扇杨小发生": null, "19年危害程度": "无", "25年越冬基数调查": null, "2025年幼虫危害程度": "重" }, "geometry": { "type": "Point", "coordinates": [ 12993191.392823021858931, 4812020.915658920072019, -0.000045849251137 ] } },
{ "type": "Feature", "properties": { "fid": 737, "编号": "YL0120", "乡镇": "永乐店镇", "村": "临沟屯", "24越冬基数": null, "25点围环情况": null, "25年成虫危害程度": "中", "24年危害程度": "无", "面积": null, "24年杨扇杨小发生": null, "23年杨扇杨小发生": null, "19年危害程度": "无", "25年越冬基数调查": null, "2025年幼虫危害程度": "重" }, "geometry": { "type": "Point", "coordinates": [ 12993643.699554368853569, 4811588.431617501191795, -0.000045849251137 ] } },
{ "type": "Feature", "properties": { "fid": 738, "编号": "YL0122", "乡镇": "永乐店镇", "村": "临沟屯", "24越冬基数": null, "25点围环情况": null, "25年成虫危害程度": "无", "24年危害程度": "无", "面积": null, "24年杨扇杨小发生": null, "23年杨扇杨小发生": null, "19年危害程度": "无", "25年越冬基数调查": null, "2025年幼虫危害程度": "重" }, "geometry": { "type": "Point", "coordinates": [ 12994182.06736215390265, 4810970.458766628056765, -0.000045849251137 ] } },
{ "type": "Feature", "properties": { "fid": 739, "编号": "YL0125", "乡镇": "永乐店镇", "村": "临沟屯", "24越冬基数": null, "25点围环情况": null, "25年成虫危害程度": "无", "24年危害程度": "无", "面积": null, "24年杨扇杨小发生": null, "23年杨扇杨小发生": null, "19年危害程度": "无", "25年越冬基数调查": null, "2025年幼虫危害程度": "中" }, "geometry": { "type": "Point", "coordinates": [ 12994120.606514737010002, 4810822.721272466704249, -0.000045849251137 ] } },
{ "type": "Feature", "properties": { "fid": 740, "编号": "YL0127", "乡镇": "永乐店镇", "村": "临沟屯", "24越冬基数": null, "25点围环情况": null, "25年成虫危害程度": "轻", "24年危害程度": "无", "面积": null, "24年杨扇杨小发生": null, "23年杨扇杨小发生": null, "19年危害程度": "无", "25年越冬基数调查": null, "2025年幼虫危害程度": "重" }, "geometry": { "type": "Point", "coordinates": [ 12995009.574743859469891, 4810540.062686310149729, -0.000045849251137 ] } },
{ "type": "Feature", "properties": { "fid": 741, "编号": "YL0130", "乡镇": "永乐店镇", "村": "熬硝营", "24越冬基数": null, "25点围环情况": null, "25年成虫危害程度": "无", "24年危害程度": "无", "面积": null, "24年杨扇杨小发生": null, "23年杨扇杨小发生": null, "19年危害程度": "无", "25年越冬基数调查": null, "2025年幼虫危害程度": "无" }, "geometry": { "type": "Point", "coordinates": [ 12997181.944988256320357, 4810513.603832057677209, -0.000045849251137 ] } },
{ "type": "Feature", "properties": { "fid": 742, "编号": "YL0132", "乡镇": "永乐店镇", "村": "熬硝营", "24越冬基数": null, "25点围环情况": null, "25年成虫危害程度": "无", "24年危害程度": "无", "面积": null, "24年杨扇杨小发生": null, "23年杨扇杨小发生": null, "19年危害程度": "无", "25年越冬基数调查": null, "2025年幼虫危害程度": "轻" }, "geometry": { "type": "Point", "coordinates": [ 12997339.875294825062156, 4809809.831221792846918, -0.000045849251137 ] } },
{ "type": "Feature", "properties": { "fid": 743, "编号": "YL0136", "乡镇": "永乐店镇", "村": "熬硝营", "24越冬基数": null, "25点围环情况": null, "25年成虫危害程度": "无", "24年危害程度": "无", "面积": null, "24年杨扇杨小发生": null, "23年杨扇杨小发生": null, "19年危害程度": "无", "25年越冬基数调查": null, "2025年幼虫危害程度": "无" }, "geometry": { "type": "Point", "coordinates": [ 12998659.063712140545249, 4809680.046617338433862, -0.000045849251137 ] } },
{ "type": "Feature", "properties": { "fid": 744, "编号": "YL0138", "乡镇": "永乐店镇", "村": "熬硝营", "24越冬基数": null, "25点围环情况": null, "25年成虫危害程度": "无", "24年危害程度": "无", "面积": null, "24年杨扇杨小发生": null, "23年杨扇杨小发生": null, "19年危害程度": "无", "25年越冬基数调查": null, "2025年幼虫危害程度": "无" }, "geometry": { "type": "Point", "coordinates": [ 12997985.248624406754971, 4809823.155731723643839, -0.000045849251137 ] } },
{ "type": "Feature", "properties": { "fid": 745, "编号": "YL0147", "乡镇": "永乐店镇", "村": "三垈村", "24越冬基数": null, "25点围环情况": null, "25年成虫危害程度": "无", "24年危害程度": "无", "面积": null, "24年杨扇杨小发生": null, "23年杨扇杨小发生": null, "19年危害程度": "无", "25年越冬基数调查": null, "2025年幼虫危害程度": "无" }, "geometry": { "type": "Point", "coordinates": [ 13002481.082809519022703, 4810533.852782538160682, -0.000045849251137 ] } },
{ "type": "Feature", "properties": { "fid": 746, "编号": "YL0157", "乡镇": "永乐店镇", "村": "兴隆庄", "24越冬基数": null, "25点围环情况": null, "25年成虫危害程度": "无", "24年危害程度": "无", "面积": null, "24年杨扇杨小发生": null, "23年杨扇杨小发生": null, "19年危害程度": "无", "25年越冬基数调查": null, "2025年幼虫危害程度": "无" }, "geometry": { "type": "Point", "coordinates": [ 13005016.660571873188019, 4810749.307254365645349, -0.000045849251137 ] } },
{ "type": "Feature", "properties": { "fid": 747, "编号": "YL0159", "乡镇": "永乐店镇", "村": "兴隆庄", "24越冬基数": null, "25点围环情况": null, "25年成虫危害程度": "无", "24年危害程度": "无", "面积": null, "24年杨扇杨小发生": null, "23年杨扇杨小发生": null, "19年危害程度": "无", "25年越冬基数调查": null, "2025年幼虫危害程度": "轻" }, "geometry": { "type": "Point", "coordinates": [ 13005201.995033964514732, 4810649.55742097273469, -0.000045849251137 ] } },
{ "type": "Feature", "properties": { "fid": 748, "编号": "YL0161", "乡镇": "永乐店镇", "村": "半截河", "24越冬基数": null, "25点围环情况": null, "25年成虫危害程度": "无", "24年危害程度": "无", "面积": null, "24年杨扇杨小发生": "无", "23年杨扇杨小发生": "", "19年危害程度": "无", "25年越冬基数调查": null, "2025年幼虫危害程度": "轻" }, "geometry": { "type": "Point", "coordinates": [ 13004210.750113628804684, 4812753.600877891294658, -0.000045849251137 ] } },
{ "type": "Feature", "properties": { "fid": 749, "编号": "YL0165", "乡镇": "永乐店镇", "村": "半截河", "24越冬基数": null, "25点围环情况": null, "25年成虫危害程度": "无", "24年危害程度": "无", "面积": null, "24年杨扇杨小发生": null, "23年杨扇杨小发生": null, "19年危害程度": "无", "25年越冬基数调查": null, "2025年幼虫危害程度": "无" }, "geometry": { "type": "Point", "coordinates": [ 13004093.24181154742837, 4813800.306759824976325, -0.000045849251137 ] } },
{ "type": "Feature", "properties": { "fid": 750, "编号": "YL0167", "乡镇": "永乐店镇", "村": "半截河", "24越冬基数": null, "25点围环情况": null, "25年成虫危害程度": "无", "24年危害程度": "无", "面积": null, "24年杨扇杨小发生": null, "23年杨扇杨小发生": null, "19年危害程度": "无", "25年越冬基数调查": null, "2025年幼虫危害程度": "无" }, "geometry": { "type": "Point", "coordinates": [ 13003826.871741203591228, 4813788.29494377784431, -0.000045849251137 ] } },
{ "type": "Feature", "properties": { "fid": 751, "编号": "YL0174", "乡镇": "永乐店镇", "村": "大务村", "24越冬基数": null, "25点围环情况": null, "25年成虫危害程度": "无", "24年危害程度": "无", "面积": null, "24年杨扇杨小发生": null, "23年杨扇杨小发生": null, "19年危害程度": "无", "25年越冬基数调查": null, "2025年幼虫危害程度": "无" }, "geometry": { "type": "Point", "coordinates": [ 13005936.590647069737315, 4817287.895699609071016, -0.000045849251137 ] } },
{ "type": "Feature", "properties": { "fid": 752, "编号": "YL0184", "乡镇": "永乐店镇", "村": "熬硝营", "24越冬基数": null, "25点围环情况": null, "25年成虫危害程度": "无", "24年危害程度": "无", "面积": null, "24年杨扇杨小发生": null, "23年杨扇杨小发生": null, "19年危害程度": "无", "25年越冬基数调查": null, "2025年幼虫危害程度": "无" }, "geometry": { "type": "Point", "coordinates": [ 12997414.588330594822764, 4810290.169018580578268, -0.000045849251137 ] } },
{ "type": "Feature", "properties": { "fid": 753, "编号": "YL0186", "乡镇": "永乐店镇", "村": "熬硝营", "24越冬基数": null, "25点围环情况": null, "25年成虫危害程度": "无", "24年危害程度": "无", "面积": null, "24年杨扇杨小发生": null, "23年杨扇杨小发生": null, "19年危害程度": "无", "25年越冬基数调查": null, "2025年幼虫危害程度": "无" }, "geometry": { "type": "Point", "coordinates": [ 12997986.401516398414969, 4810341.353766153566539, -0.000045849251137 ] } },
{ "type": "Feature", "properties": { "fid": 754, "编号": "YL0194", "乡镇": "永乐店镇", "村": "小甸屯", "24越冬基数": null, "25点围环情况": null, "25年成虫危害程度": "无", "24年危害程度": "无", "面积": 6.5, "24年杨扇杨小发生": null, "23年杨扇杨小发生": null, "19年危害程度": "轻", "25年越冬基数调查": null, "2025年幼虫危害程度": "无" }, "geometry": { "type": "Point", "coordinates": [ 12998501.800433797761798, 4808803.392463035881519, -0.000045849251137 ] } },
{ "type": "Feature", "properties": { "fid": 755, "编号": "YL0198", "乡镇": "永乐店镇", "村": "半截河", "24越冬基数": null, "25点围环情况": null, "25年成虫危害程度": "无", "24年危害程度": "无", "面积": null, "24年杨扇杨小发生": null, "23年杨扇杨小发生": null, "19年危害程度": "无", "25年越冬基数调查": null, "2025年幼虫危害程度": "无" }, "geometry": { "type": "Point", "coordinates": [ 13002527.894566854462028, 4813107.825269563123584, -0.000045849251137 ] } },
{ "type": "Feature", "properties": { "fid": 756, "编号": "YL0200", "乡镇": "永乐店镇", "村": "半截河", "24越冬基数": null, "25点围环情况": null, "25年成虫危害程度": "无", "24年危害程度": "无", "面积": null, "24年杨扇杨小发生": null, "23年杨扇杨小发生": null, "19年危害程度": "无", "25年越冬基数调查": null, "2025年幼虫危害程度": "无" }, "geometry": { "type": "Point", "coordinates": [ 13002210.609976487234235, 4813394.755289256572723, -0.000045849251137 ] } },
{ "type": "Feature", "properties": { "fid": 757, "编号": "YL0202", "乡镇": "永乐店镇", "村": "半截河", "24越冬基数": null, "25点围环情况": null, "25年成虫危害程度": "无", "24年危害程度": "无", "面积": null, "24年杨扇杨小发生": "无", "23年杨扇杨小发生": "", "19年危害程度": "无", "25年越冬基数调查": null, "2025年幼虫危害程度": "无" }, "geometry": { "type": "Point", "coordinates": [ 13003470.26769008859992, 4813247.895210442133248, -0.000045849251137 ] } },
{ "type": "Feature", "properties": { "fid": 758, "编号": "YL0232", "乡镇": "永乐店镇", "村": "柴厂屯", "24越冬基数": null, "25点围环情况": null, "25年成虫危害程度": "无", "24年危害程度": "无", "面积": null, "24年杨扇杨小发生": null, "23年杨扇杨小发生": null, "19年危害程度": "无", "25年越冬基数调查": null, "2025年幼虫危害程度": "无" }, "geometry": { "type": "Point", "coordinates": [ 12997800.279227960854769, 4813652.179029616527259, -0.000045849251137 ] } },
{ "type": "Feature", "properties": { "fid": 760, "编号": "YL0250", "乡镇": "永乐店镇", "村": "熬硝营", "24越冬基数": null, "25点围环情况": null, "25年成虫危害程度": "无", "24年危害程度": "无", "面积": null, "24年杨扇杨小发生": null, "23年杨扇杨小发生": null, "19年危害程度": "无", "25年越冬基数调查": null, "2025年幼虫危害程度": "无" }, "geometry": { "type": "Point", "coordinates": [ 12999388.828955952078104, 4811267.890279578976333, -0.000045849251137 ] } },
{ "type": "Feature", "properties": { "fid": 762, "编号": "YL0260", "乡镇": "永乐店镇", "村": "德仁务", "24越冬基数": null, "25点围环情况": null, "25年成虫危害程度": "无", "24年危害程度": "无", "面积": null, "24年杨扇杨小发生": "无", "23年杨扇杨小发生": "", "19年危害程度": "无", "25年越冬基数调查": null, "2025年幼虫危害程度": "轻" }, "geometry": { "type": "Point", "coordinates": [ 13000770.772997768595815, 4815550.23536838311702, -0.000045849251137 ] } },
{ "type": "Feature", "properties": { "fid": 763, "编号": "YL0279", "乡镇": "永乐店镇", "村": "德仁务", "24越冬基数": null, "25点围环情况": null, "25年成虫危害程度": "无", "24年危害程度": "无", "面积": null, "24年杨扇杨小发生": null, "23年杨扇杨小发生": null, "19年危害程度": "无", "25年越冬基数调查": null, "2025年幼虫危害程度": "无" }, "geometry": { "type": "Point", "coordinates": [ 13000517.380596263334155, 4820000.043464827351272, -0.000045849251137 ] } },
{ "type": "Feature", "properties": { "fid": 764, "编号": "YL0283", "乡镇": "永乐店镇", "村": "西河村", "24越冬基数": null, "25点围环情况": null, "25年成虫危害程度": "无", "24年危害程度": "无", "面积": null, "24年杨扇杨小发生": null, "23年杨扇杨小发生": null, "19年危害程度": "无", "25年越冬基数调查": null, "2025年幼虫危害程度": "无" }, "geometry": { "type": "Point", "coordinates": [ 13002329.477579310536385, 4819105.443029101938009, -0.000045849251137 ] } },
{ "type": "Feature", "properties": { "fid": 765, "编号": "YL0290", "乡镇": "永乐店镇", "村": "小务村", "24越冬基数": null, "25点围环情况": null, "25年成虫危害程度": "无", "24年危害程度": "无", "面积": null, "24年杨扇杨小发生": null, "23年杨扇杨小发生": null, "19年危害程度": "无", "25年越冬基数调查": null, "2025年幼虫危害程度": "轻" }, "geometry": { "type": "Point", "coordinates": [ 13004067.984801955521107, 4820114.739957748912275, -0.000045849251137 ] } },
{ "type": "Feature", "properties": { "fid": 766, "编号": "YL0301", "乡镇": "永乐店镇", "村": "老槐庄", "24越冬基数": null, "25点围环情况": null, "25年成虫危害程度": "无", "24年危害程度": "无", "面积": null, "24年杨扇杨小发生": null, "23年杨扇杨小发生": null, "19年危害程度": "无", "25年越冬基数调查": null, "2025年幼虫危害程度": "中" }, "geometry": { "type": "Point", "coordinates": [ 13004013.54745239764452, 4822753.635978592559695, -0.000045849251137 ] } },
{ "type": "Feature", "properties": { "fid": 767, "编号": "YL0304", "乡镇": "永乐店镇", "村": "德仁务", "24越冬基数": "杨扇（轻）", "25点围环情况": null, "25年成虫危害程度": "无", "24年危害程度": "无", "面积": null, "24年杨扇杨小发生": "轻", "23年杨扇杨小发生": "轻", "19年危害程度": "无", "25年越冬基数调查": null, "2025年幼虫危害程度": "无" }, "geometry": { "type": "Point", "coordinates": [ 12999461.327242510393262, 4816878.386475728824735, -0.000045849251137 ] } },
{ "type": "Feature", "properties": { "fid": 768, "编号": "YL0312", "乡镇": "永乐店镇", "村": "临沟屯", "24越冬基数": null, "25点围环情况": "轻度", "25年成虫危害程度": "重", "24年危害程度": "轻", "面积": 88.5, "24年杨扇杨小发生": null, "23年杨扇杨小发生": null, "19年危害程度": "无", "25年越冬基数调查": null, "2025年幼虫危害程度": "重" }, "geometry": { "type": "Point", "coordinates": [ 12993914.179217584431171, 4811743.873731971718371, -0.000045849251137 ] } },
{ "type": "Feature", "properties": { "fid": 769, "编号": "YL0319", "乡镇": "永乐店镇", "村": "坚村", "24越冬基数": null, "25点围环情况": null, "25年成虫危害程度": "无", "24年危害程度": "无", "面积": 50.8, "24年杨扇杨小发生": null, "23年杨扇杨小发生": null, "19年危害程度": "轻", "25年越冬基数调查": null, "2025年幼虫危害程度": "无" }, "geometry": { "type": "Point", "coordinates": [ 13003356.958690581843257, 4821436.377189317718148, -0.000045849251137 ] } },
{ "type": "Feature", "properties": { "fid": 771, "编号": "YL0341", "乡镇": "永乐店镇", "村": "南堤寺", "24越冬基数": null, "25点围环情况": null, "25年成虫危害程度": "无", "24年危害程度": "无", "面积": null, "24年杨扇杨小发生": "无", "23年杨扇杨小发生": "", "19年危害程度": "无", "25年越冬基数调查": null, "2025年幼虫危害程度": "无" }, "geometry": { "type": "Point", "coordinates": [ 12996987.287693347781897, 4819594.031670527532697, -0.000045849251137 ] } },
{ "type": "Feature", "properties": { "fid": 772, "编号": "YL0344", "乡镇": "永乐店镇", "村": "兴隆庄", "24越冬基数": null, "25点围环情况": null, "25年成虫危害程度": "无", "24年危害程度": "无", "面积": null, "24年杨扇杨小发生": null, "23年杨扇杨小发生": null, "19年危害程度": "无", "25年越冬基数调查": null, "2025年幼虫危害程度": "中" }, "geometry": { "type": "Point", "coordinates": [ 13004868.662166055291891, 4811061.500526698306203, -0.000045849251137 ] } },
{ "type": "Feature", "properties": { "fid": 773, "编号": "YL0353", "乡镇": "永乐店镇", "村": "德仁务", "24越冬基数": null, "25点围环情况": null, "25年成虫危害程度": "无", "24年危害程度": "无", "面积": null, "24年杨扇杨小发生": "无", "23年杨扇杨小发生": "", "19年危害程度": "无", "25年越冬基数调查": null, "2025年幼虫危害程度": "轻" }, "geometry": { "type": "Point", "coordinates": [ 13000169.712271604686975, 4816219.062016746029258, -0.000045849251137 ] } },
{ "type": "Feature", "properties": { "fid": 774, "编号": "YL0401", "乡镇": "永乐店镇", "村": "陈辛庄", "24越冬基数": null, "25点围环情况": "轻度", "25年成虫危害程度": "轻", "24年危害程度": "轻", "面积": 50.1, "24年杨扇杨小发生": null, "23年杨扇杨小发生": null, "19年危害程度": "无", "25年越冬基数调查": null, "2025年幼虫危害程度": "中" }, "geometry": { "type": "Point", "coordinates": [ 13004609.591899253427982, 4823874.468886087648571, -0.000045849251137 ] } },
{ "type": "Feature", "properties": { "fid": 775, "编号": "YL0405", "乡镇": "永乐店镇", "村": "南堤寺", "24越冬基数": null, "25点围环情况": "轻度", "25年成虫危害程度": "重", "24年危害程度": "轻", "面积": 65.2, "24年杨扇杨小发生": null, "23年杨扇杨小发生": null, "19年危害程度": "无", "25年越冬基数调查": "1", "2025年幼虫危害程度": "重" }, "geometry": { "type": "Point", "coordinates": [ 12996777.352347109466791, 4823035.159365199506283, -0.000045849251137 ] } },
{ "type": "Feature", "properties": { "fid": 776, "编号": "YL0408", "乡镇": "永乐店镇", "村": "德仁务", "24越冬基数": null, "25点围环情况": null, "25年成虫危害程度": "无", "24年危害程度": "无", "面积": null, "24年杨扇杨小发生": "无", "23年杨扇杨小发生": "", "19年危害程度": "无", "25年越冬基数调查": null, "2025年幼虫危害程度": "无" }, "geometry": { "type": "Point", "coordinates": [ 13000443.886487590149045, 4815921.097757485695183, -0.000045849251137 ] } },
{ "type": "Feature", "properties": { "fid": 777, "编号": "YS0004", "乡镇": "永顺镇", "村": "小圣庙", "24越冬基数": null, "25点围环情况": null, "25年成虫危害程度": "无", "24年危害程度": "无", "面积": null, "24年杨扇杨小发生": null, "23年杨扇杨小发生": null, "19年危害程度": "无", "25年越冬基数调查": null, "2025年幼虫危害程度": "无" }, "geometry": { "type": "Point", "coordinates": [ 12991332.79395867139101, 4849196.9726397478953, -0.000045849251137 ] } },
{ "type": "Feature", "properties": { "fid": 778, "编号": "YS0029", "乡镇": "永顺镇", "村": "范庄村", "24越冬基数": null, "25点围环情况": null, "25年成虫危害程度": "无", "24年危害程度": "无", "面积": null, "24年杨扇杨小发生": "无", "23年杨扇杨小发生": "", "19年危害程度": "无", "25年越冬基数调查": null, "2025年幼虫危害程度": "无" }, "geometry": { "type": "Point", "coordinates": [ 12985318.11285593546927, 4855576.792414099909365, -0.000045849251137 ] } },
{ "type": "Feature", "properties": { "fid": 779, "编号": "YS0033", "乡镇": "永顺镇", "村": "刘庄村", "24越冬基数": null, "25点围环情况": null, "25年成虫危害程度": "无", "24年危害程度": "无", "面积": null, "24年杨扇杨小发生": null, "23年杨扇杨小发生": null, "19年危害程度": "无", "25年越冬基数调查": null, "2025年幼虫危害程度": "无" }, "geometry": { "type": "Point", "coordinates": [ 12987251.432578913867474, 4858817.398298685438931, -0.000045849251137 ] } },
{ "type": "Feature", "properties": { "fid": 780, "编号": "YS0039", "乡镇": "永顺镇", "村": "北马庄", "24越冬基数": null, "25点围环情况": null, "25年成虫危害程度": "无", "24年危害程度": "无", "面积": null, "24年杨扇杨小发生": "无", "23年杨扇杨小发生": "", "19年危害程度": "无", "25年越冬基数调查": null, "2025年幼虫危害程度": "无" }, "geometry": { "type": "Point", "coordinates": [ 12984396.629935421049595, 4858012.764383622445166, -0.000045849251137 ] } },
{ "type": "Feature", "properties": { "fid": 781, "编号": "YS0041", "乡镇": "永顺镇", "村": "新建村", "24越冬基数": null, "25点围环情况": null, "25年成虫危害程度": "无", "24年危害程度": "无", "面积": null, "24年杨扇杨小发生": "无", "23年杨扇杨小发生": "", "19年危害程度": "无", "25年越冬基数调查": null, "2025年幼虫危害程度": "无" }, "geometry": { "type": "Point", "coordinates": [ 12983880.702337611466646, 4857898.777328850701451, -0.000045849251137 ] } },
{ "type": "Feature", "properties": { "fid": 782, "编号": "YS0043", "乡镇": "永顺镇", "村": "范庄村", "24越冬基数": null, "25点围环情况": null, "25年成虫危害程度": "无", "24年危害程度": "无", "面积": null, "24年杨扇杨小发生": "无", "23年杨扇杨小发生": "", "19年危害程度": "无", "25年越冬基数调查": null, "2025年幼虫危害程度": "无" }, "geometry": { "type": "Point", "coordinates": [ 12984472.000876661390066, 4856214.891501257196069, -0.000045849251137 ] } },
{ "type": "Feature", "properties": { "fid": 784, "编号": "ZW0027", "乡镇": "张家湾镇", "村": "张湾村", "24越冬基数": null, "25点围环情况": null, "25年成虫危害程度": "无", "24年危害程度": "无", "面积": null, "24年杨扇杨小发生": "无", "23年杨扇杨小发生": "", "19年危害程度": "", "25年越冬基数调查": null, "2025年幼虫危害程度": "无" }, "geometry": { "type": "Point", "coordinates": [ 12989915.502967001870275, 4845065.640532207675278, -0.000045849251137 ] } },
{ "type": "Feature", "properties": { "fid": 785, "编号": "ZW0029", "乡镇": "张家湾镇", "村": "立禅庵", "24越冬基数": null, "25点围环情况": null, "25年成虫危害程度": "无", "24年危害程度": "无", "面积": null, "24年杨扇杨小发生": "无", "23年杨扇杨小发生": "", "19年危害程度": "无", "25年越冬基数调查": null, "2025年幼虫危害程度": "无" }, "geometry": { "type": "Point", "coordinates": [ 12989488.84755371697247, 4843845.25540567189455, -0.000045849251137 ] } },
{ "type": "Feature", "properties": { "fid": 786, "编号": "ZW0040", "乡镇": "张家湾镇", "村": "宽街村", "24越冬基数": null, "25点围环情况": "轻度", "25年成虫危害程度": "无", "24年危害程度": "中", "面积": 13.5, "24年杨扇杨小发生": "无", "23年杨扇杨小发生": "", "19年危害程度": "无", "25年越冬基数调查": null, "2025年幼虫危害程度": "轻" }, "geometry": { "type": "Point", "coordinates": [ 12989727.738837065175176, 4842220.889651098288596, -0.000045849251137 ] } },
{ "type": "Feature", "properties": { "fid": 787, "编号": "ZW0047", "乡镇": "张家湾镇", "村": "苍头村", "24越冬基数": null, "25点围环情况": "黑", "25年成虫危害程度": "黑点", "24年危害程度": "无", "面积": null, "24年杨扇杨小发生": "无", "23年杨扇杨小发生": "", "19年危害程度": "", "25年越冬基数调查": null, "2025年幼虫危害程度": "无" }, "geometry": { "type": "Point", "coordinates": [ 12986966.888975596055388, 4837893.217686489224434, -0.000045849251137 ] } },
{ "type": "Feature", "properties": { "fid": 788, "编号": "ZW0054", "乡镇": "张家湾镇", "村": "高营村", "24越冬基数": null, "25点围环情况": "轻度", "25年成虫危害程度": "无", "24年危害程度": "轻", "面积": 89.0, "24年杨扇杨小发生": "无", "23年杨扇杨小发生": "", "19年危害程度": "无", "25年越冬基数调查": null, "2025年幼虫危害程度": "中" }, "geometry": { "type": "Point", "coordinates": [ 12984265.328118288889527, 4833065.637830743566155, -0.000045849251137 ] } },
{ "type": "Feature", "properties": { "fid": 789, "编号": "ZW0056", "乡镇": "张家湾镇", "村": "高营村", "24越冬基数": null, "25点围环情况": "轻度", "25年成虫危害程度": "无", "24年危害程度": "中", "面积": 21.0, "24年杨扇杨小发生": "无", "23年杨扇杨小发生": "", "19年危害程度": "无", "25年越冬基数调查": null, "2025年幼虫危害程度": "中" }, "geometry": { "type": "Point", "coordinates": [ 12984539.868971867486835, 4832763.482946149073541, -0.000045849251137 ] } },
{ "type": "Feature", "properties": { "fid": 790, "编号": "ZW0068", "乡镇": "张家湾镇", "村": "苍上村", "24越冬基数": null, "25点围环情况": null, "25年成虫危害程度": "无", "24年危害程度": "无", "面积": null, "24年杨扇杨小发生": "无", "23年杨扇杨小发生": "", "19年危害程度": "无", "25年越冬基数调查": null, "2025年幼虫危害程度": "轻" }, "geometry": { "type": "Point", "coordinates": [ 12994918.588961130008101, 4832900.985997943207622, -0.000045849251137 ] } },
{ "type": "Feature", "properties": { "fid": 791, "编号": "ZW0070", "乡镇": "张家湾镇", "村": "王各庄", "24越冬基数": null, "25点围环情况": null, "25年成虫危害程度": "无", "24年危害程度": "无", "面积": null, "24年杨扇杨小发生": "轻", "23年杨扇杨小发生": "轻", "19年危害程度": "无", "25年越冬基数调查": null, "2025年幼虫危害程度": "无" }, "geometry": { "type": "Point", "coordinates": [ 12994920.999931709840894, 4833053.020355473272502, -0.000045849251137 ] } },
{ "type": "Feature", "properties": { "fid": 792, "编号": "ZW0073", "乡镇": "张家湾镇", "村": "东永和", "24越冬基数": null, "25点围环情况": null, "25年成虫危害程度": "无", "24年危害程度": "无", "面积": 12.1, "24年杨扇杨小发生": null, "23年杨扇杨小发生": null, "19年危害程度": "轻", "25年越冬基数调查": null, "2025年幼虫危害程度": "无" }, "geometry": { "type": "Point", "coordinates": [ 12994226.725344464182854, 4833961.418690512888134, -0.000045849251137 ] } },
{ "type": "Feature", "properties": { "fid": 794, "编号": "ZW0080", "乡镇": "张家湾镇", "村": "姚辛庄", "24越冬基数": null, "25点围环情况": null, "25年成虫危害程度": "无", "24年危害程度": "无", "面积": null, "24年杨扇杨小发生": null, "23年杨扇杨小发生": null, "19年危害程度": "无", "25年越冬基数调查": null, "2025年幼虫危害程度": "无" }, "geometry": { "type": "Point", "coordinates": [ 12997730.63006678968668, 4839238.338606105186045, -0.000045849251137 ] } },
{ "type": "Feature", "properties": { "fid": 795, "编号": "ZW0082", "乡镇": "张家湾镇", "村": "姚辛庄", "24越冬基数": null, "25点围环情况": null, "25年成虫危害程度": "无", "24年危害程度": "无", "面积": null, "24年杨扇杨小发生": "无", "23年杨扇杨小发生": "", "19年危害程度": "无", "25年越冬基数调查": null, "2025年幼虫危害程度": "无" }, "geometry": { "type": "Point", "coordinates": [ 12999043.439297607168555, 4839276.368805817328393, -0.000045849251137 ] } },
{ "type": "Feature", "properties": { "fid": 796, "编号": "ZW0084", "乡镇": "张家湾镇", "村": "里二泗", "24越冬基数": null, "25点围环情况": null, "25年成虫危害程度": "无", "24年危害程度": "无", "面积": null, "24年杨扇杨小发生": "无", "23年杨扇杨小发生": "", "19年危害程度": "无", "25年越冬基数调查": null, "2025年幼虫危害程度": "无" }, "geometry": { "type": "Point", "coordinates": [ 12999301.185277974233031, 4840791.922701237723231, -0.000045849251137 ] } },
{ "type": "Feature", "properties": { "fid": 797, "编号": "ZW0088", "乡镇": "张家湾镇", "村": "上店村", "24越冬基数": null, "25点围环情况": null, "25年成虫危害程度": "无", "24年危害程度": "无", "面积": null, "24年杨扇杨小发生": "无", "23年杨扇杨小发生": "", "19年危害程度": "无", "25年越冬基数调查": null, "2025年幼虫危害程度": "无" }, "geometry": { "type": "Point", "coordinates": [ 12998474.528025763109326, 4842558.229054586961865, -0.000045849251137 ] } },
{ "type": "Feature", "properties": { "fid": 798, "编号": "ZW0092", "乡镇": "张家湾镇", "村": "梁各庄", "24越冬基数": null, "25点围环情况": null, "25年成虫危害程度": "无", "24年危害程度": "无", "面积": null, "24年杨扇杨小发生": "无", "23年杨扇杨小发生": "", "19年危害程度": "无", "25年越冬基数调查": null, "2025年幼虫危害程度": "轻" }, "geometry": { "type": "Point", "coordinates": [ 12996588.796026455238461, 4844312.954103302210569, -0.000045849251137 ] } },
{ "type": "Feature", "properties": { "fid": 799, "编号": "ZW0094", "乡镇": "张家湾镇", "村": "梁各庄", "24越冬基数": null, "25点围环情况": null, "25年成虫危害程度": "无", "24年危害程度": "无", "面积": null, "24年杨扇杨小发生": "无", "23年杨扇杨小发生": "", "19年危害程度": "无", "25年越冬基数调查": null, "2025年幼虫危害程度": "无" }, "geometry": { "type": "Point", "coordinates": [ 12996422.645152626559138, 4844327.464885949157178, -0.000045849251137 ] } },
{ "type": "Feature", "properties": { "fid": 800, "编号": "ZW0098", "乡镇": "张家湾镇", "村": "梁各庄", "24越冬基数": null, "25点围环情况": null, "25年成虫危害程度": "无", "24年危害程度": "无", "面积": null, "24年杨扇杨小发生": null, "23年杨扇杨小发生": null, "19年危害程度": "无", "25年越冬基数调查": null, "2025年幼虫危害程度": "无" }, "geometry": { "type": "Point", "coordinates": [ 12996118.918410351499915, 4845428.72578276693821, -0.000045849251137 ] } },
{ "type": "Feature", "properties": { "fid": 802, "编号": "ZW0121", "乡镇": "张家湾镇", "村": "垡头村", "24越冬基数": null, "25点围环情况": null, "25年成虫危害程度": "无", "24年危害程度": "无", "面积": 43.4, "24年杨扇杨小发生": "无", "23年杨扇杨小发生": "", "19年危害程度": "重", "25年越冬基数调查": null, "2025年幼虫危害程度": "无" }, "geometry": { "type": "Point", "coordinates": [ 12992546.49233571626246, 4835540.180824381299317, -0.000045849251137 ] } },
{ "type": "Feature", "properties": { "fid": 803, "编号": "ZW0123", "乡镇": "张家湾镇", "村": "大北关", "24越冬基数": null, "25点围环情况": null, "25年成虫危害程度": "无", "24年危害程度": "无", "面积": null, "24年杨扇杨小发生": "无", "23年杨扇杨小发生": "", "19年危害程度": "无", "25年越冬基数调查": null, "2025年幼虫危害程度": "无" }, "geometry": { "type": "Point", "coordinates": [ 12991729.356010671705008, 4834328.988068017177284, -0.000045849251137 ] } },
{ "type": "Feature", "properties": { "fid": 804, "编号": "ZW0126", "乡镇": "张家湾镇", "村": "东永和", "24越冬基数": null, "25点围环情况": null, "25年成虫危害程度": "无", "24年危害程度": "无", "面积": null, "24年杨扇杨小发生": "无", "23年杨扇杨小发生": "", "19年危害程度": "无", "25年越冬基数调查": null, "2025年幼虫危害程度": "无" }, "geometry": { "type": "Point", "coordinates": [ 12993247.812661789357662, 4833207.41162402369082, -0.000045849251137 ] } },
{ "type": "Feature", "properties": { "fid": 805, "编号": "ZW0130", "乡镇": "张家湾镇", "村": "大北关", "24越冬基数": null, "25点围环情况": null, "25年成虫危害程度": "无", "24年危害程度": "无", "面积": null, "24年杨扇杨小发生": "无", "23年杨扇杨小发生": "", "19年危害程度": "无", "25年越冬基数调查": null, "2025年幼虫危害程度": "无" }, "geometry": { "type": "Point", "coordinates": [ 12991664.744422320276499, 4834094.821494659408927, -0.000045849251137 ] } },
{ "type": "Feature", "properties": { "fid": 806, "编号": "ZW0132", "乡镇": "张家湾镇", "村": "前街村", "24越冬基数": null, "25点围环情况": null, "25年成虫危害程度": "无", "24年危害程度": "无", "面积": null, "24年杨扇杨小发生": "无", "23年杨扇杨小发生": "", "19年危害程度": "无", "25年越冬基数调查": null, "2025年幼虫危害程度": "轻" }, "geometry": { "type": "Point", "coordinates": [ 12990592.15053765848279, 4830760.792000843212008, -0.000045849251137 ] } },
{ "type": "Feature", "properties": { "fid": 807, "编号": "ZW0135", "乡镇": "张家湾镇", "村": "柳营村", "24越冬基数": null, "25点围环情况": null, "25年成虫危害程度": "无", "24年危害程度": "无", "面积": null, "24年杨扇杨小发生": "无", "23年杨扇杨小发生": "", "19年危害程度": "无", "25年越冬基数调查": null, "2025年幼虫危害程度": "无" }, "geometry": { "type": "Point", "coordinates": [ 12988255.471575234085321, 4833276.343081357888877, -0.000045849251137 ] } },
{ "type": "Feature", "properties": { "fid": 808, "编号": "ZW0139", "乡镇": "张家湾镇", "村": "烧酒巷", "24越冬基数": null, "25点围环情况": null, "25年成虫危害程度": "无", "24年危害程度": "无", "面积": null, "24年杨扇杨小发生": "无", "23年杨扇杨小发生": "无", "19年危害程度": "无", "25年越冬基数调查": null, "2025年幼虫危害程度": "无" }, "geometry": { "type": "Point", "coordinates": [ 12996239.503368960693479, 4840019.137812756001949, -0.000045849251137 ] } },
{ "type": "Feature", "properties": { "fid": 809, "编号": "LC0097", "乡镇": "潞城镇", "村": "东堡村", "24越冬基数": null, "25点围环情况": null, "25年成虫危害程度": "无", "24年危害程度": "无", "面积": null, "24年杨扇杨小发生": null, "23年杨扇杨小发生": null, "19年危害程度": "无", "25年越冬基数调查": null, "2025年幼虫危害程度": "无" }, "geometry": { "type": "Point", "coordinates": [ 12997495.722188595682383, 4851711.619962235912681, 21.247354150748833 ] } },
{ "type": "Feature", "properties": { "fid": 810, "编号": "LC0096", "乡镇": "潞城镇", "村": "东堡村", "24越冬基数": null, "25点围环情况": null, "25年成虫危害程度": "无", "24年危害程度": "无", "面积": null, "24年杨扇杨小发生": null, "23年杨扇杨小发生": null, "19年危害程度": "无", "25年越冬基数调查": null, "2025年幼虫危害程度": "无" }, "geometry": { "type": "Point", "coordinates": [ 12997522.575038971379399, 4851630.886232201941311, 22.383254150748826 ] } },
{ "type": "Feature", "properties": { "fid": 811, "编号": "LC0209", "乡镇": "潞城镇", "村": "侉店村", "24越冬基数": null, "25点围环情况": null, "25年成虫危害程度": "无", "24年危害程度": "无", "面积": null, "24年杨扇杨小发生": null, "23年杨扇杨小发生": null, "19年危害程度": "无", "25年越冬基数调查": null, "2025年幼虫危害程度": "无" }, "geometry": { "type": "Point", "coordinates": [ 13002770.98874312825501, 4845438.974283640272915, 26.628154150748969 ] } },
{ "type": "Feature", "properties": { "fid": 812, "编号": "LC0208", "乡镇": "潞城镇", "村": "侉店村", "24越冬基数": null, "25点围环情况": null, "25年成虫危害程度": "无", "24年危害程度": "无", "面积": null, "24年杨扇杨小发生": null, "23年杨扇杨小发生": null, "19年危害程度": "无", "25年越冬基数调查": null, "2025年幼虫危害程度": "无" }, "geometry": { "type": "Point", "coordinates": [ 13002591.393405927345157, 4845410.410274675115943, 26.747654150748986 ] } },
{ "type": "Feature", "properties": { "fid": 813, "编号": "MQ0012", "乡镇": "马驹桥镇", "村": "二街村", "24越冬基数": null, "25点围环情况": "黑", "25年成虫危害程度": "黑点", "24年危害程度": "无", "面积": null, "24年杨扇杨小发生": null, "23年杨扇杨小发生": null, "19年危害程度": "无", "25年越冬基数调查": null, "2025年幼虫危害程度": "黑" }, "geometry": { "type": "Point", "coordinates": [ 12974707.656742187216878, 4831402.171829679049551, 34.95085415074891 ] } },
{ "type": "Feature", "properties": { "fid": 814, "编号": "YF0069", "乡镇": "于家务", "村": "神仙村", "24越冬基数": null, "25点围环情况": "严重", "25年成虫危害程度": "重", "24年危害程度": "重", "面积": 315.4, "24年杨扇杨小发生": "轻", "23年杨扇杨小发生": "轻", "19年危害程度": "无", "25年越冬基数调查": null, "2025年幼虫危害程度": "重" }, "geometry": { "type": "Point", "coordinates": [ 12993129.820751324295998, 4825169.073204374872148, 23.61035415074889 ] } },
{ "type": "Feature", "properties": { "fid": 815, "编号": "MQ0037", "乡镇": "马驹桥镇", "村": "史村", "24越冬基数": null, "25点围环情况": "轻度", "25年成虫危害程度": "无", "24年危害程度": "中", "面积": 29.0, "24年杨扇杨小发生": null, "23年杨扇杨小发生": null, "19年危害程度": "轻", "25年越冬基数调查": null, "2025年幼虫危害程度": "中" }, "geometry": { "type": "Point", "coordinates": [ 12978050.31098241917789, 4827459.335368694737554, 29.839654150748856 ] } },
{ "type": "Feature", "properties": { "fid": 816, "编号": "MQ0038", "乡镇": "马驹桥镇", "村": "史村", "24越冬基数": null, "25点围环情况": "轻度", "25年成虫危害程度": "无", "24年危害程度": "中", "面积": 28.0, "24年杨扇杨小发生": null, "23年杨扇杨小发生": null, "19年危害程度": "无", "25年越冬基数调查": null, "2025年幼虫危害程度": "中" }, "geometry": { "type": "Point", "coordinates": [ 12978239.963830513879657, 4827444.281412818469107, 30.820254150748951 ] } },
{ "type": "Feature", "properties": { "fid": 817, "编号": "ZW0064", "乡镇": "张家湾镇", "村": "前街村", "24越冬基数": null, "25点围环情况": null, "25年成虫危害程度": "无", "24年危害程度": "无", "面积": null, "24年杨扇杨小发生": "无", "23年杨扇杨小发生": "轻", "19年危害程度": "无", "25年越冬基数调查": null, "2025年幼虫危害程度": "无" }, "geometry": { "type": "Point", "coordinates": [ 12990641.09948400221765, 4829480.865329622291028, 25.148354150748901 ] } },
{ "type": "Feature", "properties": { "fid": 818, "编号": "ZW0075", "乡镇": "张家湾镇", "村": "垈头村", "24越冬基数": null, "25点围环情况": null, "25年成虫危害程度": "无", "24年危害程度": "无", "面积": null, "24年杨扇杨小发生": "无", "23年杨扇杨小发生": "轻", "19年危害程度": "无", "25年越冬基数调查": null, "2025年幼虫危害程度": "无" }, "geometry": { "type": "Point", "coordinates": [ 12994238.379611667245626, 4834825.579206120222807, 25.835654150748951 ] } },
{ "type": "Feature", "properties": { "fid": 819, "编号": "HX0119", "乡镇": "漷县镇", "村": "南丁庄", "24越冬基数": null, "25点围环情况": null, "25年成虫危害程度": "无", "24年危害程度": "无", "面积": null, "24年杨扇杨小发生": "无", "23年杨扇杨小发生": "", "19年危害程度": "无", "25年越冬基数调查": null, "2025年幼虫危害程度": "无" }, "geometry": { "type": "Point", "coordinates": [ 12999918.985056070610881, 4830120.531965713016689, 24.598254150748971 ] } },
{ "type": "Feature", "properties": { "fid": 820, "编号": "YF0020", "乡镇": "于家务", "村": "神仙村", "24越冬基数": null, "25点围环情况": null, "25年成虫危害程度": "无", "24年危害程度": "无", "面积": 19.6, "24年杨扇杨小发生": null, "23年杨扇杨小发生": null, "19年危害程度": "轻", "25年越冬基数调查": null, "2025年幼虫危害程度": "中" }, "geometry": { "type": "Point", "coordinates": [ 12995071.175513809546828, 4824502.637823584489524, 23.106054150748832 ] } },
{ "type": "Feature", "properties": { "fid": 822, "编号": "YL0009", "乡镇": "永乐店镇", "村": "后营村", "24越冬基数": null, "25点围环情况": "轻度", "25年成虫危害程度": "无", "24年危害程度": "中", "面积": 20.3, "24年杨扇杨小发生": null, "23年杨扇杨小发生": null, "19年危害程度": "无", "25年越冬基数调查": null, "2025年幼虫危害程度": "无" }, "geometry": { "type": "Point", "coordinates": [ 13007097.903668474406004, 4820396.373124290257692, 24.949154150748882 ] } },
{ "type": "Feature", "properties": { "fid": 823, "编号": "YL0284", "乡镇": "永乐店镇", "村": "东河村", "24越冬基数": null, "25点围环情况": null, "25年成虫危害程度": "无", "24年危害程度": "无", "面积": null, "24年杨扇杨小发生": null, "23年杨扇杨小发生": null, "19年危害程度": "无", "25年越冬基数调查": null, "2025年幼虫危害程度": "无" }, "geometry": { "type": "Point", "coordinates": [ 13003385.888851191848516, 4819468.643442162312567, 19.774454150748852 ] } },
{ "type": "Feature", "properties": { "fid": 827, "编号": "XJ0228", "乡镇": "西集镇", "村": "望君疃", "24越冬基数": null, "25点围环情况": "黑", "25年成虫危害程度": "黑点", "24年危害程度": "无", "面积": null, "24年杨扇杨小发生": null, "23年杨扇杨小发生": null, "19年危害程度": "", "25年越冬基数调查": null, "2025年幼虫危害程度": "黑" }, "geometry": { "type": "Point", "coordinates": [ 13008894.265224842354655, 4837560.322903729043901, 25.041854150749032 ] } },
{ "type": "Feature", "properties": { "fid": 828, "编号": "SZ0072", "乡镇": "宋庄镇", "村": "管头村", "24越冬基数": null, "25点围环情况": null, "25年成虫危害程度": "无", "24年危害程度": "无", "面积": null, "24年杨扇杨小发生": null, "23年杨扇杨小发生": null, "19年危害程度": "无", "25年越冬基数调查": null, "2025年幼虫危害程度": "无" }, "geometry": { "type": "Point", "coordinates": [ 12981138.490153865888715, 4869427.481591184623539, -0.000045849251137 ] } },
{ "type": "Feature", "properties": { "fid": 829, "编号": "XJ0108", "乡镇": "西集镇", "村": "大沙务", "24越冬基数": null, "25点围环情况": null, "25年成虫危害程度": "无", "24年危害程度": "无", "面积": null, "24年杨扇杨小发生": null, "23年杨扇杨小发生": null, "19年危害程度": "无", "25年越冬基数调查": null, "2025年幼虫危害程度": "无" }, "geometry": { "type": "Point", "coordinates": [ 13015874.167788539081812, 4836689.006046841852367, -0.000045849251137 ] } },
{ "type": "Feature", "properties": { "fid": 830, "编号": "HX0600", "乡镇": "漷县镇", "村": "南丁庄", "24越冬基数": null, "25点围环情况": null, "25年成虫危害程度": "无", "24年危害程度": "无", "面积": null, "24年杨扇杨小发生": "无", "23年杨扇杨小发生": "", "19年危害程度": "无", "25年越冬基数调查": null, "2025年幼虫危害程度": "轻" }, "geometry": { "type": "Point", "coordinates": [ 12999779.423891445621848, 4830593.755732269957662, -0.000045849251137 ] } },
{ "type": "Feature", "properties": { "fid": 831, "编号": "XJ0017", "乡镇": "西集镇", "村": "儒家林", "24越冬基数": null, "25点围环情况": null, "25年成虫危害程度": "无", "24年危害程度": "无", "面积": null, "24年杨扇杨小发生": null, "23年杨扇杨小发生": null, "19年危害程度": "无", "25年越冬基数调查": null, "2025年幼虫危害程度": "轻" }, "geometry": { "type": "Point", "coordinates": [ 13001192.070819787681103, 4837671.967212491668761, -0.000045849251137 ] } },
{ "type": "Feature", "properties": { "fid": 832, "编号": "XJ0325", "乡镇": "西集镇", "村": "冯各庄", "24越冬基数": null, "25点围环情况": null, "25年成虫危害程度": "无", "24年危害程度": "无", "面积": null, "24年杨扇杨小发生": "无", "23年杨扇杨小发生": "", "19年危害程度": "", "25年越冬基数调查": null, "2025年幼虫危害程度": "无" }, "geometry": { "type": "Point", "coordinates": [ 13006116.228295115754008, 4834638.323637768626213, -0.000045849251137 ] } },
{ "type": "Feature", "properties": { "fid": 833, "编号": "YL0082", "乡镇": "永乐店镇", "村": "德仁务", "24越冬基数": null, "25点围环情况": null, "25年成虫危害程度": "无", "24年危害程度": "无", "面积": null, "24年杨扇杨小发生": null, "23年杨扇杨小发生": null, "19年危害程度": "无", "25年越冬基数调查": null, "2025年幼虫危害程度": "无" }, "geometry": { "type": "Point", "coordinates": [ 12999146.688345987349749, 4819487.943162422627211, -0.000045849251137 ] } },
{ "type": "Feature", "properties": { "fid": 834, "编号": "XJ0142", "乡镇": "西集镇", "村": "黄东仪", "24越冬基数": null, "25点围环情况": null, "25年成虫危害程度": "轻", "24年危害程度": "无", "面积": null, "24年杨扇杨小发生": null, "23年杨扇杨小发生": null, "19年危害程度": "无", "25年越冬基数调查": null, "2025年幼虫危害程度": "无" }, "geometry": { "type": "Point", "coordinates": [ 13013819.100453881546855, 4840874.485934207215905, -0.000045849251137 ] } },
{ "type": "Feature", "properties": { "fid": 835, "编号": "YL0225", "乡镇": "永乐店镇", "村": "柴厂屯", "24越冬基数": null, "25点围环情况": null, "25年成虫危害程度": "无", "24年危害程度": "无", "面积": null, "24年杨扇杨小发生": null, "23年杨扇杨小发生": null, "19年危害程度": "无", "25年越冬基数调查": null, "2025年幼虫危害程度": "无" }, "geometry": { "type": "Point", "coordinates": [ 12998490.691283613443375, 4814741.65482234954834, -0.000045849251137 ] } },
{ "type": "Feature", "properties": { "fid": 836, "编号": "YF0087", "乡镇": "于家务", "村": "于家务", "24越冬基数": null, "25点围环情况": null, "25年成虫危害程度": "无", "24年危害程度": "无", "面积": 38.3, "24年杨扇杨小发生": "无", "23年杨扇杨小发生": "", "19年危害程度": "轻", "25年越冬基数调查": null, "2025年幼虫危害程度": "重" }, "geometry": { "type": "Point", "coordinates": [ 12991571.074200181290507, 4826306.923105002380908, -0.000045849251137 ] } },
{ "type": "Feature", "properties": { "fid": 837, "编号": "YL0310", "乡镇": "永乐店镇", "村": "临沟屯", "24越冬基数": null, "25点围环情况": "轻度", "25年成虫危害程度": "轻", "24年危害程度": "轻", "面积": 384.2, "24年杨扇杨小发生": null, "23年杨扇杨小发生": null, "19年危害程度": "无", "25年越冬基数调查": null, "2025年幼虫危害程度": "重" }, "geometry": { "type": "Point", "coordinates": [ 12993347.250317940488458, 4811767.156041742302477, -0.000045849251137 ] } },
{ "type": "Feature", "properties": { "fid": 839, "编号": "YL0368", "乡镇": "永乐店镇", "村": "德仁务", "24越冬基数": null, "25点围环情况": null, "25年成虫危害程度": "无", "24年危害程度": "无", "面积": null, "24年杨扇杨小发生": null, "23年杨扇杨小发生": "轻", "19年危害程度": "无", "25年越冬基数调查": null, "2025年幼虫危害程度": "无" }, "geometry": { "type": "Point", "coordinates": [ 12998382.715762682259083, 4817377.916589950211346, 19.420654150748987 ] } },
{ "type": "Feature", "properties": { "fid": 840, "编号": "YL0414", "乡镇": "永乐店镇", "村": "柴厂屯", "24越冬基数": null, "25点围环情况": null, "25年成虫危害程度": "无", "24年危害程度": "无", "面积": null, "24年杨扇杨小发生": null, "23年杨扇杨小发生": null, "19年危害程度": "无", "25年越冬基数调查": null, "2025年幼虫危害程度": "无" }, "geometry": { "type": "Point", "coordinates": [ 12997230.481931434944272, 4813251.89537559542805, 18.276854150748932 ] } },
{ "type": "Feature", "properties": { "fid": 841, "编号": "YL0422", "乡镇": "永乐店镇", "村": "柴厂屯", "24越冬基数": null, "25点围环情况": null, "25年成虫危害程度": "无", "24年危害程度": "无", "面积": null, "24年杨扇杨小发生": null, "23年杨扇杨小发生": null, "19年危害程度": "无", "25年越冬基数调查": null, "2025年幼虫危害程度": "无" }, "geometry": { "type": "Point", "coordinates": [ 12997544.168694507330656, 4813478.754211329855025, 18.452754150748888 ] } },
{ "type": "Feature", "properties": { "fid": 843, "编号": "YL0425", "乡镇": "永乐店镇", "村": "柴厂屯", "24越冬基数": null, "25点围环情况": null, "25年成虫危害程度": "无", "24年危害程度": "无", "面积": null, "24年杨扇杨小发生": null, "23年杨扇杨小发生": null, "19年危害程度": "无", "25年越冬基数调查": null, "2025年幼虫危害程度": "中" }, "geometry": { "type": "Point", "coordinates": [ 12997728.071466391906142, 4812108.123628556728363, 18.621554150749034 ] } },
{ "type": "Feature", "properties": { "fid": 844, "编号": "YL0428", "乡镇": "永乐店镇", "村": "熬硝营", "24越冬基数": null, "25点围环情况": null, "25年成虫危害程度": "无", "24年危害程度": "无", "面积": null, "24年杨扇杨小发生": null, "23年杨扇杨小发生": null, "19年危害程度": "无", "25年越冬基数调查": null, "2025年幼虫危害程度": "无" }, "geometry": { "type": "Point", "coordinates": [ 12997249.489928780123591, 4810411.798799076117575, 21.023254150748926 ] } },
{ "type": "Feature", "properties": { "fid": 845, "编号": "YL0429", "乡镇": "永乐店镇", "村": "熬硝营", "24越冬基数": null, "25点围环情况": null, "25年成虫危害程度": "无", "24年危害程度": "无", "面积": null, "24年杨扇杨小发生": null, "23年杨扇杨小发生": null, "19年危害程度": "无", "25年越冬基数调查": null, "2025年幼虫危害程度": "无" }, "geometry": { "type": "Point", "coordinates": [ 12997716.26579655520618, 4809423.619409108534455, 20.142354150748815 ] } },
{ "type": "Feature", "properties": { "fid": 846, "编号": "YL0134", "乡镇": "永乐店镇", "村": "熬硝营", "24越冬基数": null, "25点围环情况": null, "25年成虫危害程度": "无", "24年危害程度": "无", "面积": null, "24年杨扇杨小发生": null, "23年杨扇杨小发生": null, "19年危害程度": "无", "25年越冬基数调查": null, "2025年幼虫危害程度": "无" }, "geometry": { "type": "Point", "coordinates": [ 12998061.582180919125676, 4809219.619292793795466, 18.432954150748856 ] } },
{ "type": "Feature", "properties": { "fid": 847, "编号": "YF0102", "乡镇": "于家务", "村": "王各庄", "24越冬基数": null, "25点围环情况": null, "25年成虫危害程度": "无", "24年危害程度": "无", "面积": null, "24年杨扇杨小发生": "无", "23年杨扇杨小发生": "", "19年危害程度": "无", "25年越冬基数调查": null, "2025年幼虫危害程度": "重" }, "geometry": { "type": "Point", "coordinates": [ 12993871.322544708848, 4823661.230493180453777, 22.884154150748827 ] } },
{ "type": "Feature", "properties": { "fid": 848, "编号": "YF0103", "乡镇": "于家务", "村": "王各庄", "24越冬基数": null, "25点围环情况": "严重", "25年成虫危害程度": "重", "24年危害程度": "重", "面积": 145.7, "24年杨扇杨小发生": "无", "23年杨扇杨小发生": "", "19年危害程度": "轻", "25年越冬基数调查": null, "2025年幼虫危害程度": "重" }, "geometry": { "type": "Point", "coordinates": [ 12994188.729875478893518, 4823607.914602210745215, 23.257554150749002 ] } },
{ "type": "Feature", "properties": { "fid": 849, "编号": "YF0104", "乡镇": "于家务", "村": "王各庄", "24越冬基数": null, "25点围环情况": null, "25年成虫危害程度": "轻", "24年危害程度": "无", "面积": null, "24年杨扇杨小发生": "无", "23年杨扇杨小发生": "", "19年危害程度": "无", "25年越冬基数调查": null, "2025年幼虫危害程度": "重" }, "geometry": { "type": "Point", "coordinates": [ 12994432.971253050491214, 4823317.286746320314705, 22.459054150748898 ] } },
{ "type": "Feature", "properties": { "fid": 850, "编号": "YF0105", "乡镇": "于家务", "村": "王各庄", "24越冬基数": null, "25点围环情况": null, "25年成虫危害程度": "无", "24年危害程度": "无", "面积": null, "24年杨扇杨小发生": "轻", "23年杨扇杨小发生": "轻", "19年危害程度": "无", "25年越冬基数调查": null, "2025年幼虫危害程度": "轻" }, "geometry": { "type": "Point", "coordinates": [ 12994585.601208684965968, 4822766.290433380752802, 22.184354150748959 ] } },
{ "type": "Feature", "properties": { "fid": 851, "编号": "YF0106", "乡镇": "于家务", "村": "于家务", "24越冬基数": null, "25点围环情况": "轻度", "25年成虫危害程度": "重", "24年危害程度": "重", "面积": 5.4, "24年杨扇杨小发生": null, "23年杨扇杨小发生": null, "19年危害程度": "无", "25年越冬基数调查": null, "2025年幼虫危害程度": "重" }, "geometry": { "type": "Point", "coordinates": [ 12992694.710813792422414, 4824631.022169306874275, 22.954254150748966 ] } },
{ "type": "Feature", "properties": { "fid": 852, "编号": "YL0432", "乡镇": "永乐店镇", "村": "三垡村", "24越冬基数": null, "25点围环情况": null, "25年成虫危害程度": "无", "24年危害程度": "无", "面积": null, "24年杨扇杨小发生": null, "23年杨扇杨小发生": null, "19年危害程度": "无", "25年越冬基数调查": null, "2025年幼虫危害程度": "无" }, "geometry": { "type": "Point", "coordinates": [ 13003330.577959544956684, 4811427.925130010582507, 9.674954150748817 ] } },
{ "type": "Feature", "properties": { "fid": 853, "编号": "YL0434", "乡镇": "永乐店镇", "村": "半截河", "24越冬基数": null, "25点围环情况": null, "25年成虫危害程度": "无", "24年危害程度": "无", "面积": null, "24年杨扇杨小发生": null, "23年杨扇杨小发生": null, "19年危害程度": "无", "25年越冬基数调查": null, "2025年幼虫危害程度": "中" }, "geometry": { "type": "Point", "coordinates": [ 13003818.104233184829354, 4812805.909514551982284, 4.126454150748941 ] } },
{ "type": "Feature", "properties": { "fid": 854, "编号": "YL0436", "乡镇": "永乐店镇", "村": "南堤寺", "24越冬基数": null, "25点围环情况": null, "25年成虫危害程度": "无", "24年危害程度": "无", "面积": null, "24年杨扇杨小发生": null, "23年杨扇杨小发生": null, "19年危害程度": "无", "25年越冬基数调查": null, "2025年幼虫危害程度": "无" }, "geometry": { "type": "Point", "coordinates": [ 12998485.578144134953618, 4821066.798794883303344, 19.530054150749038 ] } },
{ "type": "Feature", "properties": { "fid": 855, "编号": "ZW0202", "乡镇": "张家湾镇", "村": "仇庄村", "24越冬基数": null, "25点围环情况": null, "25年成虫危害程度": "无", "24年危害程度": "无", "面积": null, "24年杨扇杨小发生": null, "23年杨扇杨小发生": null, "19年危害程度": "无", "25年越冬基数调查": null, "2025年幼虫危害程度": "无" }, "geometry": { "type": "Point", "coordinates": [ 12988204.247249480336905, 4842713.704607018269598, 27.23535415074889 ] } },
{ "type": "Feature", "properties": { "fid": 856, "编号": "YF0107", "乡镇": "于家务", "村": "南刘庄", "24越冬基数": null, "25点围环情况": null, "25年成虫危害程度": "无", "24年危害程度": "无", "面积": null, "24年杨扇杨小发生": null, "23年杨扇杨小发生": null, "19年危害程度": "无", "25年越冬基数调查": null, "2025年幼虫危害程度": "无" }, "geometry": { "type": "Point", "coordinates": [ 12990581.043900469318032, 4816720.49060388840735, 21.020654150748896 ] } },
{ "type": "Feature", "properties": { "fid": 857, "编号": "YF0108", "乡镇": "于家务", "村": "小海字", "24越冬基数": null, "25点围环情况": null, "25年成虫危害程度": "无", "24年危害程度": "无", "面积": null, "24年杨扇杨小发生": null, "23年杨扇杨小发生": null, "19年危害程度": "无", "25年越冬基数调查": null, "2025年幼虫危害程度": "轻" }, "geometry": { "type": "Point", "coordinates": [ 12993385.200859729200602, 4817514.215789314359426, 21.282754150749042 ] } },
{ "type": "Feature", "properties": { "fid": 858, "编号": "YF0109", "乡镇": "于家务", "村": "东垡村", "24越冬基数": null, "25点围环情况": null, "25年成虫危害程度": "无", "24年危害程度": "无", "面积": null, "24年杨扇杨小发生": "无", "23年杨扇杨小发生": "", "19年危害程度": "无", "25年越冬基数调查": null, "2025年幼虫危害程度": "无" }, "geometry": { "type": "Point", "coordinates": [ 12991150.553091514855623, 4819725.49518754798919, 12.3820541507489 ] } },
{ "type": "Feature", "properties": { "fid": 859, "编号": "LC0242", "乡镇": "潞城镇", "村": "侉店村", "24越冬基数": null, "25点围环情况": null, "25年成虫危害程度": "无", "24年危害程度": "无", "面积": null, "24年杨扇杨小发生": null, "23年杨扇杨小发生": null, "19年危害程度": "无", "25年越冬基数调查": null, "2025年幼虫危害程度": "轻" }, "geometry": { "type": "Point", "coordinates": [ 13002314.987170547246933, 4844648.015143493190408, 30.444154150749 ] } },
{ "type": "Feature", "properties": { "fid": 860, "编号": "MQ0077", "乡镇": "马驹桥镇", "村": "柴务村", "24越冬基数": null, "25点围环情况": null, "25年成虫危害程度": "无", "24年危害程度": "无", "面积": null, "24年杨扇杨小发生": null, "23年杨扇杨小发生": null, "19年危害程度": "无", "25年越冬基数调查": null, "2025年幼虫危害程度": "无" }, "geometry": { "type": "Point", "coordinates": [ 12979906.734672717750072, 4826142.690764584578574, 30.710654150748951 ] } },
{ "type": "Feature", "properties": { "fid": 861, "编号": "MQ0076", "乡镇": "马驹桥镇", "村": "前银子", "24越冬基数": null, "25点围环情况": null, "25年成虫危害程度": "无", "24年危害程度": "无", "面积": null, "24年杨扇杨小发生": null, "23年杨扇杨小发生": null, "19年危害程度": "无", "25年越冬基数调查": null, "2025年幼虫危害程度": "无" }, "geometry": { "type": "Point", "coordinates": [ 12978587.299205714836717, 4829053.847524042241275, 30.404654150748911 ] } },
{ "type": "Feature", "properties": { "fid": 862, "编号": "YS0049", "乡镇": "永顺镇", "村": "杨庄村", "24越冬基数": null, "25点围环情况": null, "25年成虫危害程度": "无", "24年危害程度": "无", "面积": null, "24年杨扇杨小发生": null, "23年杨扇杨小发生": null, "19年危害程度": "无", "25年越冬基数调查": null, "2025年幼虫危害程度": "轻" }, "geometry": { "type": "Point", "coordinates": [ 12982227.228516096249223, 4850342.44585108757019, 32.758654150748953 ] } },
{ "type": "Feature", "properties": { "fid": 863, "编号": "YL0438", "乡镇": "永乐店镇", "村": "德仁务", "24越冬基数": null, "25点围环情况": null, "25年成虫危害程度": "无", "24年危害程度": "无", "面积": null, "24年杨扇杨小发生": null, "23年杨扇杨小发生": null, "19年危害程度": "无", "25年越冬基数调查": null, "2025年幼虫危害程度": "无" }, "geometry": { "type": "Point", "coordinates": [ 13000358.655709993094206, 4819919.672229329124093, 19.520554150748922 ] } },
{ "type": "Feature", "properties": { "fid": 865, "编号": "XJ0355", "乡镇": "西集镇", "村": "和合站", "24越冬基数": null, "25点围环情况": null, "25年成虫危害程度": "无", "24年危害程度": "无", "面积": null, "24年杨扇杨小发生": "轻", "23年杨扇杨小发生": "轻", "19年危害程度": "无", "25年越冬基数调查": null, "2025年幼虫危害程度": "无" }, "geometry": { "type": "Point", "coordinates": [ 13010546.972350174561143, 4832354.330652139149606, 21.803754150749 ] } },
{ "type": "Feature", "properties": { "fid": 866, "编号": "XJ0285", "乡镇": "西集镇", "村": "南小庄", "24越冬基数": null, "25点围环情况": null, "25年成虫危害程度": "无", "24年危害程度": "无", "面积": null, "24年杨扇杨小发生": null, "23年杨扇杨小发生": null, "19年危害程度": "无", "25年越冬基数调查": null, "2025年幼虫危害程度": "无" }, "geometry": { "type": "Point", "coordinates": [ 13009165.73780893906951, 4834768.487473450601101, 24.355754150748908 ] } },
{ "type": "Feature", "properties": { "fid": 867, "编号": "XJ0357", "乡镇": "西集镇", "村": "桥上村", "24越冬基数": null, "25点围环情况": null, "25年成虫危害程度": "无", "24年危害程度": "无", "面积": 11.4, "24年杨扇杨小发生": "无", "23年杨扇杨小发生": "", "19年危害程度": "轻", "25年越冬基数调查": null, "2025年幼虫危害程度": "无" }, "geometry": { "type": "Point", "coordinates": [ 13014222.620505152270198, 4835253.405749232508242, 28.526054150748905 ] } },
{ "type": "Feature", "properties": { "fid": 868, "编号": "XJ0358", "乡镇": "西集镇", "村": "辛集村", "24越冬基数": null, "25点围环情况": null, "25年成虫危害程度": "无", "24年危害程度": "无", "面积": null, "24年杨扇杨小发生": "无", "23年杨扇杨小发生": "无", "19年危害程度": "无", "25年越冬基数调查": null, "2025年幼虫危害程度": "无" }, "geometry": { "type": "Point", "coordinates": [ 13013322.306810634210706, 4833512.97315620072186, 23.643154150748842 ] } },
{ "type": "Feature", "properties": { "fid": 869, "编号": "HX0227", "乡镇": "漷县镇", "村": "漷县村", "24越冬基数": null, "25点围环情况": "轻度", "25年成虫危害程度": "无", "24年危害程度": "轻", "面积": 8.2, "24年杨扇杨小发生": null, "23年杨扇杨小发生": null, "19年危害程度": "无", "25年越冬基数调查": null, "2025年幼虫危害程度": "无" }, "geometry": { "type": "Point", "coordinates": [ 12999356.014863010495901, 4834325.673974187113345, 30.842754150748988 ] } },
{ "type": "Feature", "properties": { "fid": 870, "编号": "HX0278", "乡镇": "漷县镇", "村": "翟各庄", "24越冬基数": null, "25点围环情况": null, "25年成虫危害程度": "无", "24年危害程度": "无", "面积": null, "24年杨扇杨小发生": null, "23年杨扇杨小发生": null, "19年危害程度": "无", "25年越冬基数调查": null, "2025年幼虫危害程度": "无" }, "geometry": { "type": "Point", "coordinates": [ 12995827.285339932888746, 4834520.200685220770538, 23.096554150748943 ] } },
{ "type": "Feature", "properties": { "fid": 871, "编号": "HX0228", "乡镇": "漷县镇", "村": "石槽村", "24越冬基数": null, "25点围环情况": null, "25年成虫危害程度": "无", "24年危害程度": "无", "面积": null, "24年杨扇杨小发生": null, "23年杨扇杨小发生": null, "19年危害程度": "无", "25年越冬基数调查": null, "2025年幼虫危害程度": "轻" }, "geometry": { "type": "Point", "coordinates": [ 13008006.051054602488875, 4832049.641216662712395, 23.858554150748887 ] } },
{ "type": "Feature", "properties": { "fid": 872, "编号": "HX0230", "乡镇": "漷县镇", "村": "高庄村", "24越冬基数": null, "25点围环情况": null, "25年成虫危害程度": "无", "24年危害程度": "无", "面积": null, "24年杨扇杨小发生": null, "23年杨扇杨小发生": null, "19年危害程度": "无", "25年越冬基数调查": null, "2025年幼虫危害程度": "无" }, "geometry": { "type": "Point", "coordinates": [ 13003183.492717811837792, 4828856.486741702072322, 20.794754150748986 ] } },
{ "type": "Feature", "properties": { "fid": 873, "编号": "HX0231", "乡镇": "漷县镇", "村": "东鲁村", "24越冬基数": null, "25点围环情况": null, "25年成虫危害程度": "无", "24年危害程度": "无", "面积": null, "24年杨扇杨小发生": null, "23年杨扇杨小发生": null, "19年危害程度": "无", "25年越冬基数调查": null, "2025年幼虫危害程度": "无" }, "geometry": { "type": "Point", "coordinates": [ 12995535.525291124358773, 4829337.394618134945631, 22.819454150748925 ] } },
{ "type": "Feature", "properties": { "fid": 874, "编号": "HX0233", "乡镇": "漷县镇", "村": "纪各庄", "24越冬基数": null, "25点围环情况": "黑", "25年成虫危害程度": "黑点", "24年危害程度": "无", "面积": null, "24年杨扇杨小发生": null, "23年杨扇杨小发生": null, "19年危害程度": "", "25年越冬基数调查": null, "2025年幼虫危害程度": "无" }, "geometry": { "type": "Point", "coordinates": [ 13011292.019216572865844, 4826780.813373622484505, 20.957254150748895 ] } },
{ "type": "Feature", "properties": { "fid": 875, "编号": "HX0234", "乡镇": "漷县镇", "村": "梁家务", "24越冬基数": null, "25点围环情况": null, "25年成虫危害程度": "无", "24年危害程度": "无", "面积": 21.9, "24年杨扇杨小发生": null, "23年杨扇杨小发生": null, "19年危害程度": "中", "25年越冬基数调查": null, "2025年幼虫危害程度": "中" }, "geometry": { "type": "Point", "coordinates": [ 13011807.500266397371888, 4818975.986154429614544, 18.77855415074896 ] } },
{ "type": "Feature", "properties": { "fid": 876, "编号": "HX0235", "乡镇": "漷县镇", "村": "纪各庄", "24越冬基数": null, "25点围环情况": null, "25年成虫危害程度": "无", "24年危害程度": "无", "面积": null, "24年杨扇杨小发生": "无", "23年杨扇杨小发生": "", "19年危害程度": "无", "25年越冬基数调查": null, "2025年幼虫危害程度": "无" }, "geometry": { "type": "Point", "coordinates": [ 13011170.05148540250957, 4827600.480048500001431, 18.901454150749032 ] } },
{ "type": "Feature", "properties": { "fid": 877, "编号": "HX0236", "乡镇": "漷县镇", "村": "侯黄庄", "24越冬基数": null, "25点围环情况": null, "25年成虫危害程度": "无", "24年危害程度": "无", "面积": null, "24年杨扇杨小发生": null, "23年杨扇杨小发生": null, "19年危害程度": "无", "25年越冬基数调查": null, "2025年幼虫危害程度": "无" }, "geometry": { "type": "Point", "coordinates": [ 13010945.275090929120779, 4827971.251215699128807, 16.746454150748832 ] } },
{ "type": "Feature", "properties": { "fid": 878, "编号": "XJ0162", "乡镇": "西集镇", "村": "西集村", "24越冬基数": null, "25点围环情况": null, "25年成虫危害程度": "无", "24年危害程度": "无", "面积": null, "24年杨扇杨小发生": null, "23年杨扇杨小发生": null, "19年危害程度": "无", "25年越冬基数调查": null, "2025年幼虫危害程度": "无" }, "geometry": { "type": "Point", "coordinates": [ 13010394.434353640303016, 4841130.310451427474618, 24.930254150748851 ] } },
{ "type": "Feature", "properties": { "fid": 879, "编号": "XJ0359", "乡镇": "西集镇", "村": "侯各庄", "24越冬基数": null, "25点围环情况": null, "25年成虫危害程度": "无", "24年危害程度": "无", "面积": null, "24年杨扇杨小发生": null, "23年杨扇杨小发生": null, "19年危害程度": "无", "25年越冬基数调查": null, "2025年幼虫危害程度": "无" }, "geometry": { "type": "Point", "coordinates": [ 13013141.655058775097132, 4844022.583948754705489, 19.923854150748866 ] } },
{ "type": "Feature", "properties": { "fid": 880, "编号": "ZW0160", "乡镇": "张家湾镇", "村": "中街村", "24越冬基数": null, "25点围环情况": null, "25年成虫危害程度": "无", "24年危害程度": "无", "面积": null, "24年杨扇杨小发生": "无", "23年杨扇杨小发生": "轻", "19年危害程度": "无", "25年越冬基数调查": null, "2025年幼虫危害程度": "无" }, "geometry": { "type": "Point", "coordinates": [ 12990595.753784619271755, 4830922.200839061290026, 48.244354150748904 ] } },
{ "type": "Feature", "properties": { "fid": 881, "编号": "LC0089", "乡镇": "潞城镇", "村": "东堡村", "24越冬基数": null, "25点围环情况": null, "25年成虫危害程度": "无", "24年危害程度": "无", "面积": null, "24年杨扇杨小发生": null, "23年杨扇杨小发生": null, "19年危害程度": "无", "25年越冬基数调查": null, "2025年幼虫危害程度": "中" }, "geometry": { "type": "Point", "coordinates": [ 12998881.027220113202929, 4850946.949837424792349, -0.000045849251137 ] } },
{ "type": "Feature", "properties": { "fid": 882, "编号": "LC0091", "乡镇": "潞城镇", "村": "东堡村", "24越冬基数": null, "25点围环情况": null, "25年成虫危害程度": "无", "24年危害程度": "无", "面积": null, "24年杨扇杨小发生": null, "23年杨扇杨小发生": null, "19年危害程度": "无", "25年越冬基数调查": null, "2025年幼虫危害程度": "无" }, "geometry": { "type": "Point", "coordinates": [ 12999496.650546776130795, 4851258.710009265691042, -0.000045849251137 ] } },
{ "type": "Feature", "properties": { "fid": 883, "编号": "LC0092", "乡镇": "潞城镇", "村": "东堡村", "24越冬基数": null, "25点围环情况": null, "25年成虫危害程度": "无", "24年危害程度": "无", "面积": null, "24年杨扇杨小发生": null, "23年杨扇杨小发生": null, "19年危害程度": "无", "25年越冬基数调查": null, "2025年幼虫危害程度": "轻" }, "geometry": { "type": "Point", "coordinates": [ 12999485.537782656028867, 4851601.60717598721385, -0.000045849251137 ] } },
{ "type": "Feature", "properties": { "fid": 886, "编号": "HX0022", "乡镇": "漷县镇", "村": "榆林庄", "24越冬基数": null, "25点围环情况": "黑", "25年成虫危害程度": "黑点", "24年危害程度": "无", "面积": null, "24年杨扇杨小发生": null, "23年杨扇杨小发生": null, "19年危害程度": "", "25年越冬基数调查": null, "2025年幼虫危害程度": "无" }, "geometry": { "type": "Point", "coordinates": [ 13002038.94449894502759, 4834772.877866305410862, -0.000045849251137 ] } },
{ "type": "Feature", "properties": { "fid": 887, "编号": "MQ0005", "乡镇": "马驹桥镇", "村": "开发区2", "24越冬基数": null, "25点围环情况": null, "25年成虫危害程度": "无", "24年危害程度": "无", "面积": null, "24年杨扇杨小发生": null, "23年杨扇杨小发生": null, "19年危害程度": "", "25年越冬基数调查": null, "2025年幼虫危害程度": "无" }, "geometry": { "type": "Point", "coordinates": [ 12973252.310986686497927, 4834046.971407148987055, -0.000045849251137 ] } },
{ "type": "Feature", "properties": { "fid": 888, "编号": "MQ0011", "乡镇": "马驹桥镇", "村": "北门口", "24越冬基数": null, "25点围环情况": null, "25年成虫危害程度": "无", "24年危害程度": "无", "面积": null, "24年杨扇杨小发生": null, "23年杨扇杨小发生": null, "19年危害程度": "", "25年越冬基数调查": null, "2025年幼虫危害程度": "黑" }, "geometry": { "type": "Point", "coordinates": [ 12974520.80734751932323, 4832108.765694929286838, -0.000045849251137 ] } },
{ "type": "Feature", "properties": { "fid": 889, "编号": "MQ0043", "乡镇": "马驹桥镇", "村": "大松垡", "24越冬基数": null, "25点围环情况": "黑", "25年成虫危害程度": "黑点", "24年危害程度": "无", "面积": null, "24年杨扇杨小发生": null, "23年杨扇杨小发生": null, "19年危害程度": "", "25年越冬基数调查": null, "2025年幼虫危害程度": "黑" }, "geometry": { "type": "Point", "coordinates": [ 12985088.367032028734684, 4823633.918404324911535, -0.000045849251137 ] } },
{ "type": "Feature", "properties": { "fid": 890, "编号": "MQ0052", "乡镇": "马驹桥镇", "村": "小杜社", "24越冬基数": null, "25点围环情况": null, "25年成虫危害程度": "无", "24年危害程度": "无", "面积": null, "24年杨扇杨小发生": null, "23年杨扇杨小发生": "中", "19年危害程度": "", "25年越冬基数调查": null, "2025年幼虫危害程度": "中" }, "geometry": { "type": "Point", "coordinates": [ 12985632.949468476697803, 4830860.629708636552095, -0.000045849251137 ] } },
{ "type": "Feature", "properties": { "fid": 891, "编号": "SZ0002", "乡镇": "宋庄镇", "村": "师姑庄", "24越冬基数": null, "25点围环情况": null, "25年成虫危害程度": "无", "24年危害程度": "无", "面积": null, "24年杨扇杨小发生": null, "23年杨扇杨小发生": null, "19年危害程度": "", "25年越冬基数调查": null, "2025年幼虫危害程度": "无" }, "geometry": { "type": "Point", "coordinates": [ 12998887.495299529284239, 4852699.512286363169551, -0.000045849251137 ] } },
{ "type": "Feature", "properties": { "fid": 892, "编号": "SZ0040", "乡镇": "宋庄镇", "村": "郝各庄", "24越冬基数": null, "25点围环情况": null, "25年成虫危害程度": "无", "24年危害程度": "无", "面积": null, "24年杨扇杨小发生": null, "23年杨扇杨小发生": null, "19年危害程度": "无", "25年越冬基数调查": null, "2025年幼虫危害程度": "无" }, "geometry": { "type": "Point", "coordinates": [ 12997594.540608484297991, 4865074.806488243862987, -0.000045849251137 ] } },
{ "type": "Feature", "properties": { "fid": 893, "编号": "SZ0056", "乡镇": "宋庄镇", "村": "小营村", "24越冬基数": null, "25点围环情况": null, "25年成虫危害程度": "无", "24年危害程度": "无", "面积": null, "24年杨扇杨小发生": null, "23年杨扇杨小发生": null, "19年危害程度": "无", "25年越冬基数调查": null, "2025年幼虫危害程度": "无" }, "geometry": { "type": "Point", "coordinates": [ 12992393.768234821036458, 4866609.679232780821621, -0.000045849251137 ] } },
{ "type": "Feature", "properties": { "fid": 894, "编号": "SZ0143", "乡镇": "宋庄镇", "村": "北寺庄", "24越冬基数": null, "25点围环情况": null, "25年成虫危害程度": "无", "24年危害程度": "无", "面积": null, "24年杨扇杨小发生": null, "23年杨扇杨小发生": null, "19年危害程度": "", "25年越冬基数调查": null, "2025年幼虫危害程度": "无" }, "geometry": { "type": "Point", "coordinates": [ 12993272.650410896167159, 4862533.140192520804703, -0.000045849251137 ] } },
{ "type": "Feature", "properties": { "fid": 896, "编号": "TH0018", "乡镇": "台湖镇", "村": "田家府", "24越冬基数": null, "25点围环情况": null, "25年成虫危害程度": "无", "24年危害程度": "无", "面积": null, "24年杨扇杨小发生": "无", "23年杨扇杨小发生": "", "19年危害程度": "无", "25年越冬基数调查": null, "2025年幼虫危害程度": "无" }, "geometry": { "type": "Point", "coordinates": [ 12986369.316010698676109, 4842736.224776853807271, -0.000045849251137 ] } },
{ "type": "Feature", "properties": { "fid": 897, "编号": "TH0019", "乡镇": "台湖镇", "村": "田家府", "24越冬基数": null, "25点围环情况": null, "25年成虫危害程度": "无", "24年危害程度": "无", "面积": null, "24年杨扇杨小发生": "无", "23年杨扇杨小发生": "", "19年危害程度": "无", "25年越冬基数调查": null, "2025年幼虫危害程度": "无" }, "geometry": { "type": "Point", "coordinates": [ 12986388.515275582671165, 4842889.266080223023891, -0.000045849251137 ] } },
{ "type": "Feature", "properties": { "fid": 898, "编号": "TH0041", "乡镇": "台湖镇", "村": "大地村", "24越冬基数": null, "25点围环情况": null, "25年成虫危害程度": "无", "24年危害程度": "无", "面积": null, "24年杨扇杨小发生": "无", "23年杨扇杨小发生": "无", "19年危害程度": "", "25年越冬基数调查": null, "2025年幼虫危害程度": "无" }, "geometry": { "type": "Point", "coordinates": [ 12983227.143123684450984, 4837136.324910731054842, -0.000045849251137 ] } },
{ "type": "Feature", "properties": { "fid": 900, "编号": "TH0101", "乡镇": "台湖镇", "村": "东下营", "24越冬基数": null, "25点围环情况": "黑", "25年成虫危害程度": "黑点", "24年危害程度": "无", "面积": null, "24年杨扇杨小发生": "无", "23年杨扇杨小发生": "", "19年危害程度": "", "25年越冬基数调查": null, "2025年幼虫危害程度": "黑" }, "geometry": { "type": "Point", "coordinates": [ 12988151.452802415937185, 4842071.968758245930076, -0.000045849251137 ] } },
{ "type": "Feature", "properties": { "fid": 901, "编号": "XJ0049", "乡镇": "西集镇", "村": "耿楼村", "24越冬基数": null, "25点围环情况": null, "25年成虫危害程度": "无", "24年危害程度": "无", "面积": null, "24年杨扇杨小发生": null, "23年杨扇杨小发生": null, "19年危害程度": "", "25年越冬基数调查": null, "2025年幼虫危害程度": "无" }, "geometry": { "type": "Point", "coordinates": [ 13004458.540185660123825, 4832004.917585231363773, -0.000045849251137 ] } },
{ "type": "Feature", "properties": { "fid": 902, "编号": "XJ0195", "乡镇": "西集镇", "村": "杜柳棵", "24越冬基数": null, "25点围环情况": null, "25年成虫危害程度": "无", "24年危害程度": "无", "面积": null, "24年杨扇杨小发生": "无", "23年杨扇杨小发生": "无", "19年危害程度": "", "25年越冬基数调查": null, "2025年幼虫危害程度": "无" }, "geometry": { "type": "Point", "coordinates": [ 13006112.970639443024993, 4839190.67995414417237, -0.000045849251137 ] } },
{ "type": "Feature", "properties": { "fid": 903, "编号": "XJ0190", "乡镇": "西集镇", "村": "马坊村", "24越冬基数": null, "25点围环情况": null, "25年成虫危害程度": "无", "24年危害程度": "无", "面积": null, "24年杨扇杨小发生": null, "23年杨扇杨小发生": null, "19年危害程度": "无", "25年越冬基数调查": null, "2025年幼虫危害程度": "无" }, "geometry": { "type": "Point", "coordinates": [ 13004841.268939847126603, 4840209.972645680420101, -0.000045849251137 ] } },
{ "type": "Feature", "properties": { "fid": 904, "编号": "XJ0165", "乡镇": "西集镇", "村": "前东仪", "24越冬基数": null, "25点围环情况": "黑", "25年成虫危害程度": "黑点", "24年危害程度": "无", "面积": null, "24年杨扇杨小发生": null, "23年杨扇杨小发生": null, "19年危害程度": "", "25年越冬基数调查": null, "2025年幼虫危害程度": "黑" }, "geometry": { "type": "Point", "coordinates": [ 13012010.232211604714394, 4839964.505599413067102, -0.000045849251137 ] } },
{ "type": "Feature", "properties": { "fid": 905, "编号": "XJ0270", "乡镇": "西集镇", "村": "东辛庄", "24越冬基数": null, "25点围环情况": null, "25年成虫危害程度": "无", "24年危害程度": "无", "面积": null, "24年杨扇杨小发生": null, "23年杨扇杨小发生": null, "19年危害程度": "无", "25年越冬基数调查": null, "2025年幼虫危害程度": "无" }, "geometry": { "type": "Point", "coordinates": [ 13012119.023500498384237, 4835811.042958408594131, -0.000045849251137 ] } },
{ "type": "Feature", "properties": { "fid": 906, "编号": "XJ0282", "乡镇": "西集镇", "村": "曹刘各", "24越冬基数": null, "25点围环情况": null, "25年成虫危害程度": "无", "24年危害程度": "无", "面积": null, "24年杨扇杨小发生": null, "23年杨扇杨小发生": null, "19年危害程度": "", "25年越冬基数调查": null, "2025年幼虫危害程度": "无" }, "geometry": { "type": "Point", "coordinates": [ 13011366.195226941257715, 4835186.743706340901554, -0.000045849251137 ] } },
{ "type": "Feature", "properties": { "fid": 907, "编号": "XJ0147", "乡镇": "西集镇", "村": "黄东仪", "24越冬基数": null, "25点围环情况": null, "25年成虫危害程度": "无", "24年危害程度": "无", "面积": null, "24年杨扇杨小发生": null, "23年杨扇杨小发生": null, "19年危害程度": "无", "25年越冬基数调查": null, "2025年幼虫危害程度": "无" }, "geometry": { "type": "Point", "coordinates": [ 13013823.664625734090805, 4839855.385736934840679, -0.000045849251137 ] } },
{ "type": "Feature", "properties": { "fid": 908, "编号": "YL0081", "乡镇": "永乐店镇", "村": "德仁务", "24越冬基数": null, "25点围环情况": null, "25年成虫危害程度": "无", "24年危害程度": "无", "面积": null, "24年杨扇杨小发生": null, "23年杨扇杨小发生": null, "19年危害程度": "", "25年越冬基数调查": null, "2025年幼虫危害程度": "无" }, "geometry": { "type": "Point", "coordinates": [ 12999022.9347665887326, 4819453.243683754466474, -0.000045849251137 ] } },
{ "type": "Feature", "properties": { "fid": 909, "编号": "YL0141", "乡镇": "永乐店镇", "村": "小甸屯", "24越冬基数": null, "25点围环情况": null, "25年成虫危害程度": "无", "24年危害程度": "无", "面积": null, "24年杨扇杨小发生": null, "23年杨扇杨小发生": null, "19年危害程度": "", "25年越冬基数调查": null, "2025年幼虫危害程度": "无" }, "geometry": { "type": "Point", "coordinates": [ 12999710.681060953065753, 4807802.711505901068449, -0.000045849251137 ] } },
{ "type": "Feature", "properties": { "fid": 910, "编号": "YL0142", "乡镇": "永乐店镇", "村": "小甸屯", "24越冬基数": null, "25点围环情况": null, "25年成虫危害程度": "无", "24年危害程度": "无", "面积": null, "24年杨扇杨小发生": null, "23年杨扇杨小发生": null, "19年危害程度": "", "25年越冬基数调查": null, "2025年幼虫危害程度": "无" }, "geometry": { "type": "Point", "coordinates": [ 12999755.565103964880109, 4807639.764354946091771, -0.000045849251137 ] } },
{ "type": "Feature", "properties": { "fid": 911, "编号": "YL0145", "乡镇": "永乐店镇", "村": "三垡村", "24越冬基数": null, "25点围环情况": null, "25年成虫危害程度": "无", "24年危害程度": "无", "面积": null, "24年杨扇杨小发生": null, "23年杨扇杨小发生": null, "19年危害程度": "", "25年越冬基数调查": null, "2025年幼虫危害程度": "无" }, "geometry": { "type": "Point", "coordinates": [ 13001077.534729298204184, 4810487.271697673015296, -0.000045849251137 ] } },
{ "type": "Feature", "properties": { "fid": 912, "编号": "YL0278", "乡镇": "永乐店镇", "村": "德仁务", "24越冬基数": null, "25点围环情况": null, "25年成虫危害程度": "无", "24年危害程度": "无", "面积": null, "24年杨扇杨小发生": null, "23年杨扇杨小发生": null, "19年危害程度": "无", "25年越冬基数调查": null, "2025年幼虫危害程度": "无" }, "geometry": { "type": "Point", "coordinates": [ 12999965.177691079676151, 4819523.396259163506329, -0.000045849251137 ] } },
{ "type": "Feature", "properties": { "fid": 913, "编号": "YL0307", "乡镇": "永乐店镇", "村": "德仁务", "24越冬基数": null, "25点围环情况": null, "25年成虫危害程度": "无", "24年危害程度": "无", "面积": null, "24年杨扇杨小发生": null, "23年杨扇杨小发生": null, "19年危害程度": "无", "25年越冬基数调查": null, "2025年幼虫危害程度": "无" }, "geometry": { "type": "Point", "coordinates": [ 12999022.186530824750662, 4816878.428847908973694, -0.000045849251137 ] } },
{ "type": "Feature", "properties": { "fid": 914, "编号": "YL0330", "乡镇": "永乐店镇", "村": "南堤寺", "24越冬基数": null, "25点围环情况": null, "25年成虫危害程度": "无", "24年危害程度": "无", "面积": null, "24年杨扇杨小发生": null, "23年杨扇杨小发生": null, "19年危害程度": "无", "25年越冬基数调查": null, "2025年幼虫危害程度": "无" }, "geometry": { "type": "Point", "coordinates": [ 12997507.819401299580932, 4820845.915000101551414, -0.000045849251137 ] } },
{ "type": "Feature", "properties": { "fid": 915, "编号": "YL0345", "乡镇": "永乐店镇", "村": "兴隆庄", "24越冬基数": null, "25点围环情况": null, "25年成虫危害程度": "无", "24年危害程度": "无", "面积": null, "24年杨扇杨小发生": null, "23年杨扇杨小发生": null, "19年危害程度": "", "25年越冬基数调查": null, "2025年幼虫危害程度": "轻" }, "geometry": { "type": "Point", "coordinates": [ 13004499.555667521432042, 4810859.580297455191612, -0.000045849251137 ] } },
{ "type": "Feature", "properties": { "fid": 916, "编号": "YS0022", "乡镇": "永顺镇", "村": "224街坊", "24越冬基数": null, "25点围环情况": null, "25年成虫危害程度": "无", "24年危害程度": "无", "面积": null, "24年杨扇杨小发生": null, "23年杨扇杨小发生": null, "19年危害程度": "", "25年越冬基数调查": null, "2025年幼虫危害程度": "黑" }, "geometry": { "type": "Point", "coordinates": [ 12986155.462975293397903, 4853261.276340343989432, -0.000045849251137 ] } },
{ "type": "Feature", "properties": { "fid": 918, "编号": "YS0044", "乡镇": "永顺镇", "村": "永顺村", "24越冬基数": null, "25点围环情况": null, "25年成虫危害程度": "黑点", "24年危害程度": "无", "面积": null, "24年杨扇杨小发生": "无", "23年杨扇杨小发生": "", "19年危害程度": "", "25年越冬基数调查": null, "2025年幼虫危害程度": "无" }, "geometry": { "type": "Point", "coordinates": [ 12983239.56304594129324, 4854146.398961814120412, -0.000045849251137 ] } },
{ "type": "Feature", "properties": { "fid": 919, "编号": "YS0045", "乡镇": "永顺镇", "村": "西马庄", "24越冬基数": null, "25点围环情况": null, "25年成虫危害程度": "无", "24年危害程度": "无", "面积": null, "24年杨扇杨小发生": null, "23年杨扇杨小发生": null, "19年危害程度": "", "25年越冬基数调查": null, "2025年幼虫危害程度": "无" }, "geometry": { "type": "Point", "coordinates": [ 12982394.92868166975677, 4854129.188997759483755, -0.000045849251137 ] } },
{ "type": "Feature", "properties": { "fid": 920, "编号": "YS0047", "乡镇": "永顺镇", "村": "西马庄", "24越冬基数": null, "25点围环情况": null, "25年成虫危害程度": "无", "24年危害程度": "无", "面积": null, "24年杨扇杨小发生": "无", "23年杨扇杨小发生": "", "19年危害程度": "", "25年越冬基数调查": null, "2025年幼虫危害程度": "无" }, "geometry": { "type": "Point", "coordinates": [ 12982386.836905382573605, 4853498.245628057047725, -0.000045849251137 ] } },
{ "type": "Feature", "properties": { "fid": 921, "编号": "YF0092", "乡镇": "于家务", "村": "东垡村", "24越冬基数": null, "25点围环情况": null, "25年成虫危害程度": "无", "24年危害程度": "无", "面积": null, "24年杨扇杨小发生": "无", "23年杨扇杨小发生": "无", "19年危害程度": "", "25年越冬基数调查": null, "2025年幼虫危害程度": "无" }, "geometry": { "type": "Point", "coordinates": [ 12991803.643104700371623, 4819813.576851362362504, -0.000045849251137 ] } },
{ "type": "Feature", "properties": { "fid": 922, "编号": "ZW0033", "乡镇": "张家湾镇", "村": "大高力", "24越冬基数": null, "25点围环情况": null, "25年成虫危害程度": "无", "24年危害程度": "无", "面积": null, "24年杨扇杨小发生": null, "23年杨扇杨小发生": null, "19年危害程度": "无", "25年越冬基数调查": null, "2025年幼虫危害程度": "无" }, "geometry": { "type": "Point", "coordinates": [ 12987021.066582405939698, 4842888.125076459720731, -0.000045849251137 ] } },
{ "type": "Feature", "properties": { "fid": 923, "编号": "ZW0037", "乡镇": "张家湾镇", "村": "施园村", "24越冬基数": null, "25点围环情况": "黑", "25年成虫危害程度": "黑点", "24年危害程度": "无", "面积": null, "24年杨扇杨小发生": "无", "23年杨扇杨小发生": "无", "19年危害程度": "", "25年越冬基数调查": null, "2025年幼虫危害程度": "无" }, "geometry": { "type": "Point", "coordinates": [ 12987896.564714785665274, 4842399.968957608565688, -0.000045849251137 ] } },
{ "type": "Feature", "properties": { "fid": 924, "编号": "ZW0038", "乡镇": "张家湾镇", "村": "施园村", "24越冬基数": null, "25点围环情况": "黑", "25年成虫危害程度": "黑点", "24年危害程度": "无", "面积": null, "24年杨扇杨小发生": null, "23年杨扇杨小发生": null, "19年危害程度": "", "25年越冬基数调查": null, "2025年幼虫危害程度": "无" }, "geometry": { "type": "Point", "coordinates": [ 12988449.496759878471494, 4842724.70945627707988, -0.000045849251137 ] } },
{ "type": "Feature", "properties": { "fid": 925, "编号": "ZW0110", "乡镇": "张家湾镇", "村": "皇木厂", "24越冬基数": null, "25点围环情况": null, "25年成虫危害程度": "无", "24年危害程度": "无", "面积": null, "24年杨扇杨小发生": "无", "23年杨扇杨小发生": "无", "19年危害程度": "", "25年越冬基数调查": null, "2025年幼虫危害程度": "无" }, "geometry": { "type": "Point", "coordinates": [ 12991268.128389317542315, 4844891.86102139018476, -0.000045849251137 ] } },
{ "type": "Feature", "properties": { "fid": 926, "编号": "ZW0034", "乡镇": "张家湾镇", "村": "大高力", "24越冬基数": null, "25点围环情况": null, "25年成虫危害程度": "无", "24年危害程度": "无", "面积": null, "24年杨扇杨小发生": null, "23年杨扇杨小发生": null, "19年危害程度": "无", "25年越冬基数调查": null, "2025年幼虫危害程度": "无" }, "geometry": { "type": "Point", "coordinates": [ 12987468.208786865696311, 4842741.212232043966651, -0.000045849251137 ] } },
{ "type": "Feature", "properties": { "fid": 927, "编号": "LY0001", "乡镇": "梨园镇", "村": "小街三", "24越冬基数": null, "25点围环情况": null, "25年成虫危害程度": "无", "24年危害程度": "无", "面积": null, "24年杨扇杨小发生": null, "23年杨扇杨小发生": null, "19年危害程度": "", "25年越冬基数调查": null, "2025年幼虫危害程度": "无" }, "geometry": { "type": "Point", "coordinates": [ 12988042.687010455876589, 4847233.383329340256751, -0.000045849251137 ] } },
{ "type": "Feature", "properties": { "fid": 928, "编号": "YL0430", "乡镇": "永乐店镇", "村": "熬硝营", "24越冬基数": null, "25点围环情况": null, "25年成虫危害程度": "无", "24年危害程度": "无", "面积": null, "24年杨扇杨小发生": null, "23年杨扇杨小发生": null, "19年危害程度": "无", "25年越冬基数调查": null, "2025年幼虫危害程度": "无" }, "geometry": { "type": "Point", "coordinates": [ 12998224.422961862757802, 4809201.81038392148912, 19.079454150748916 ] } },
{ "type": "Feature", "properties": { "fid": 930, "编号": "LY0004", "乡镇": "梨园镇", "村": "西小马", "24越冬基数": null, "25点围环情况": null, "25年成虫危害程度": "无", "24年危害程度": "无", "面积": null, "24年杨扇杨小发生": null, "23年杨扇杨小发生": null, "19年危害程度": "", "25年越冬基数调查": null, "2025年幼虫危害程度": "无" }, "geometry": { "type": "Point", "coordinates": [ 12984004.858317540958524, 4848432.347384691238403, -0.000045849251137 ] } },
{ "type": "Feature", "properties": { "fid": 931, "编号": "YL0443", "乡镇": "永乐店镇", "村": "德仁务", "24越冬基数": null, "25点围环情况": null, "25年成虫危害程度": "无", "24年危害程度": "无", "面积": null, "24年杨扇杨小发生": null, "23年杨扇杨小发生": null, "19年危害程度": "无", "25年越冬基数调查": null, "2025年幼虫危害程度": "轻" }, "geometry": { "type": "Point", "coordinates": [ 12998908.066286658868194, 4816222.466633685864508, 38.081454150748868 ] } },
{ "type": "Feature", "properties": { "fid": 932, "编号": "YL0444", "乡镇": "永乐店镇", "村": "应寺村", "24越冬基数": null, "25点围环情况": null, "25年成虫危害程度": "无", "24年危害程度": "无", "面积": null, "24年杨扇杨小发生": null, "23年杨扇杨小发生": null, "19年危害程度": "无", "25年越冬基数调查": null, "2025年幼虫危害程度": "重" }, "geometry": { "type": "Point", "coordinates": [ 12993809.68242727406323, 4812972.794014482758939, 36.947754150749006 ] } },
{ "type": "Feature", "properties": { "fid": 933, "编号": "YL0445", "乡镇": "永乐店镇", "村": "后营村", "24越冬基数": null, "25点围环情况": "轻度", "25年成虫危害程度": "无", "24年危害程度": "重", "面积": 7.3, "24年杨扇杨小发生": null, "23年杨扇杨小发生": null, "19年危害程度": "无", "25年越冬基数调查": null, "2025年幼虫危害程度": "无" }, "geometry": { "type": "Point", "coordinates": [ 13007182.454651825129986, 4820884.975203907117248, 41.02225415074895 ] } },
{ "type": "Feature", "properties": { "fid": 934, "编号": "YL0446", "乡镇": "永乐店镇", "村": "后营村", "24越冬基数": null, "25点围环情况": "轻度", "25年成虫危害程度": "无", "24年危害程度": "轻", "面积": 10.1, "24年杨扇杨小发生": null, "23年杨扇杨小发生": null, "19年危害程度": "无", "25年越冬基数调查": null, "2025年幼虫危害程度": "无" }, "geometry": { "type": "Point", "coordinates": [ 13007020.601255245506763, 4821099.237477967515588, 39.599554150748872 ] } },
{ "type": "Feature", "properties": { "fid": 936, "编号": "LC0246", "乡镇": "潞城镇", "村": "东堡村", "24越冬基数": null, "25点围环情况": null, "25年成虫危害程度": "无", "24年危害程度": "无", "面积": null, "24年杨扇杨小发生": null, "23年杨扇杨小发生": null, "19年危害程度": "无", "25年越冬基数调查": null, "2025年幼虫危害程度": "无" }, "geometry": { "type": "Point", "coordinates": [ 12997926.500005040317774, 4851087.367987863719463, 19.258754150748928 ] } },
{ "type": "Feature", "properties": { "fid": 937, "编号": "LC0247", "乡镇": "潞城镇", "村": "东堡村", "24越冬基数": null, "25点围环情况": null, "25年成虫危害程度": "无", "24年危害程度": "无", "面积": 30.3, "24年杨扇杨小发生": null, "23年杨扇杨小发生": null, "19年危害程度": "轻", "25年越冬基数调查": null, "2025年幼虫危害程度": "无" }, "geometry": { "type": "Point", "coordinates": [ 12998058.517686543986201, 4850975.592267271131277, 24.960154150748849 ] } },
{ "type": "Feature", "properties": { "fid": 938, "编号": "LC0248", "乡镇": "潞城镇", "村": "东堡村", "24越冬基数": null, "25点围环情况": null, "25年成虫危害程度": "无", "24年危害程度": "无", "面积": null, "24年杨扇杨小发生": null, "23年杨扇杨小发生": null, "19年危害程度": "无", "25年越冬基数调查": null, "2025年幼虫危害程度": "无" }, "geometry": { "type": "Point", "coordinates": [ 12998599.065165942534804, 4850166.636649914085865, 17.161654150748973 ] } },
{ "type": "Feature", "properties": { "fid": 942, "编号": "XJ0530", "乡镇": "西集镇", "村": "胡庄村", "24越冬基数": null, "25点围环情况": null, "25年成虫危害程度": "无", "24年危害程度": "无", "面积": null, "24年杨扇杨小发生": null, "23年杨扇杨小发生": null, "19年危害程度": "无", "25年越冬基数调查": null, "2025年幼虫危害程度": "无" }, "geometry": { "type": "Point", "coordinates": [ 13009669.088431157171726, 4839887.491653324104846, 17.272154150748975 ] } },
{ "type": "Feature", "properties": { "fid": 943, "编号": "XJ0532", "乡镇": "西集镇", "村": "大沙务", "24越冬基数": null, "25点围环情况": null, "25年成虫危害程度": "无", "24年危害程度": "无", "面积": null, "24年杨扇杨小发生": null, "23年杨扇杨小发生": null, "19年危害程度": "无", "25年越冬基数调查": null, "2025年幼虫危害程度": "无" }, "geometry": { "type": "Point", "coordinates": [ 13015802.589887728914618, 4837479.13168925140053, 21.055554150749003 ] } },
{ "type": "Feature", "properties": { "fid": 944, "编号": "XJ0533", "乡镇": "西集镇", "村": "赵庄村", "24越冬基数": null, "25点围环情况": null, "25年成虫危害程度": "无", "24年危害程度": "无", "面积": null, "24年杨扇杨小发生": null, "23年杨扇杨小发生": null, "19年危害程度": "无", "25年越冬基数调查": null, "2025年幼虫危害程度": "无" }, "geometry": { "type": "Point", "coordinates": [ 13015569.651104127988219, 4840410.792245966382325, 13.76355415074886 ] } },
{ "type": "Feature", "properties": { "fid": 945, "编号": "XJ0534", "乡镇": "西集镇", "村": "侯各庄", "24越冬基数": null, "25点围环情况": null, "25年成虫危害程度": "无", "24年危害程度": "无", "面积": null, "24年杨扇杨小发生": null, "23年杨扇杨小发生": null, "19年危害程度": "无", "25年越冬基数调查": null, "2025年幼虫危害程度": "无" }, "geometry": { "type": "Point", "coordinates": [ 13014057.617740562185645, 4843705.856965078040957, 14.23775415074897 ] } },
{ "type": "Feature", "properties": { "fid": 946, "编号": "XJ0535", "乡镇": "西集镇", "村": "王庄村", "24越冬基数": null, "25点围环情况": null, "25年成虫危害程度": "无", "24年危害程度": "无", "面积": null, "24年杨扇杨小发生": "无", "23年杨扇杨小发生": "无", "19年危害程度": "无", "25年越冬基数调查": null, "2025年幼虫危害程度": "无" }, "geometry": { "type": "Point", "coordinates": [ 13006011.073463751003146, 4833750.777284430339932, 17.591554150748834 ] } },
{ "type": "Feature", "properties": { "fid": 947, "编号": "XJ0536", "乡镇": "西集镇", "村": "何各庄", "24越冬基数": null, "25点围环情况": null, "25年成虫危害程度": "无", "24年危害程度": "无", "面积": null, "24年杨扇杨小发生": null, "23年杨扇杨小发生": null, "19年危害程度": "无", "25年越冬基数调查": null, "2025年幼虫危害程度": "无" }, "geometry": { "type": "Point", "coordinates": [ 13007747.348568376153708, 4835583.258912591263652, 37.003554150748869 ] } },
{ "type": "Feature", "properties": { "fid": 948, "编号": "XJ0537", "乡镇": "西集镇", "村": "老庄户", "24越冬基数": null, "25点围环情况": null, "25年成虫危害程度": "无", "24年危害程度": "无", "面积": null, "24年杨扇杨小发生": null, "23年杨扇杨小发生": null, "19年危害程度": "无", "25年越冬基数调查": null, "2025年幼虫危害程度": "无" }, "geometry": { "type": "Point", "coordinates": [ 13004293.884804356843233, 4834402.967284758575261, 16.058654150748907 ] } },
{ "type": "Feature", "properties": { "fid": 949, "编号": "XJ0543", "乡镇": "西集镇", "村": "耿楼村", "24越冬基数": null, "25点围环情况": null, "25年成虫危害程度": "无", "24年危害程度": "无", "面积": null, "24年杨扇杨小发生": null, "23年杨扇杨小发生": null, "19年危害程度": "无", "25年越冬基数调查": null, "2025年幼虫危害程度": "无" }, "geometry": { "type": "Point", "coordinates": [ 13004557.502660056576133, 4834162.807605622336268, -1.085645849251023 ] } },
{ "type": "Feature", "properties": { "fid": 950, "编号": "LC0243", "乡镇": "潞城镇", "村": "贾后疃", "24越冬基数": null, "25点围环情况": null, "25年成虫危害程度": "无", "24年危害程度": "无", "面积": null, "24年杨扇杨小发生": null, "23年杨扇杨小发生": null, "19年危害程度": "无", "25年越冬基数调查": null, "2025年幼虫危害程度": "无" }, "geometry": { "type": "Point", "coordinates": [ 13001705.331236636266112, 4847901.176917094737291, 32.069254150748975 ] } },
{ "type": "Feature", "properties": { "fid": 951, "编号": "LC0244", "乡镇": "潞城镇", "村": "大甘棠", "24越冬基数": null, "25点围环情况": null, "25年成虫危害程度": "无", "24年危害程度": "无", "面积": null, "24年杨扇杨小发生": null, "23年杨扇杨小发生": null, "19年危害程度": "无", "25年越冬基数调查": null, "2025年幼虫危害程度": "无" }, "geometry": { "type": "Point", "coordinates": [ 12997320.107447303831577, 4846015.947373985312879, 20.425554150748894 ] } },
{ "type": "Feature", "properties": { "fid": 952, "编号": "LC0245", "乡镇": "潞城镇", "村": "太子府", "24越冬基数": null, "25点围环情况": null, "25年成虫危害程度": "无", "24年危害程度": "无", "面积": null, "24年杨扇杨小发生": null, "23年杨扇杨小发生": null, "19年危害程度": "无", "25年越冬基数调查": null, "2025年幼虫危害程度": "无" }, "geometry": { "type": "Point", "coordinates": [ 13008102.42962609604001, 4843202.814769826829433, 18.080854150749019 ] } },
{ "type": "Feature", "properties": { "fid": 953, "编号": "XJ0517", "乡镇": "西集镇", "村": "协各庄", "24越冬基数": null, "25点围环情况": null, "25年成虫危害程度": "无", "24年危害程度": "无", "面积": null, "24年杨扇杨小发生": null, "23年杨扇杨小发生": null, "19年危害程度": "无", "25年越冬基数调查": null, "2025年幼虫危害程度": "无" }, "geometry": { "type": "Point", "coordinates": [ 13009396.967224195599556, 4842103.112161126919091, 18.532754150749042 ] } },
{ "type": "Feature", "properties": { "fid": 954, "编号": "XJ0518", "乡镇": "西集镇", "村": "协各庄", "24越冬基数": null, "25点围环情况": null, "25年成虫危害程度": "无", "24年危害程度": "无", "面积": null, "24年杨扇杨小发生": null, "23年杨扇杨小发生": null, "19年危害程度": "无", "25年越冬基数调查": null, "2025年幼虫危害程度": "无" }, "geometry": { "type": "Point", "coordinates": [ 13009572.915436377748847, 4841929.464902124367654, 10.773654150748825 ] } },
{ "type": "Feature", "properties": { "fid": 955, "编号": "XJ0519", "乡镇": "西集镇", "村": "协各庄", "24越冬基数": null, "25点围环情况": null, "25年成虫危害程度": "无", "24年危害程度": "无", "面积": null, "24年杨扇杨小发生": null, "23年杨扇杨小发生": null, "19年危害程度": "无", "25年越冬基数调查": null, "2025年幼虫危害程度": "无" }, "geometry": { "type": "Point", "coordinates": [ 13009738.107133792713284, 4841631.051229656673968, 10.670654150748987 ] } },
{ "type": "Feature", "properties": { "fid": 956, "编号": "XJ0521", "乡镇": "西集镇", "村": "协各庄", "24越冬基数": null, "25点围环情况": null, "25年成虫危害程度": "无", "24年危害程度": "无", "面积": null, "24年杨扇杨小发生": null, "23年杨扇杨小发生": null, "19年危害程度": "无", "25年越冬基数调查": null, "2025年幼虫危害程度": "无" }, "geometry": { "type": "Point", "coordinates": [ 13010269.761207215487957, 4841135.770908323116601, 21.379954150748972 ] } },
{ "type": "Feature", "properties": { "fid": 957, "编号": "XJ0522", "乡镇": "西集镇", "村": "前东仪", "24越冬基数": null, "25点围环情况": null, "25年成虫危害程度": "无", "24年危害程度": "无", "面积": 7.8, "24年杨扇杨小发生": null, "23年杨扇杨小发生": null, "19年危害程度": "轻", "25年越冬基数调查": null, "2025年幼虫危害程度": "无" }, "geometry": { "type": "Point", "coordinates": [ 13011205.113798264414072, 4840224.439928382635117, 16.301854150749023 ] } },
{ "type": "Feature", "properties": { "fid": 958, "编号": "XJ0523", "乡镇": "西集镇", "村": "前东仪", "24越冬基数": null, "25点围环情况": null, "25年成虫危害程度": "无", "24年危害程度": "无", "面积": null, "24年杨扇杨小发生": null, "23年杨扇杨小发生": null, "19年危害程度": "无", "25年越冬基数调查": null, "2025年幼虫危害程度": "无" }, "geometry": { "type": "Point", "coordinates": [ 13011308.092151558026671, 4840232.315270296297967, 18.940054150748892 ] } },
{ "type": "Feature", "properties": { "fid": 959, "编号": "XJ0524", "乡镇": "西集镇", "村": "史东仪", "24越冬基数": null, "25点围环情况": null, "25年成虫危害程度": "无", "24年危害程度": "无", "面积": null, "24年杨扇杨小发生": null, "23年杨扇杨小发生": null, "19年危害程度": "无", "25年越冬基数调查": null, "2025年幼虫危害程度": "无" }, "geometry": { "type": "Point", "coordinates": [ 13013764.072860382497311, 4838646.655760927125812, 19.014954150748963 ] } },
{ "type": "Feature", "properties": { "fid": 960, "编号": "XJ0525", "乡镇": "西集镇", "村": "杨家洼", "24越冬基数": null, "25点围环情况": null, "25年成虫危害程度": "无", "24年危害程度": "无", "面积": null, "24年杨扇杨小发生": "无", "23年杨扇杨小发生": "", "19年危害程度": "无", "25年越冬基数调查": null, "2025年幼虫危害程度": "无" }, "geometry": { "type": "Point", "coordinates": [ 13012897.90988908521831, 4833062.228140579536557, 12.389254150748911 ] } },
{ "type": "Feature", "properties": { "fid": 961, "编号": "XJ0527", "乡镇": "西集镇", "村": "和合站", "24越冬基数": null, "25点围环情况": null, "25年成虫危害程度": "无", "24年危害程度": "无", "面积": null, "24年杨扇杨小发生": "无", "23年杨扇杨小发生": "", "19年危害程度": "无", "25年越冬基数调查": null, "2025年幼虫危害程度": "无" }, "geometry": { "type": "Point", "coordinates": [ 13008455.139234347268939, 4832823.509925126098096, 15.070654150748851 ] } },
{ "type": "Feature", "properties": { "fid": 962, "编号": "XJ0528", "乡镇": "西集镇", "村": "老庄户", "24越冬基数": null, "25点围环情况": null, "25年成虫危害程度": "无", "24年危害程度": "无", "面积": null, "24年杨扇杨小发生": "无", "23年杨扇杨小发生": "", "19年危害程度": "无", "25年越冬基数调查": null, "2025年幼虫危害程度": "无" }, "geometry": { "type": "Point", "coordinates": [ 13002899.806495122611523, 4833020.586481620557606, 16.128454150748894 ] } },
{ "type": "Feature", "properties": { "fid": 963, "编号": "SZ0204", "乡镇": "宋庄镇", "村": "师姑庄", "24越冬基数": null, "25点围环情况": null, "25年成虫危害程度": "无", "24年危害程度": "无", "面积": null, "24年杨扇杨小发生": "无", "23年杨扇杨小发生": "无", "19年危害程度": "无", "25年越冬基数调查": null, "2025年幼虫危害程度": "无" }, "geometry": { "type": "Point", "coordinates": [ 12997834.325902616605163, 4852432.798504355363548, 21.359254150748939 ] } },
{ "type": "Feature", "properties": { "fid": 964, "编号": "SZ0205", "乡镇": "宋庄镇", "村": "师姑庄", "24越冬基数": null, "25点围环情况": null, "25年成虫危害程度": "无", "24年危害程度": "无", "面积": null, "24年杨扇杨小发生": "无", "23年杨扇杨小发生": "", "19年危害程度": "无", "25年越冬基数调查": null, "2025年幼虫危害程度": "无" }, "geometry": { "type": "Point", "coordinates": [ 12998004.178675038740039, 4852721.329086776822805, 19.924554150748918 ] } },
{ "type": "Feature", "properties": { "fid": 965, "编号": "SZ0206", "乡镇": "宋庄镇", "村": "师姑庄", "24越冬基数": null, "25点围环情况": null, "25年成虫危害程度": "无", "24年危害程度": "无", "面积": null, "24年杨扇杨小发生": "无", "23年杨扇杨小发生": "", "19年危害程度": "无", "25年越冬基数调查": null, "2025年幼虫危害程度": "无" }, "geometry": { "type": "Point", "coordinates": [ 12998350.374902576208115, 4853267.835991472005844, 21.421354150749039 ] } },
{ "type": "Feature", "properties": { "fid": 966, "编号": "SZ0207", "乡镇": "宋庄镇", "村": "摇不动", "24越冬基数": null, "25点围环情况": null, "25年成虫危害程度": "无", "24年危害程度": "无", "面积": null, "24年杨扇杨小发生": "无", "23年杨扇杨小发生": "", "19年危害程度": "无", "25年越冬基数调查": null, "2025年幼虫危害程度": "无" }, "geometry": { "type": "Point", "coordinates": [ 12998953.763609334826469, 4854266.669942246749997, 20.089954150749008 ] } },
{ "type": "Feature", "properties": { "fid": 968, "编号": "SZ0209", "乡镇": "宋庄镇", "村": "白庙村", "24越冬基数": null, "25点围环情况": null, "25年成虫危害程度": "无", "24年危害程度": "无", "面积": null, "24年杨扇杨小发生": "无", "23年杨扇杨小发生": "无", "19年危害程度": "无", "25年越冬基数调查": null, "2025年幼虫危害程度": "无" }, "geometry": { "type": "Point", "coordinates": [ 12997564.659487267956138, 4858526.465509635396302, 28.676954150748998 ] } },
{ "type": "Feature", "properties": { "fid": 969, "编号": "SZ0210", "乡镇": "宋庄镇", "村": "白庙村", "24越冬基数": null, "25点围环情况": null, "25年成虫危害程度": "无", "24年危害程度": "无", "面积": null, "24年杨扇杨小发生": "无", "23年杨扇杨小发生": "", "19年危害程度": "无", "25年越冬基数调查": null, "2025年幼虫危害程度": "轻" }, "geometry": { "type": "Point", "coordinates": [ 12997405.401355450972915, 4858694.227407934144139, 23.069954150749027 ] } },
{ "type": "Feature", "properties": { "fid": 970, "编号": "SZ0211", "乡镇": "宋庄镇", "村": "白庙村", "24越冬基数": null, "25点围环情况": null, "25年成虫危害程度": "无", "24年危害程度": "无", "面积": null, "24年杨扇杨小发生": "无", "23年杨扇杨小发生": "无", "19年危害程度": "无", "25年越冬基数调查": null, "2025年幼虫危害程度": "黑" }, "geometry": { "type": "Point", "coordinates": [ 12996755.984680686146021, 4859548.150002372451127, 22.819254150748975 ] } },
{ "type": "Feature", "properties": { "fid": 971, "编号": "SZ0212", "乡镇": "宋庄镇", "村": "小杨各", "24越冬基数": null, "25点围环情况": null, "25年成虫危害程度": "无", "24年危害程度": "无", "面积": null, "24年杨扇杨小发生": "无", "23年杨扇杨小发生": "", "19年危害程度": "无", "25年越冬基数调查": null, "2025年幼虫危害程度": "无" }, "geometry": { "type": "Point", "coordinates": [ 12996474.640250146389008, 4860594.319172386080027, 21.982654150748886 ] } },
{ "type": "Feature", "properties": { "fid": 972, "编号": "SZ0213", "乡镇": "宋庄镇", "村": "高各庄", "24越冬基数": null, "25点围环情况": null, "25年成虫危害程度": "无", "24年危害程度": "无", "面积": null, "24年杨扇杨小发生": "无", "23年杨扇杨小发生": "", "19年危害程度": "无", "25年越冬基数调查": null, "2025年幼虫危害程度": "轻" }, "geometry": { "type": "Point", "coordinates": [ 12997295.999425910413265, 4862985.232504524290562, 26.253154150748969 ] } },
{ "type": "Feature", "properties": { "fid": 973, "编号": "SZ0214", "乡镇": "宋庄镇", "村": "郝各庄", "24越冬基数": null, "25点围环情况": null, "25年成虫危害程度": "无", "24年危害程度": "无", "面积": null, "24年杨扇杨小发生": "无", "23年杨扇杨小发生": "", "19年危害程度": "无", "25年越冬基数调查": null, "2025年幼虫危害程度": "中" }, "geometry": { "type": "Point", "coordinates": [ 12997733.399762757122517, 4863881.057422669604421, 21.63425415074903 ] } },
{ "type": "Feature", "properties": { "fid": 974, "编号": "SZ0215", "乡镇": "宋庄镇", "村": "高各庄", "24越冬基数": null, "25点围环情况": null, "25年成虫危害程度": "无", "24年危害程度": "无", "面积": null, "24年杨扇杨小发生": "无", "23年杨扇杨小发生": "", "19年危害程度": "无", "25年越冬基数调查": null, "2025年幼虫危害程度": "无" }, "geometry": { "type": "Point", "coordinates": [ 12997511.06974190659821, 4863402.227254961617291, 22.53465415074902 ] } },
{ "type": "Feature", "properties": { "fid": 975, "编号": "SZ0216", "乡镇": "宋庄镇", "村": "高各庄", "24越冬基数": null, "25点围环情况": null, "25年成虫危害程度": "无", "24年危害程度": "无", "面积": null, "24年杨扇杨小发生": "无", "23年杨扇杨小发生": "", "19年危害程度": "无", "25年越冬基数调查": null, "2025年幼虫危害程度": "无" }, "geometry": { "type": "Point", "coordinates": [ 12998105.299682656303048, 4865737.948762659914792, 27.245154150748931 ] } },
{ "type": "Feature", "properties": { "fid": 976, "编号": "SZ0217", "乡镇": "宋庄镇", "村": "港北村", "24越冬基数": null, "25点围环情况": null, "25年成虫危害程度": "无", "24年危害程度": "无", "面积": null, "24年杨扇杨小发生": "无", "23年杨扇杨小发生": "无", "19年危害程度": "无", "25年越冬基数调查": null, "2025年幼虫危害程度": "无" }, "geometry": { "type": "Point", "coordinates": [ 12997235.099134126678109, 4867414.489886747673154, 23.436754150749039 ] } },
{ "type": "Feature", "properties": { "fid": 977, "编号": "SZ0218", "乡镇": "宋庄镇", "村": "港北村", "24越冬基数": null, "25点围环情况": null, "25年成虫危害程度": "无", "24年危害程度": "无", "面积": null, "24年杨扇杨小发生": "无", "23年杨扇杨小发生": "无", "19年危害程度": "无", "25年越冬基数调查": null, "2025年幼虫危害程度": "无" }, "geometry": { "type": "Point", "coordinates": [ 12996931.009124746546149, 4867715.313760075718164, 22.912254150748822 ] } },
{ "type": "Feature", "properties": { "fid": 978, "编号": "TH0121", "乡镇": "台湖镇", "村": "铺头村", "24越冬基数": null, "25点围环情况": null, "25年成虫危害程度": "无", "24年危害程度": "无", "面积": null, "24年杨扇杨小发生": "无", "23年杨扇杨小发生": "", "19年危害程度": "无", "25年越冬基数调查": null, "2025年幼虫危害程度": "无" }, "geometry": { "type": "Point", "coordinates": [ 12982617.249181048944592, 4844633.2627192446962, 23.215054150748983 ] } },
{ "type": "Feature", "properties": { "fid": 979, "编号": "YL0449", "乡镇": "永乐店镇", "村": "三垡村", "24越冬基数": null, "25点围环情况": null, "25年成虫危害程度": "无", "24年危害程度": "无", "面积": null, "24年杨扇杨小发生": null, "23年杨扇杨小发生": null, "19年危害程度": "无", "25年越冬基数调查": null, "2025年幼虫危害程度": "无" }, "geometry": { "type": "Point", "coordinates": [ 13003192.803511515259743, 4811227.259221844375134, -0.000045849251137 ] } },
{ "type": "Feature", "properties": { "fid": 980, "编号": "YL0450", "乡镇": "永乐店镇", "村": "前马坊", "24越冬基数": null, "25点围环情况": null, "25年成虫危害程度": "无", "24年危害程度": "无", "面积": null, "24年杨扇杨小发生": null, "23年杨扇杨小发生": null, "19年危害程度": "无", "25年越冬基数调查": null, "2025年幼虫危害程度": "无" }, "geometry": { "type": "Point", "coordinates": [ 13003817.269769499078393, 4814611.056205722503364, -0.000045849251137 ] } },
{ "type": "Feature", "properties": { "fid": 981, "编号": "YL0451", "乡镇": "永乐店镇", "村": "东河村", "24越冬基数": null, "25点围环情况": null, "25年成虫危害程度": "无", "24年危害程度": "无", "面积": null, "24年杨扇杨小发生": "无", "23年杨扇杨小发生": "无", "19年危害程度": "无", "25年越冬基数调查": null, "2025年幼虫危害程度": "无" }, "geometry": { "type": "Point", "coordinates": [ 13002684.9233413413167, 4818883.357419261708856, -0.000045849251137 ] } },
{ "type": "Feature", "properties": { "fid": 982, "编号": "YL0452", "乡镇": "永乐店镇", "村": "南堤寺", "24越冬基数": null, "25点围环情况": null, "25年成虫危害程度": "无", "24年危害程度": "无", "面积": null, "24年杨扇杨小发生": null, "23年杨扇杨小发生": null, "19年危害程度": "无", "25年越冬基数调查": null, "2025年幼虫危害程度": "重" }, "geometry": { "type": "Point", "coordinates": [ 12996053.3040024433285, 4822404.596315018832684, -0.000045849251137 ] } },
{ "type": "Feature", "properties": { "fid": 984, "编号": "TH0122", "乡镇": "台湖镇", "村": "尖垡村", "24越冬基数": null, "25点围环情况": null, "25年成虫危害程度": "无", "24年危害程度": "无", "面积": null, "24年杨扇杨小发生": "无", "23年杨扇杨小发生": "无", "19年危害程度": "无", "25年越冬基数调查": null, "2025年幼虫危害程度": "无" }, "geometry": { "type": "Point", "coordinates": [ 12985578.89378073439002, 4839247.747013997286558, -0.000045849251137 ] } },
{ "type": "Feature", "properties": { "fid": 985, "编号": "SZ0219", "乡镇": "宋庄镇", "村": "小营村", "24越冬基数": null, "25点围环情况": null, "25年成虫危害程度": "无", "24年危害程度": "无", "面积": null, "24年杨扇杨小发生": "无", "23年杨扇杨小发生": "", "19年危害程度": "无", "25年越冬基数调查": null, "2025年幼虫危害程度": "无" }, "geometry": { "type": "Point", "coordinates": [ 12989846.416287932544947, 4865832.326549987308681, -0.000045849251137 ] } },
{ "type": "Feature", "properties": { "fid": 986, "编号": "TH0124", "乡镇": "台湖镇", "村": "兴武林", "24越冬基数": null, "25点围环情况": null, "25年成虫危害程度": "无", "24年危害程度": "无", "面积": null, "24年杨扇杨小发生": "无", "23年杨扇杨小发生": "无", "19年危害程度": "无", "25年越冬基数调查": null, "2025年幼虫危害程度": "无" }, "geometry": { "type": "Point", "coordinates": [ 12985094.498389123007655, 4839024.623365689069033, -0.000045849251137 ] } },
{ "type": "Feature", "properties": { "fid": 987, "编号": "TH0125", "乡镇": "台湖镇", "村": "尖垡村", "24越冬基数": null, "25点围环情况": null, "25年成虫危害程度": "无", "24年危害程度": "无", "面积": null, "24年杨扇杨小发生": "无", "23年杨扇杨小发生": "无", "19年危害程度": "无", "25年越冬基数调查": null, "2025年幼虫危害程度": "无" }, "geometry": { "type": "Point", "coordinates": [ 12985306.29846983961761, 4839203.155310785397887, -0.000045849251137 ] } },
{ "type": "Feature", "properties": { "fid": 988, "编号": "TH0025", "乡镇": "台湖镇", "村": "东下营", "24越冬基数": null, "25点围环情况": null, "25年成虫危害程度": "无", "24年危害程度": "无", "面积": null, "24年杨扇杨小发生": "无", "23年杨扇杨小发生": "无", "19年危害程度": "无", "25年越冬基数调查": null, "2025年幼虫危害程度": "无" }, "geometry": { "type": "Point", "coordinates": [ 12987200.896474178880453, 4840952.027086204849184, -0.000045849251137 ] } },
{ "type": "Feature", "properties": { "fid": 990, "编号": "MQ0079", "乡镇": "马驹桥镇", "村": "后银子", "24越冬基数": null, "25点围环情况": null, "25年成虫危害程度": "无", "24年危害程度": "无", "面积": null, "24年杨扇杨小发生": "无", "23年杨扇杨小发生": "无", "19年危害程度": "无", "25年越冬基数调查": null, "2025年幼虫危害程度": "无" }, "geometry": { "type": "Point", "coordinates": [ 12977999.394980031996965, 4830627.690291984938085, -0.000045849251137 ] } },
{ "type": "Feature", "properties": { "fid": 991, "编号": "MQ0080", "乡镇": "马驹桥镇", "村": "后银子", "24越冬基数": null, "25点围环情况": null, "25年成虫危害程度": "无", "24年危害程度": "无", "面积": null, "24年杨扇杨小发生": "无", "23年杨扇杨小发生": "无", "19年危害程度": "无", "25年越冬基数调查": null, "2025年幼虫危害程度": "无" }, "geometry": { "type": "Point", "coordinates": [ 12977516.576705688610673, 4830442.722766471095383, -0.000045849251137 ] } },
{ "type": "Feature", "properties": { "fid": 992, "编号": "MQ0081", "乡镇": "马驹桥镇", "村": "团瓢庄", "24越冬基数": null, "25点围环情况": "轻度", "25年成虫危害程度": "轻", "24年危害程度": "中", "面积": 12.3, "24年杨扇杨小发生": "无", "23年杨扇杨小发生": "无", "19年危害程度": "无", "25年越冬基数调查": null, "2025年幼虫危害程度": "重" }, "geometry": { "type": "Point", "coordinates": [ 12979445.069830244407058, 4830789.065545807592571, -0.000045849251137 ] } },
{ "type": "Feature", "properties": { "fid": 993, "编号": "MQ0082", "乡镇": "马驹桥镇", "村": "团瓢庄", "24越冬基数": null, "25点围环情况": null, "25年成虫危害程度": "无", "24年危害程度": "无", "面积": null, "24年杨扇杨小发生": "无", "23年杨扇杨小发生": "无", "19年危害程度": "无", "25年越冬基数调查": null, "2025年幼虫危害程度": "无" }, "geometry": { "type": "Point", "coordinates": [ 12979871.653012791648507, 4831225.586969601921737, -0.000045849251137 ] } },
{ "type": "Feature", "properties": { "fid": 994, "编号": "LC0254", "乡镇": "潞城镇", "村": "常屯村", "24越冬基数": null, "25点围环情况": null, "25年成虫危害程度": "无", "24年危害程度": "无", "面积": null, "24年杨扇杨小发生": null, "23年杨扇杨小发生": null, "19年危害程度": "无", "25年越冬基数调查": null, "2025年幼虫危害程度": "无" }, "geometry": { "type": "Point", "coordinates": [ 12992168.505975235253572, 4854393.552525929175317, -0.000045849251137 ] } },
{ "type": "Feature", "properties": { "fid": 995, "编号": "LC0255", "乡镇": "潞城镇", "村": "东堡村", "24越冬基数": null, "25点围环情况": null, "25年成虫危害程度": "无", "24年危害程度": "无", "面积": null, "24年杨扇杨小发生": null, "23年杨扇杨小发生": null, "19年危害程度": "无", "25年越冬基数调查": null, "2025年幼虫危害程度": "无" }, "geometry": { "type": "Point", "coordinates": [ 12998626.39219543337822, 4850346.008518636226654, -0.000045849251137 ] } },
{ "type": "Feature", "properties": { "fid": 996, "编号": "LC0256", "乡镇": "潞城镇", "村": "东堡村", "24越冬基数": null, "25点围环情况": null, "25年成虫危害程度": "无", "24年危害程度": "无", "面积": null, "24年杨扇杨小发生": null, "23年杨扇杨小发生": null, "19年危害程度": "无", "25年越冬基数调查": null, "2025年幼虫危害程度": "无" }, "geometry": { "type": "Point", "coordinates": [ 12998623.964533323422074, 4850563.838379308581352, -0.000045849251137 ] } },
{ "type": "Feature", "properties": { "fid": 997, "编号": "LC0258", "乡镇": "潞城镇", "村": "后榆村", "24越冬基数": null, "25点围环情况": null, "25年成虫危害程度": "无", "24年危害程度": "无", "面积": null, "24年杨扇杨小发生": null, "23年杨扇杨小发生": null, "19年危害程度": "无", "25年越冬基数调查": null, "2025年幼虫危害程度": "无" }, "geometry": { "type": "Point", "coordinates": [ 13000614.610547594726086, 4848037.268778508529067, -0.000045849251137 ] } },
{ "type": "Feature", "properties": { "fid": 999, "编号": "LC0259", "乡镇": "潞城镇", "村": "大甘棠", "24越冬基数": null, "25点围环情况": null, "25年成虫危害程度": "无", "24年危害程度": "无", "面积": null, "24年杨扇杨小发生": null, "23年杨扇杨小发生": null, "19年危害程度": "无", "25年越冬基数调查": null, "2025年幼虫危害程度": "无" }, "geometry": { "type": "Point", "coordinates": [ 12999450.12073515728116, 4846167.674789037555456, -0.000045849251137 ] } },
{ "type": "Feature", "properties": { "fid": 1000, "编号": "LC0260", "乡镇": "潞城镇", "村": "小东各", "24越冬基数": null, "25点围环情况": null, "25年成虫危害程度": "无", "24年危害程度": "无", "面积": null, "24年杨扇杨小发生": null, "23年杨扇杨小发生": null, "19年危害程度": "无", "25年越冬基数调查": null, "2025年幼虫危害程度": "轻" }, "geometry": { "type": "Point", "coordinates": [ 13003426.135255195200443, 4841894.072599763050675, -0.000045849251137 ] } },
{ "type": "Feature", "properties": { "fid": 1001, "编号": "HX0284", "乡镇": "漷县镇", "村": "曹庄村", "24越冬基数": null, "25点围环情况": null, "25年成虫危害程度": "无", "24年危害程度": "无", "面积": null, "24年杨扇杨小发生": "无", "23年杨扇杨小发生": "无", "19年危害程度": "无", "25年越冬基数调查": null, "2025年幼虫危害程度": "无" }, "geometry": { "type": "Point", "coordinates": [ 13012303.484841205179691, 4829155.312107366509736, -0.000045849251137 ] } },
{ "type": "Feature", "properties": { "fid": 1002, "编号": "XJ0558", "乡镇": "西集镇", "村": "耿楼村", "24越冬基数": null, "25点围环情况": null, "25年成虫危害程度": "无", "24年危害程度": "无", "面积": null, "24年杨扇杨小发生": "无", "23年杨扇杨小发生": "无", "19年危害程度": "无", "25年越冬基数调查": null, "2025年幼虫危害程度": "无" }, "geometry": { "type": "Point", "coordinates": [ 13004415.367229534313083, 4832462.859581342898309, -0.000045849251137 ] } },
{ "type": "Feature", "properties": { "fid": 1003, "编号": "YL0047", "乡镇": "永乐店镇", "村": "邓庄村", "24越冬基数": null, "25点围环情况": "轻度", "25年成虫危害程度": "重", "24年危害程度": "中", "面积": 48.1, "24年杨扇杨小发生": null, "23年杨扇杨小发生": null, "19年危害程度": "轻", "25年越冬基数调查": null, "2025年幼虫危害程度": "重" }, "geometry": { "type": "Point", "coordinates": [ 13002895.22081695124507, 4824306.870907062664628, 24.798154150749042 ] } },
{ "type": "Feature", "properties": { "fid": 1005, "编号": "YL0139", "乡镇": "永乐店镇", "村": "小甸屯", "24越冬基数": null, "25点围环情况": null, "25年成虫危害程度": "无", "24年危害程度": "无", "面积": 43.9, "24年杨扇杨小发生": null, "23年杨扇杨小发生": null, "19年危害程度": "重", "25年越冬基数调查": null, "2025年幼虫危害程度": "重" }, "geometry": { "type": "Point", "coordinates": [ 12999058.325663212686777, 4807941.245923966169357, -0.000045849251137 ] } },
{ "type": "Feature", "properties": { "fid": 1006, "编号": "YL0455", "乡镇": "永乐店镇", "村": "南堤寺", "24越冬基数": null, "25点围环情况": null, "25年成虫危害程度": "无", "24年危害程度": "无", "面积": null, "24年杨扇杨小发生": "无", "23年杨扇杨小发生": "无", "19年危害程度": "无", "25年越冬基数调查": null, "2025年幼虫危害程度": "无" }, "geometry": { "type": "Point", "coordinates": [ 12996264.683347934857011, 4820632.703140391968191, 0.0 ] } },
{ "type": "Feature", "properties": { "fid": 1007, "编号": "YF0111", "乡镇": "于家务", "村": "富各庄", "24越冬基数": null, "25点围环情况": null, "25年成虫危害程度": "无", "24年危害程度": "无", "面积": null, "24年杨扇杨小发生": null, "23年杨扇杨小发生": null, "19年危害程度": "无", "25年越冬基数调查": null, "2025年幼虫危害程度": "轻" }, "geometry": { "type": "Point", "coordinates": [ 12996093.272851197049022, 4820263.714867132715881, 0.0 ] } },
{ "type": "Feature", "properties": { "fid": 1008, "编号": "HX0285", "乡镇": "漷县镇", "村": "曹庄村", "24越冬基数": null, "25点围环情况": null, "25年成虫危害程度": "无", "24年危害程度": "无", "面积": null, "24年杨扇杨小发生": null, "23年杨扇杨小发生": null, "19年危害程度": "无", "25年越冬基数调查": null, "2025年幼虫危害程度": "轻" }, "geometry": { "type": "Point", "coordinates": [ 13011276.733626926317811, 4830625.928078566677868, 0.0 ] } },
{ "type": "Feature", "properties": { "fid": 1009, "编号": "HX0286", "乡镇": "漷县镇", "村": "候黄庄", "24越冬基数": null, "25点围环情况": null, "25年成虫危害程度": "无", "24年危害程度": "无", "面积": null, "24年杨扇杨小发生": "无", "23年杨扇杨小发生": "无", "19年危害程度": "无", "25年越冬基数调查": null, "2025年幼虫危害程度": "无" }, "geometry": { "type": "Point", "coordinates": [ 13010858.57532224804163, 4829286.400540472008288, 0.0 ] } },
{ "type": "Feature", "properties": { "fid": 1010, "编号": "HX0287", "乡镇": "漷县镇", "村": "军屯村", "24越冬基数": null, "25点围环情况": "严重", "25年成虫危害程度": "重", "24年危害程度": "重", "面积": 18.8, "24年杨扇杨小发生": null, "23年杨扇杨小发生": "", "19年危害程度": "无", "25年越冬基数调查": "1", "2025年幼虫危害程度": "重" }, "geometry": { "type": "Point", "coordinates": [ 13005142.30475683696568, 4827568.266283421777189, 0.0 ] } },
{ "type": "Feature", "properties": { "fid": 1012, "编号": "YL0457", "乡镇": "永乐店镇", "村": "熬硝营", "24越冬基数": null, "25点围环情况": null, "25年成虫危害程度": "无", "24年危害程度": "无", "面积": null, "24年杨扇杨小发生": null, "23年杨扇杨小发生": null, "19年危害程度": "无", "25年越冬基数调查": null, "2025年幼虫危害程度": "无" }, "geometry": { "type": "Point", "coordinates": [ 12997890.707616528496146, 4811681.796131053939462, 0.0 ] } },
{ "type": "Feature", "properties": { "fid": 1013, "编号": "YL0458", "乡镇": "永乐店镇", "村": "三垡村", "24越冬基数": null, "25点围环情况": null, "25年成虫危害程度": "无", "24年危害程度": "无", "面积": null, "24年杨扇杨小发生": null, "23年杨扇杨小发生": null, "19年危害程度": "无", "25年越冬基数调查": null, "2025年幼虫危害程度": "无" }, "geometry": { "type": "Point", "coordinates": [ 12999317.236351549625397, 4810994.874518433585763, 0.0 ] } },
{ "type": "Feature", "properties": { "fid": 1014, "编号": "XJ0526", "乡镇": "西集镇", "村": null, "24越冬基数": null, "25点围环情况": null, "25年成虫危害程度": "无", "24年危害程度": "无", "面积": null, "24年杨扇杨小发生": "无", "23年杨扇杨小发生": "无", "19年危害程度": "无", "25年越冬基数调查": null, "2025年幼虫危害程度": "无" }, "geometry": { "type": "Point", "coordinates": [ 13011293.715068560093641, 4832241.366134287789464, 0.0 ] } },
{ "type": "Feature", "properties": { "fid": 1015, "编号": "XJ0246", "乡镇": "西集镇", "村": null, "24越冬基数": null, "25点围环情况": null, "25年成虫危害程度": "无", "24年危害程度": "无", "面积": null, "24年杨扇杨小发生": null, "23年杨扇杨小发生": null, "19年危害程度": "无", "25年越冬基数调查": null, "2025年幼虫危害程度": "无" }, "geometry": { "type": "Point", "coordinates": [ 13009749.227764010429382, 4836552.475150660611689, 0.0 ] } },
{ "type": "Feature", "properties": { "fid": 1016, "编号": "XJ0299", "乡镇": "西集镇", "村": null, "24越冬基数": null, "25点围环情况": "黑", "25年成虫危害程度": "黑点", "24年危害程度": "无", "面积": null, "24年杨扇杨小发生": null, "23年杨扇杨小发生": null, "19年危害程度": "无", "25年越冬基数调查": null, "2025年幼虫危害程度": "黑" }, "geometry": { "type": "Point", "coordinates": [ 13006623.980394069105387, 4833288.286284156143665, 0.0 ] } },
{ "type": "Feature", "properties": { "fid": 1017, "编号": "XJ0220", "乡镇": "西集镇", "村": null, "24越冬基数": null, "25点围环情况": null, "25年成虫危害程度": "无", "24年危害程度": "无", "面积": null, "24年杨扇杨小发生": null, "23年杨扇杨小发生": null, "19年危害程度": "", "25年越冬基数调查": null, "2025年幼虫危害程度": "无" }, "geometry": { "type": "Point", "coordinates": [ 13006081.861986065283418, 4832849.986688694916666, 0.0 ] } },
{ "type": "Feature", "properties": { "fid": 1018, "编号": "XJ0547", "乡镇": "西集镇", "村": null, "24越冬基数": null, "25点围环情况": null, "25年成虫危害程度": "无", "24年危害程度": "无", "面积": null, "24年杨扇杨小发生": null, "23年杨扇杨小发生": null, "19年危害程度": "无", "25年越冬基数调查": null, "2025年幼虫危害程度": "无" }, "geometry": { "type": "Point", "coordinates": [ 13005477.455516593530774, 4833182.190746831707656, 0.0 ] } },
{ "type": "Feature", "properties": { "fid": 1019, "编号": "XJ0314", "乡镇": "西集镇", "村": null, "24越冬基数": null, "25点围环情况": "轻度", "25年成虫危害程度": "中", "24年危害程度": "轻", "面积": 0.0, "24年杨扇杨小发生": null, "23年杨扇杨小发生": null, "19年危害程度": "无", "25年越冬基数调查": null, "2025年幼虫危害程度": "轻" }, "geometry": { "type": "Point", "coordinates": [ 13003226.156501719728112, 4832283.840674887411296, 0.0 ] } },
{ "type": "Feature", "properties": { "fid": 1020, "编号": "XJ0326", "乡镇": "西集镇", "村": null, "24越冬基数": null, "25点围环情况": null, "25年成虫危害程度": "无", "24年危害程度": "无", "面积": null, "24年杨扇杨小发生": null, "23年杨扇杨小发生": null, "19年危害程度": "无", "25年越冬基数调查": null, "2025年幼虫危害程度": "无" }, "geometry": { "type": "Point", "coordinates": [ 13004479.004085898399353, 4836193.665824737399817, 0.0 ] } },
{ "type": "Feature", "properties": { "fid": 1021, "编号": "XJ0329", "乡镇": "西集镇", "村": null, "24越冬基数": null, "25点围环情况": null, "25年成虫危害程度": "无", "24年危害程度": "无", "面积": null, "24年杨扇杨小发生": null, "23年杨扇杨小发生": null, "19年危害程度": "无", "25年越冬基数调查": null, "2025年幼虫危害程度": "无" }, "geometry": { "type": "Point", "coordinates": [ 13004259.880595324561, 4836073.534539291635156, 0.0 ] } },
{ "type": "Feature", "properties": { "fid": 1022, "编号": "XJ0553", "乡镇": "西集镇", "村": null, "24越冬基数": null, "25点围环情况": null, "25年成虫危害程度": "无", "24年危害程度": "无", "面积": null, "24年杨扇杨小发生": null, "23年杨扇杨小发生": null, "19年危害程度": "无", "25年越冬基数调查": null, "2025年幼虫危害程度": "无" }, "geometry": { "type": "Point", "coordinates": [ 13003877.908082908019423, 4835778.087034093216062, 0.0 ] } },
{ "type": "Feature", "properties": { "fid": 1023, "编号": "XJ0340", "乡镇": "西集镇", "村": null, "24越冬基数": null, "25点围环情况": null, "25年成虫危害程度": "无", "24年危害程度": "无", "面积": null, "24年杨扇杨小发生": null, "23年杨扇杨小发生": null, "19年危害程度": "无", "25年越冬基数调查": null, "2025年幼虫危害程度": "无" }, "geometry": { "type": "Point", "coordinates": [ 13003991.537062300369143, 4835699.099046422168612, 0.0 ] } },
{ "type": "Feature", "properties": { "fid": 1024, "编号": "XJ0331", "乡镇": "西集镇", "村": null, "24越冬基数": null, "25点围环情况": null, "25年成虫危害程度": "无", "24年危害程度": "无", "面积": null, "24年杨扇杨小发生": null, "23年杨扇杨小发生": null, "19年危害程度": "无", "25年越冬基数调查": null, "2025年幼虫危害程度": "无" }, "geometry": { "type": "Point", "coordinates": [ 13004411.494131956249475, 4834339.9699712311849, 0.0 ] } },
{ "type": "Feature", "properties": { "fid": 1025, "编号": "XJ0542", "乡镇": "西集镇", "村": null, "24越冬基数": null, "25点围环情况": null, "25年成虫危害程度": "无", "24年危害程度": "无", "面积": null, "24年杨扇杨小发生": null, "23年杨扇杨小发生": null, "19年危害程度": "无", "25年越冬基数调查": null, "2025年幼虫危害程度": "无" }, "geometry": { "type": "Point", "coordinates": [ 13004913.630705466493964, 4833920.13656563218683, 0.0 ] } },
{ "type": "Feature", "properties": { "fid": 1026, "编号": "XJ0320", "乡镇": "西集镇", "村": null, "24越冬基数": null, "25点围环情况": null, "25年成虫危害程度": "无", "24年危害程度": "无", "面积": 20.5, "24年杨扇杨小发生": null, "23年杨扇杨小发生": null, "19年危害程度": "轻", "25年越冬基数调查": null, "2025年幼虫危害程度": "无" }, "geometry": { "type": "Point", "coordinates": [ 13004947.719622218981385, 4833893.085560100153089, 0.0 ] } },
{ "type": "Feature", "properties": { "fid": 1027, "编号": "XJ0315", "乡镇": "西集镇", "村": null, "24越冬基数": null, "25点围环情况": null, "25年成虫危害程度": "无", "24年危害程度": "无", "面积": null, "24年杨扇杨小发生": null, "23年杨扇杨小发生": null, "19年危害程度": "无", "25年越冬基数调查": null, "2025年幼虫危害程度": "无" }, "geometry": { "type": "Point", "coordinates": [ 13004850.872082859277725, 4833845.465284957550466, 0.0 ] } },
{ "type": "Feature", "properties": { "fid": 1028, "编号": "XJ0544", "乡镇": "西集镇", "村": null, "24越冬基数": null, "25点围环情况": null, "25年成虫危害程度": "无", "24年危害程度": "无", "面积": null, "24年杨扇杨小发生": null, "23年杨扇杨小发生": null, "19年危害程度": "无", "25年越冬基数调查": null, "2025年幼虫危害程度": "无" }, "geometry": { "type": "Point", "coordinates": [ 13004837.459337582811713, 4840268.997232210822403, 0.0 ] } },
{ "type": "Feature", "properties": { "fid": 1029, "编号": "XJ0192", "乡镇": "西集镇", "村": null, "24越冬基数": null, "25点围环情况": null, "25年成虫危害程度": "无", "24年危害程度": "无", "面积": null, "24年杨扇杨小发生": null, "23年杨扇杨小发生": null, "19年危害程度": "无", "25年越冬基数调查": null, "2025年幼虫危害程度": "无" }, "geometry": { "type": "Point", "coordinates": [ 13005707.67649170383811, 4837503.127355757169425, 0.0 ] } },
{ "type": "Feature", "properties": { "fid": 1030, "编号": "XJ0214", "乡镇": "西集镇", "村": null, "24越冬基数": null, "25点围环情况": null, "25年成虫危害程度": "无", "24年危害程度": "无", "面积": null, "24年杨扇杨小发生": null, "23年杨扇杨小发生": null, "19年危害程度": "无", "25年越冬基数调查": null, "2025年幼虫危害程度": "无" }, "geometry": { "type": "Point", "coordinates": [ 13002500.795498056337237, 4837300.553783122450113, 0.0 ] } },
{ "type": "Feature", "properties": { "fid": 1031, "编号": "XJ0012", "乡镇": "西集镇", "村": null, "24越冬基数": null, "25点围环情况": null, "25年成虫危害程度": "无", "24年危害程度": "无", "面积": null, "24年杨扇杨小发生": "无", "23年杨扇杨小发生": "无", "19年危害程度": "无", "25年越冬基数调查": null, "2025年幼虫危害程度": "无" }, "geometry": { "type": "Point", "coordinates": [ 13006136.635664399713278, 4839091.725249982438982, 0.0 ] } },
{ "type": "Feature", "properties": { "fid": 1032, "编号": "XJ0600", "乡镇": "西集镇", "村": null, "24越冬基数": null, "25点围环情况": null, "25年成虫危害程度": "无", "24年危害程度": "无", "面积": null, "24年杨扇杨小发生": null, "23年杨扇杨小发生": null, "19年危害程度": "无", "25年越冬基数调查": null, "2025年幼虫危害程度": "无" }, "geometry": { "type": "Point", "coordinates": [ 13006241.713282881304622, 4837424.16755388583988, 0.0 ] } },
{ "type": "Feature", "properties": { "fid": 1033, "编号": "XJ0231", "乡镇": "西集镇", "村": null, "24越冬基数": null, "25点围环情况": null, "25年成虫危害程度": "无", "24年危害程度": "无", "面积": null, "24年杨扇杨小发生": null, "23年杨扇杨小发生": null, "19年危害程度": "无", "25年越冬基数调查": null, "2025年幼虫危害程度": "无" }, "geometry": { "type": "Point", "coordinates": [ 13007626.299918442964554, 4837419.931853084824979, 0.0 ] } },
{ "type": "Feature", "properties": { "fid": 1034, "编号": "XJ0002", "乡镇": "西集镇", "村": null, "24越冬基数": null, "25点围环情况": null, "25年成虫危害程度": "无", "24年危害程度": "无", "面积": null, "24年杨扇杨小发生": null, "23年杨扇杨小发生": null, "19年危害程度": "无", "25年越冬基数调查": null, "2025年幼虫危害程度": "无" }, "geometry": { "type": "Point", "coordinates": [ 13007621.942243358120322, 4837858.194855687208474, 0.0 ] } },
{ "type": "Feature", "properties": { "fid": 1035, "编号": "XJ0003", "乡镇": "西集镇", "村": null, "24越冬基数": null, "25点围环情况": null, "25年成虫危害程度": "无", "24年危害程度": "无", "面积": null, "24年杨扇杨小发生": null, "23年杨扇杨小发生": null, "19年危害程度": "无", "25年越冬基数调查": null, "2025年幼虫危害程度": "无" }, "geometry": { "type": "Point", "coordinates": [ 13007878.402637103572488, 4837927.468473707325757, 0.0 ] } },
{ "type": "Feature", "properties": { "fid": 1036, "编号": "XJ0226", "乡镇": "西集镇", "村": null, "24越冬基数": null, "25点围环情况": null, "25年成虫危害程度": "无", "24年危害程度": "无", "面积": null, "24年杨扇杨小发生": null, "23年杨扇杨小发生": null, "19年危害程度": "无", "25年越冬基数调查": null, "2025年幼虫危害程度": "无" }, "geometry": { "type": "Point", "coordinates": [ 13008715.937187418341637, 4838449.112069025635719, 0.0 ] } },
{ "type": "Feature", "properties": { "fid": 1037, "编号": "XJ0187", "乡镇": "西集镇", "村": null, "24越冬基数": null, "25点围环情况": "黑", "25年成虫危害程度": "黑点", "24年危害程度": "无", "面积": null, "24年杨扇杨小发生": null, "23年杨扇杨小发生": null, "19年危害程度": "无", "25年越冬基数调查": null, "2025年幼虫危害程度": "无" }, "geometry": { "type": "Point", "coordinates": [ 13009632.437013044953346, 4839425.797323756851256, 0.0 ] } },
{ "type": "Feature", "properties": { "fid": 1038, "编号": "XJ0182", "乡镇": "西集镇", "村": null, "24越冬基数": null, "25点围环情况": null, "25年成虫危害程度": "无", "24年危害程度": "无", "面积": null, "24年杨扇杨小发生": null, "23年杨扇杨小发生": null, "19年危害程度": "无", "25年越冬基数调查": null, "2025年幼虫危害程度": "无" }, "geometry": { "type": "Point", "coordinates": [ 13011224.754132568836212, 4840003.221375122666359, 0.0 ] } },
{ "type": "Feature", "properties": { "fid": 1039, "编号": "XJ0155", "乡镇": "西集镇", "村": null, "24越冬基数": null, "25点围环情况": null, "25年成虫危害程度": "无", "24年危害程度": "无", "面积": null, "24年杨扇杨小发生": null, "23年杨扇杨小发生": null, "19年危害程度": "", "25年越冬基数调查": null, "2025年幼虫危害程度": "无" }, "geometry": { "type": "Point", "coordinates": [ 13009078.72202617675066, 4842506.047808859497309, 0.0 ] } },
{ "type": "Feature", "properties": { "fid": 1040, "编号": "XJ0153", "乡镇": "西集镇", "村": null, "24越冬基数": null, "25点围环情况": null, "25年成虫危害程度": "无", "24年危害程度": "无", "面积": null, "24年杨扇杨小发生": null, "23年杨扇杨小发生": null, "19年危害程度": "无", "25年越冬基数调查": null, "2025年幼虫危害程度": "无" }, "geometry": { "type": "Point", "coordinates": [ 13012765.635664636269212, 4841097.35988446418196, 0.0 ] } },
{ "type": "Feature", "properties": { "fid": 1041, "编号": "XJ0175", "乡镇": "西集镇", "村": null, "24越冬基数": null, "25点围环情况": null, "25年成虫危害程度": "无", "24年危害程度": "无", "面积": null, "24年杨扇杨小发生": null, "23年杨扇杨小发生": null, "19年危害程度": "无", "25年越冬基数调查": null, "2025年幼虫危害程度": "无" }, "geometry": { "type": "Point", "coordinates": [ 13012690.156419228762388, 4837041.525288181379437, 0.0 ] } },
{ "type": "Feature", "properties": { "fid": 1042, "编号": "XJ0107", "乡镇": "西集镇", "村": null, "24越冬基数": null, "25点围环情况": null, "25年成虫危害程度": "无", "24年危害程度": "无", "面积": null, "24年杨扇杨小发生": null, "23年杨扇杨小发生": null, "19年危害程度": "无", "25年越冬基数调查": null, "2025年幼虫危害程度": "无" }, "geometry": { "type": "Point", "coordinates": [ 13016235.242383254691958, 4836665.181141936220229, 0.0 ] } },
{ "type": "Feature", "properties": { "fid": 1043, "编号": "XJ0516", "乡镇": "西集镇", "村": null, "24越冬基数": null, "25点围环情况": null, "25年成虫危害程度": "无", "24年危害程度": "无", "面积": null, "24年杨扇杨小发生": null, "23年杨扇杨小发生": null, "19年危害程度": "无", "25年越冬基数调查": null, "2025年幼虫危害程度": "无" }, "geometry": { "type": "Point", "coordinates": [ 13016191.941020658239722, 4836907.575749663636088, 0.0 ] } },
{ "type": "Feature", "properties": { "fid": 1044, "编号": "XJ0306", "乡镇": "西集镇", "村": null, "24越冬基数": null, "25点围环情况": null, "25年成虫危害程度": "无", "24年危害程度": "无", "面积": null, "24年杨扇杨小发生": null, "23年杨扇杨小发生": null, "19年危害程度": "无", "25年越冬基数调查": null, "2025年幼虫危害程度": "无" }, "geometry": { "type": "Point", "coordinates": [ 13007397.345429392531514, 4833944.934686418622732, 0.0 ] } },
{ "type": "Feature", "properties": { "fid": 1046, "编号": "YL0421", "乡镇": "永乐店镇", "村": "柴厂屯村", "24越冬基数": null, "25点围环情况": null, "25年成虫危害程度": "无", "24年危害程度": "无", "面积": null, "24年杨扇杨小发生": null, "23年杨扇杨小发生": null, "19年危害程度": "无", "25年越冬基数调查": null, "2025年幼虫危害程度": "无" }, "geometry": { "type": "Point", "coordinates": [ 12997565.484576728194952, 4813791.483141575008631, 0.0 ] } },
{ "type": "Feature", "properties": { "fid": 1047, "编号": "SZ0004", "乡镇": "宋庄镇", "村": "翟里村", "24越冬基数": null, "25点围环情况": null, "25年成虫危害程度": "无", "24年危害程度": "无", "面积": null, "24年杨扇杨小发生": null, "23年杨扇杨小发生": null, "19年危害程度": "无", "25年越冬基数调查": null, "2025年幼虫危害程度": "黑" }, "geometry": { "type": "Point", "coordinates": [ 12995263.570585472509265, 4865827.765000274404883, 0.0 ] } },
{ "type": "Feature", "properties": { "fid": 1048, "编号": "SZ0009", "乡镇": "宋庄镇", "村": "翟里村", "24越冬基数": null, "25点围环情况": null, "25年成虫危害程度": "无", "24年危害程度": "无", "面积": null, "24年杨扇杨小发生": null, "23年杨扇杨小发生": null, "19年危害程度": "无", "25年越冬基数调查": null, "2025年幼虫危害程度": "无" }, "geometry": { "type": "Point", "coordinates": [ 12994760.382949950173497, 4866003.069457377307117, 0.0 ] } },
{ "type": "Feature", "properties": { "fid": 1049, "编号": "YL0133", "乡镇": "永乐店镇", "村": "熬硝营村", "24越冬基数": null, "25点围环情况": null, "25年成虫危害程度": "无", "24年危害程度": "无", "面积": null, "24年杨扇杨小发生": null, "23年杨扇杨小发生": null, "19年危害程度": "无", "25年越冬基数调查": null, "2025年幼虫危害程度": "轻" }, "geometry": { "type": "Point", "coordinates": [ 12997775.537585707381368, 4809267.36262249480933, 0.0 ] } },
{ "type": "Feature", "properties": { "fid": 1050, "编号": "MQ0100", "乡镇": "马驹桥镇", "村": null, "24越冬基数": null, "25点围环情况": null, "25年成虫危害程度": null, "24年危害程度": "无", "面积": null, "24年杨扇杨小发生": null, "23年杨扇杨小发生": null, "19年危害程度": "无", "25年越冬基数调查": null, "2025年幼虫危害程度": "无" }, "geometry": { "type": "Point", "coordinates": [ 12988121.342777214944363, 4822885.891779327765107, 0.0 ] } },
{ "type": "Feature", "properties": { "fid": 1051, "编号": "MQ0101", "乡镇": "马驹桥镇", "村": null, "24越冬基数": null, "25点围环情况": null, "25年成虫危害程度": null, "24年危害程度": "无", "面积": null, "24年杨扇杨小发生": null, "23年杨扇杨小发生": null, "19年危害程度": "无", "25年越冬基数调查": null, "2025年幼虫危害程度": "无" }, "geometry": { "type": "Point", "coordinates": [ 12987934.279074270278215, 4822740.397788149304688, 0.0 ] } },
{ "type": "Feature", "properties": { "fid": 1052, "编号": "MQ0102", "乡镇": "马驹桥镇", "村": null, "24越冬基数": null, "25点围环情况": null, "25年成虫危害程度": null, "24年危害程度": "无", "面积": null, "24年杨扇杨小发生": null, "23年杨扇杨小发生": null, "19年危害程度": "无", "25年越冬基数调查": null, "2025年幼虫危害程度": "无" }, "geometry": { "type": "Point", "coordinates": [ 12987079.501876097172499, 4822379.260917188599706, 0.0 ] } },
{ "type": "Feature", "properties": { "fid": 1053, "编号": "MQ0103", "乡镇": "马驹桥镇", "村": null, "24越冬基数": null, "25点围环情况": null, "25年成虫危害程度": null, "24年危害程度": "无", "面积": null, "24年杨扇杨小发生": null, "23年杨扇杨小发生": null, "19年危害程度": "无", "25年越冬基数调查": null, "2025年幼虫危害程度": "无" }, "geometry": { "type": "Point", "coordinates": [ 12985826.040304781869054, 4823084.3977060476318, 0.0 ] } },
{ "type": "Feature", "properties": { "fid": 1054, "编号": "MQ0104", "乡镇": "马驹桥镇", "村": null, "24越冬基数": null, "25点围环情况": null, "25年成虫危害程度": null, "24年危害程度": "无", "面积": null, "24年杨扇杨小发生": null, "23年杨扇杨小发生": null, "19年危害程度": "无", "25年越冬基数调查": null, "2025年幼虫危害程度": "无" }, "geometry": { "type": "Point", "coordinates": [ 12986681.106430349871516, 4823894.871526243165135, 0.0 ] } },
{ "type": "Feature", "properties": { "fid": 1055, "编号": "MQ0105", "乡镇": "马驹桥镇", "村": null, "24越冬基数": null, "25点围环情况": null, "25年成虫危害程度": null, "24年危害程度": "无", "面积": null, "24年杨扇杨小发生": null, "23年杨扇杨小发生": null, "19年危害程度": "无", "25年越冬基数调查": null, "2025年幼虫危害程度": "无" }, "geometry": { "type": "Point", "coordinates": [ 12986710.106320098042488, 4825611.592847636900842, 0.0 ] } },
{ "type": "Feature", "properties": { "fid": 1056, "编号": "MQ0106", "乡镇": "马驹桥镇", "村": null, "24越冬基数": null, "25点围环情况": null, "25年成虫危害程度": null, "24年危害程度": "无", "面积": null, "24年杨扇杨小发生": null, "23年杨扇杨小发生": null, "19年危害程度": "无", "25年越冬基数调查": null, "2025年幼虫危害程度": "无" }, "geometry": { "type": "Point", "coordinates": [ 12985070.402622722089291, 4826057.956631922163069, 0.0 ] } },
{ "type": "Feature", "properties": { "fid": 1057, "编号": "MQ0107", "乡镇": "马驹桥镇", "村": null, "24越冬基数": null, "25点围环情况": null, "25年成虫危害程度": null, "24年危害程度": "无", "面积": null, "24年杨扇杨小发生": null, "23年杨扇杨小发生": null, "19年危害程度": "无", "25年越冬基数调查": null, "2025年幼虫危害程度": "无" }, "geometry": { "type": "Point", "coordinates": [ 12986281.752588618546724, 4826325.600360186770558, 0.0 ] } },
{ "type": "Feature", "properties": { "fid": 1058, "编号": "MQ0108", "乡镇": "马驹桥镇", "村": null, "24越冬基数": null, "25点围环情况": null, "25年成虫危害程度": null, "24年危害程度": "无", "面积": null, "24年杨扇杨小发生": null, "23年杨扇杨小发生": null, "19年危害程度": "无", "25年越冬基数调查": null, "2025年幼虫危害程度": "无" }, "geometry": { "type": "Point", "coordinates": [ 12984140.715434154495597, 4826876.320625694468617, 0.0 ] } },
{ "type": "Feature", "properties": { "fid": 1059, "编号": "MQ0109", "乡镇": "马驹桥镇", "村": null, "24越冬基数": null, "25点围环情况": null, "25年成虫危害程度": null, "24年危害程度": "无", "面积": null, "24年杨扇杨小发生": null, "23年杨扇杨小发生": null, "19年危害程度": "无", "25年越冬基数调查": null, "2025年幼虫危害程度": "无" }, "geometry": { "type": "Point", "coordinates": [ 12982532.065069740638137, 4827796.599417350254953, 0.0 ] } },
{ "type": "Feature", "properties": { "fid": 1060, "编号": "HX0601", "乡镇": "漷县镇", "村": null, "24越冬基数": null, "25点围环情况": null, "25年成虫危害程度": null, "24年危害程度": "无", "面积": null, "24年杨扇杨小发生": null, "23年杨扇杨小发生": null, "19年危害程度": "无", "25年越冬基数调查": null, "2025年幼虫危害程度": "无" }, "geometry": { "type": "Point", "coordinates": [ 12994717.025845389813185, 4830624.251356940716505, 0.0 ] } },
{ "type": "Feature", "properties": { "fid": 1061, "编号": "HX0602", "乡镇": "漷县镇", "村": null, "24越冬基数": null, "25点围环情况": null, "25年成虫危害程度": null, "24年危害程度": "无", "面积": null, "24年杨扇杨小发生": null, "23年杨扇杨小发生": null, "19年危害程度": "无", "25年越冬基数调查": null, "2025年幼虫危害程度": "无" }, "geometry": { "type": "Point", "coordinates": [ 12995592.591113097965717, 4830136.117461021058261, 0.0 ] } },
{ "type": "Feature", "properties": { "fid": 1062, "编号": "HX0603", "乡镇": "漷县镇", "村": null, "24越冬基数": null, "25点围环情况": null, "25年成虫危害程度": null, "24年危害程度": "无", "面积": null, "24年杨扇杨小发生": null, "23年杨扇杨小发生": null, "19年危害程度": "无", "25年越冬基数调查": null, "2025年幼虫危害程度": "无" }, "geometry": { "type": "Point", "coordinates": [ 12996241.537912525236607, 4831013.157099056057632, 0.0 ] } },
{ "type": "Feature", "properties": { "fid": 1063, "编号": "HX0604", "乡镇": "漷县镇", "村": null, "24越冬基数": null, "25点围环情况": null, "25年成虫危害程度": null, "24年危害程度": "无", "面积": null, "24年杨扇杨小发生": null, "23年杨扇杨小发生": null, "19年危害程度": "无", "25年越冬基数调查": null, "2025年幼虫危害程度": "无" }, "geometry": { "type": "Point", "coordinates": [ 12997855.27615081332624, 4830828.347027044743299, 0.0 ] } },
{ "type": "Feature", "properties": { "fid": 1064, "编号": "HX0605", "乡镇": "漷县镇", "村": null, "24越冬基数": null, "25点围环情况": null, "25年成虫危害程度": null, "24年危害程度": "无", "面积": null, "24年杨扇杨小发生": null, "23年杨扇杨小发生": null, "19年危害程度": "无", "25年越冬基数调查": null, "2025年幼虫危害程度": "无" }, "geometry": { "type": "Point", "coordinates": [ 12998205.258706886321306, 4827224.327650557272136, 0.0 ] } },
{ "type": "Feature", "properties": { "fid": 1065, "编号": "HX0606", "乡镇": "漷县镇", "村": null, "24越冬基数": null, "25点围环情况": null, "25年成虫危害程度": null, "24年危害程度": "无", "面积": null, "24年杨扇杨小发生": null, "23年杨扇杨小发生": null, "19年危害程度": "无", "25年越冬基数调查": null, "2025年幼虫危害程度": "无" }, "geometry": { "type": "Point", "coordinates": [ 12997310.85625047981739, 4826360.980834999121726, 0.0 ] } },
{ "type": "Feature", "properties": { "fid": 1066, "编号": "HX0607", "乡镇": "漷县镇", "村": null, "24越冬基数": null, "25点围环情况": null, "25年成虫危害程度": null, "24年危害程度": "无", "面积": null, "24年杨扇杨小发生": null, "23年杨扇杨小发生": null, "19年危害程度": "无", "25年越冬基数调查": null, "2025年幼虫危害程度": "无" }, "geometry": { "type": "Point", "coordinates": [ 12997964.118302591145039, 4825122.981594339944422, 0.0 ] } },
{ "type": "Feature", "properties": { "fid": 1067, "编号": "HX0608", "乡镇": "漷县镇", "村": null, "24越冬基数": null, "25点围环情况": null, "25年成虫危害程度": null, "24年危害程度": "无", "面积": null, "24年杨扇杨小发生": null, "23年杨扇杨小发生": null, "19年危害程度": "无", "25年越冬基数调查": null, "2025年幼虫危害程度": "无" }, "geometry": { "type": "Point", "coordinates": [ 12996025.971486235037446, 4825280.839706079103053, 0.0 ] } },
{ "type": "Feature", "properties": { "fid": 1068, "编号": "HX0609", "乡镇": "漷县镇", "村": null, "24越冬基数": null, "25点围环情况": null, "25年成虫危害程度": null, "24年危害程度": "无", "面积": null, "24年杨扇杨小发生": null, "23年杨扇杨小发生": null, "19年危害程度": "无", "25年越冬基数调查": null, "2025年幼虫危害程度": "无" }, "geometry": { "type": "Point", "coordinates": [ 12996263.489177405834198, 4824232.676954228430986, 0.0 ] } }
]
}
