{
"type": "FeatureCollection",
"name": "通州区边界",
"crs": { "type": "name", "properties": { "name": "urn:ogc:def:crs:EPSG::3857" } },
"features": [
{ "type": "Feature", "properties": { "fid": 1, "区域": "宋庄镇", "分类": "乡镇" }, "geometry": { "type": "MultiPolygon", "coordinates": [ [ [ [ 12978671.382314641028643, 4868474.62608780618757 ], [ 12978796.665190799161792, 4868726.042429368011653 ], [ 12979199.16844978928566, 4868670.035159929655492 ], [ 12979419.191609095782042, 4869475.903796861879528 ], [ 12979426.265772940590978, 4870063.059395937249064 ], [ 12979900.23475050739944, 4870190.394345134496689 ], [ 12979977.424124866724014, 4870426.18746252451092 ], [ 12980812.801886420696974, 4870480.435062750242651 ], [ 12980756.208575665950775, 4869999.391921338625252 ], [ 12981088.694276345893741, 4869964.021102117374539 ], [ 12981265.548372453078628, 4869765.944514477625489 ], [ 12981371.660830117762089, 4869192.937243090942502 ], [ 12981728.509502971544862, 4869308.067137308418751 ], [ 12981994.187248414382339, 4869178.788915402255952 ], [ 12982142.744689144194126, 4869207.085570779629052 ], [ 12982206.412163741886616, 4869044.379802361130714 ], [ 12982553.046192113310099, 4869072.676457737572491 ], [ 12982560.12035595625639, 4869284.901373066008091 ], [ 12982786.493598973378539, 4869348.568847664631903 ], [ 12982913.828548170626163, 4869030.231474672444165 ], [ 12983062.385988900437951, 4869058.528130049817264 ], [ 12983140.201791187748313, 4868825.080723187886178 ], [ 12983422.932525852695107, 4869030.679427049122751 ], [ 12983776.128799045458436, 4869133.22028055600822 ], [ 12984537.349150432273746, 4869617.387073747813702 ], [ 12984827.38986804895103, 4869652.757892969064415 ], [ 12984784.944884981960058, 4869171.714751558378339 ], [ 12985273.062190238386393, 4868747.264920901507139 ], [ 12985803.624478558078408, 4869086.824785426259041 ], [ 12986001.701066199690104, 4868726.042429368011653 ], [ 12986277.59345612488687, 4868711.894101679325104 ], [ 12986369.557586101815104, 4868202.554304891265929 ], [ 12986648.987057952210307, 4868153.035157981328666 ], [ 12986740.951187927275896, 4867806.401129611767828 ], [ 12986995.621086321771145, 4868032.774372628889978 ], [ 12987264.439312404021621, 4868089.367683382704854 ], [ 12987444.812668975442648, 4868039.451176477596164 ], [ 12987710.111634593456984, 4867884.21693189907819 ], [ 12988346.786380579695106, 4867997.403553407639265 ], [ 12988474.12132977694273, 4867771.030310390517116 ], [ 12988665.123753571882844, 4867693.214508103206754 ], [ 12988643.901262039318681, 4867367.802971266210079 ], [ 12988823.417477240785956, 4867105.190066743642092 ], [ 12988990.535290408879519, 4867219.245530536398292 ], [ 12988735.86539201438427, 4868358.185909465886652 ], [ 12988827.829521991312504, 4868414.779220219701529 ], [ 12988962.238635031506419, 4868287.444271022453904 ], [ 12989323.020991090685129, 4868400.630892531014979 ], [ 12989457.430104130879045, 4868216.702632579952478 ], [ 12989860.657443255186081, 4868252.073451801203191 ], [ 12990306.329765444621444, 4868584.559152483008802 ], [ 12990497.332189241424203, 4868803.858231655322015 ], [ 12990744.927923791110516, 4868959.489836229942739 ], [ 12990783.835824932903051, 4869371.559880158863962 ], [ 12991038.5057233273983, 4869597.933123175986111 ], [ 12991335.620604787021875, 4869803.083874659612775 ], [ 12992014.740333838388324, 4869385.708207847550511 ], [ 12992156.223610723391175, 4868840.997591838240623 ], [ 12992474.560983717441559, 4868890.516738748177886 ], [ 12992425.041836807504296, 4869194.705784051679075 ], [ 12992884.862486684694886, 4869039.074179477989674 ], [ 12992948.529961284250021, 4869428.153190912678838 ], [ 12993281.015661964192986, 4869442.301518601365387 ], [ 12993316.386481186375022, 4869237.150767117738724 ], [ 12993575.571649556979537, 4869138.418530056253076 ], [ 12993754.984639531001449, 4869194.705784051679075 ], [ 12993776.207131063565612, 4869590.858959331177175 ], [ 12993953.061227170750499, 4869725.268072373233736 ], [ 12994327.991910917684436, 4869689.8972531510517 ], [ 12994306.769419385120273, 4869887.973840791732073 ], [ 12994462.401023959740996, 4869965.789643078111112 ], [ 12994893.925018461421132, 4869937.492987701669335 ], [ 12994950.518329214304686, 4869781.861383127048612 ], [ 12995233.484882986173034, 4869817.232202348299325 ], [ 12995261.781538363546133, 4869612.081450864672661 ], [ 12995474.00645369105041, 4869626.22977855335921 ], [ 12995403.264815248548985, 4869138.112473297864199 ], [ 12995714.528024397790432, 4869116.889981764368713 ], [ 12995870.159628970548511, 4868798.552608772180974 ], [ 12996018.717069702222943, 4868487.28939962387085 ], [ 12996266.312804248183966, 4868216.702632580883801 ], [ 12997221.324923226609826, 4868315.740926400758326 ], [ 12998289.523663712665439, 4868160.109321826137602 ], [ 12997942.889635343104601, 4867403.173790488392115 ], [ 12998339.042810622602701, 4866823.092355257831514 ], [ 12998579.564381327480078, 4866398.642524600960314 ], [ 12998501.748579040169716, 4865406.491045440547168 ], [ 12998699.825166679918766, 4865180.117802423425019 ], [ 12998713.973494369536638, 4864930.753526912070811 ], [ 12998315.794972706586123, 4864470.177855021320283 ], [ 12998049.002093007788062, 4864350.67209168151021 ], [ 12997914.592979965731502, 4863478.781397873535752 ], [ 12997638.70059003867209, 4863167.518188725225627 ], [ 12997475.994821621105075, 4862891.625798798166215 ], [ 12997589.181443128734827, 4862530.843442739918828 ], [ 12997539.662296218797565, 4861901.242860599420965 ], [ 12997419.401510866358876, 4861639.498798361048102 ], [ 12996952.50669714435935, 4861476.793029942549765 ], [ 12996761.504273347556591, 4861257.493950769305229 ], [ 12996570.501849552616477, 4860923.239709127694368 ], [ 12996528.056866487488151, 4860521.780910964123905 ], [ 12996655.39181568287313, 4860074.340047813951969 ], [ 12997023.248335586860776, 4859798.447657886892557 ], [ 12997143.509120939299464, 4859982.375917837955058 ], [ 12997808.48052230104804, 4859593.296906402334571 ], [ 12998367.339466, 4859465.961957206018269 ], [ 12998296.597827557474375, 4860286.564963142387569 ], [ 12998508.822742884978652, 4859876.263460174202919 ], [ 12998947.420901231467724, 4859536.703595648519695 ], [ 12998897.901754319667816, 4858990.224438677541912 ], [ 12999393.093223420903087, 4858346.475528848357499 ], [ 12999499.205681085586548, 4857743.403061123564839 ], [ 12999722.041842181235552, 4857669.124340758658946 ], [ 12999707.89351449161768, 4857014.764185162261128 ], [ 12999920.118429820984602, 4856982.930447863414884 ], [ 12999990.860068263486028, 4856791.928024067543447 ], [ 12999502.742763008922338, 4856717.649303702637553 ], [ 12999417.852796876803041, 4856431.14566800929606 ], [ 12999322.351584978401661, 4856286.12530920188874 ], [ 12999240.998700769618154, 4855574.287572370842099 ], [ 12999340.036994589492679, 4854961.488129359669983 ], [ 12999534.576500307768583, 4854331.88754721917212 ], [ 12999566.369689268991351, 4853611.097961249761283 ], [ 12999540.01741861552, 4853189.461630800738931 ], [ 12999248.07286461442709, 4853039.968375157564878 ], [ 12999290.517847679555416, 4852661.500609488226473 ], [ 12999605.318138750270009, 4852183.994549999013543 ], [ 12999619.466466438025236, 4851975.306716592982411 ], [ 12999552.261909918859601, 4851779.882940394803882 ], [ 12998625.54644631780684, 4851903.680807669647038 ], [ 12997854.462587291374803, 4852002.719101489521563 ], [ 12997836.777177680283785, 4851825.865005382336676 ], [ 12997578.570197364315391, 4851970.885364190675318 ], [ 12997292.066561670973897, 4851939.051626890897751 ], [ 12997016.174171743914485, 4851868.309988448396325 ], [ 12996697.836798751726747, 4851797.568350005894899 ], [ 12996658.928897608071566, 4851956.737036501988769 ], [ 12996351.202770380303264, 4851974.422446112148464 ], [ 12996252.164476562291384, 4853010.787449299357831 ], [ 12995544.748092135414481, 4853534.275573776103556 ], [ 12995332.523176806047559, 4853923.35458521079272 ], [ 12995183.965736076235771, 4854354.878579712472856 ], [ 12995191.039899921044707, 4854934.960014943033457 ], [ 12994706.459676587954164, 4854972.099375125952065 ], [ 12994671.088857365772128, 4855424.845861159265041 ], [ 12993815.115032209083438, 4855134.805143544450402 ], [ 12992909.62206014059484, 4854837.690262084826827 ], [ 12992548.83970408141613, 4854943.802719748578966 ], [ 12992591.284687148407102, 4855438.994188847951591 ], [ 12992831.806257853284478, 4855997.853132546879351 ], [ 12992449.801410261541605, 4855983.704804858192801 ], [ 12992098.206461509689689, 4855912.784871874377131 ], [ 12991777.755845054984093, 4856089.81726252194494 ], [ 12991410.636946192011237, 4856092.862602076493204 ], [ 12991042.042805250734091, 4855983.704804858192801 ], [ 12990769.687497243285179, 4857711.569323823787272 ], [ 12989234.593943035230041, 4857711.569323823787272 ], [ 12989581.227971404790878, 4858341.169905964285135 ], [ 12988859.663259288296103, 4858723.174753555096686 ], [ 12988606.207806205376983, 4858750.175274333916605 ], [ 12988612.067524738609791, 4859211.292058810591698 ], [ 12988385.694281721487641, 4859359.849499540403485 ], [ 12987713.648716514930129, 4859642.816053312271833 ], [ 12987147.715608973056078, 4859628.667725623585284 ], [ 12986836.452399823814631, 4859664.038544844835997 ], [ 12986786.933252913877368, 4860074.340047813020647 ], [ 12986581.782501429319382, 4859649.890217156149447 ], [ 12986417.572608765214682, 4859645.305097885429859 ], [ 12986284.667619969695807, 4859430.591137983836234 ], [ 12986033.534803498536348, 4858914.177177350968122 ], [ 12985750.568249726668, 4859105.179601146839559 ], [ 12985517.12084286659956, 4858730.248917399905622 ], [ 12985347.340910602360964, 4859175.921239589340985 ], [ 12984130.584729386493564, 4858369.466561341658235 ], [ 12983939.58230559155345, 4859205.986435927450657 ], [ 12983897.137322526425123, 4860168.072718749754131 ], [ 12983791.024864861741662, 4861087.714018505997956 ], [ 12983762.728209484368563, 4861839.343926961533725 ], [ 12983621.244932599365711, 4862801.430209782905877 ], [ 12983727.357390262186527, 4863339.066661948338151 ], [ 12983232.165921162813902, 4863277.167728311382234 ], [ 12982899.680220482870936, 4863199.351926024071872 ], [ 12982772.345271285623312, 4863828.952508164569736 ], [ 12983295.833395762369037, 4863984.584112739190459 ], [ 12983515.13247493468225, 4863991.658276583068073 ], [ 12983635.393260287120938, 4864416.108107239939272 ], [ 12983989.101452501490712, 4864409.033943396061659 ], [ 12984073.99141863361001, 4864656.629677945747972 ], [ 12984024.472271721810102, 4865095.227836291305721 ], [ 12983772.703896068036556, 4865754.494652503170073 ], [ 12983288.759231917560101, 4866540.125801485031843 ], [ 12982574.268683645874262, 4866136.898462361656129 ], [ 12981867.845435151830316, 4866459.621049348264933 ], [ 12982072.0030507016927, 4866738.202389125712216 ], [ 12982241.782982964068651, 4867091.910581339150667 ], [ 12981746.591513864696026, 4867431.470445864833891 ], [ 12981007.655495634302497, 4867680.007543051615357 ], [ 12980399.588045930489898, 4867694.723932644352317 ], [ 12979688.009835178032517, 4867898.36525958776474 ], [ 12978671.382314641028643, 4868474.62608780618757 ] ] ] ] } },
{ "type": "Feature", "properties": { "fid": 2, "区域": "永顺镇", "分类": "城区" }, "geometry": { "type": "MultiPolygon", "coordinates": [ [ [ [ 12985448.147745376452804, 4858730.248917395249009 ], [ 12985709.891807613894343, 4859083.95710960868746 ], [ 12986042.377508295699954, 4858907.103013501502573 ], [ 12986417.308192042633891, 4859665.807085800915956 ], [ 12986565.865632772445679, 4859630.436266579665244 ], [ 12986664.903926592320204, 4859814.364526530727744 ], [ 12986799.313039634376764, 4860040.737769547849894 ], [ 12986848.832186544314027, 4859637.510430423542857 ], [ 12987796.770141677930951, 4859630.436266579665244 ], [ 12988327.332429997622967, 4859411.13718740735203 ], [ 12988624.447311457246542, 4859191.838108234107494 ], [ 12988638.595639146864414, 4858717.869130667299032 ], [ 12988893.265537541359663, 4858732.017458355985582 ], [ 12989183.306255156174302, 4858562.237526093609631 ], [ 12989544.088611215353012, 4858348.244069803506136 ], [ 12989430.901989705860615, 4858114.796662942506373 ], [ 12989183.306255156174302, 4857669.12434075307101 ], [ 12987037.863914728164673, 4857394.509483698755503 ], [ 12986360.714881287887692, 4857251.748673940077424 ], [ 12986240.454095935449004, 4856968.782120169140399 ], [ 12986240.454095935449004, 4856381.626521093770862 ], [ 12986035.303344450891018, 4856162.327441921457648 ], [ 12986120.193310583010316, 4855907.657543526962399 ], [ 12986473.90150279738009, 4855391.243582894094288 ], [ 12985561.334366884082556, 4855320.501944451592863 ], [ 12985455.22190922126174, 4855051.683718369342387 ], [ 12985356.18361539952457, 4854712.123853843659163 ], [ 12985370.331943089142442, 4854266.4515316542238 ], [ 12985448.147745376452804, 4853792.482554087415338 ], [ 12985462.296073064208031, 4853488.293508782982826 ], [ 12985490.59272844158113, 4853007.250367372296751 ], [ 12985066.14289778470993, 4852936.508728928864002 ], [ 12984620.386850910261273, 4852808.086021532304585 ], [ 12984142.458945224061608, 4852793.603357723914087 ], [ 12983469.015078123658895, 4852800.844689628109336 ], [ 12982962.121844820678234, 4852699.466042967513204 ], [ 12982281.43664581514895, 4852590.846064402721822 ], [ 12981430.022681824862957, 4852462.53975136205554 ], [ 12981571.505958709865808, 4852717.209649756550789 ], [ 12981486.615992579609156, 4852894.063745863735676 ], [ 12981486.615992579609156, 4853219.47528270073235 ], [ 12981720.063399439677596, 4853325.587740364484489 ], [ 12981628.099269464612007, 4853559.035147225484252 ], [ 12981628.099269464612007, 4853997.633305571042001 ], [ 12981422.948517980054021, 4853997.633305571042001 ], [ 12981316.83606031537056, 4854075.449107858352363 ], [ 12981536.135139489546418, 4854146.190746300853789 ], [ 12981387.577698759734631, 4854598.937232335098088 ], [ 12981833.250020949169993, 4854471.602283137850463 ], [ 12982498.22142231091857, 4854323.044842408038676 ], [ 12982455.776439245790243, 4854705.049689998850226 ], [ 12981804.953365571796894, 4855695.4326281985268 ], [ 12982024.252444744110107, 4855766.174266641028225 ], [ 12981812.02752941660583, 4855851.064232773147523 ], [ 12981840.324184792116284, 4856013.770001190714538 ], [ 12982420.405620023608208, 4855935.954198904335499 ], [ 12982576.037224598228931, 4857053.672086300328374 ], [ 12983007.561219099909067, 4857004.152939390391111 ], [ 12982781.187976082786918, 4857520.566900023259223 ], [ 12982576.037224598228931, 4857994.535877590067685 ], [ 12982660.927190730348229, 4858696.646639134734869 ], [ 12983304.676100559532642, 4858569.311689937487245 ], [ 12983693.755111994221807, 4858406.605921518988907 ], [ 12984104.056614963337779, 4858093.57417140994221 ], [ 12984082.834123430773616, 4858371.235102297738194 ], [ 12985356.18361539952457, 4859175.921239584684372 ], [ 12985448.147745376452804, 4858730.248917395249009 ] ] ] ] } },
{ "type": "Feature", "properties": { "fid": 3, "区域": "潞邑街道", "分类": "城区" }, "geometry": { "type": "MultiPolygon", "coordinates": [ [ [ [ 12986337.72384880296886, 4857207.535149917006493 ], [ 12986961.429042072966695, 4857361.852438651025295 ], [ 12987782.278603928163648, 4857467.390239460393786 ], [ 12988978.373679772019386, 4857643.286574143916368 ], [ 12990815.669562233611941, 4857745.171602082438767 ], [ 12990921.782019898295403, 4856924.568596145138144 ], [ 12991063.265296783298254, 4855962.482313323765993 ], [ 12991176.451918290928006, 4854632.539510598406196 ], [ 12989165.996436767280102, 4854606.143195282667875 ], [ 12987151.252690896391869, 4854646.687838287092745 ], [ 12986479.207125689834356, 4855424.845861158333719 ], [ 12986090.128114253282547, 4855941.259821790270507 ], [ 12986104.276441942900419, 4856231.300539406016469 ], [ 12986238.685554983094335, 4856401.08047166839242 ], [ 12986231.611391140148044, 4856875.049449235200882 ], [ 12986337.72384880296886, 4857207.535149917006493 ] ] ] ] } },
{ "type": "Feature", "properties": { "fid": 4, "区域": "新华街道", "分类": "城区" }, "geometry": { "type": "MultiPolygon", "coordinates": [ [ [ [ 12985425.26771917194128, 4855286.275689390487969 ], [ 12986281.296547962352633, 4855356.634223263710737 ], [ 12986984.881886694580317, 4854594.416772970929742 ], [ 12988650.033855028450489, 4854582.690350658260286 ], [ 12988732.118811214342713, 4854090.180613545700908 ], [ 12989025.27936901897192, 4853492.133075623773038 ], [ 12988274.788341037929058, 4853210.698940129950643 ], [ 12987618.108691554516554, 4852835.453426139429212 ], [ 12987383.58024531044066, 4852659.557091456837952 ], [ 12986128.853057904168963, 4852565.745712959207594 ], [ 12985401.814874546602368, 4852542.292868334800005 ], [ 12985308.003496048972011, 4853081.708294696174562 ], [ 12985237.644962176680565, 4853773.567211116664112 ], [ 12985155.560005990788341, 4854289.529792853631079 ], [ 12985214.192117551341653, 4854805.492374590598047 ], [ 12985425.26771917194128, 4855274.549267078749835 ], [ 12985425.26771917194128, 4855274.549267078749835 ], [ 12985425.26771917194128, 4855286.275689390487969 ] ] ] ] } },
{ "type": "Feature", "properties": { "fid": 5, "区域": "通运街道", "分类": "城区" }, "geometry": { "type": "MultiPolygon", "coordinates": [ [ [ [ 12988791.574432291090488, 4854672.331682219170034 ], [ 12991253.383450100198388, 4854622.812535309232771 ], [ 12991203.864303190261126, 4853936.618642413988709 ], [ 12991302.902597010135651, 4853200.905602608807385 ], [ 12991500.979184649884701, 4852429.821743581444025 ], [ 12991642.462461534887552, 4851474.809624603949487 ], [ 12991585.869150782003999, 4850823.986550929956138 ], [ 12991529.2758400272578, 4850166.089313412085176 ], [ 12990432.780444163829088, 4850724.948257110081613 ], [ 12990354.964641876518726, 4850873.505697839893401 ], [ 12990263.000511901453137, 4851121.101432389579713 ], [ 12990057.849760416895151, 4851446.512969226576388 ], [ 12989824.402353554964066, 4851722.4053591536358 ], [ 12989442.397505965083838, 4851927.556110638193786 ], [ 12988749.129449224099517, 4852359.080105138942599 ], [ 12988013.416409419849515, 4852925.013212681747973 ], [ 12988543.978697741404176, 4853285.79556873999536 ], [ 12989223.098426790907979, 4853476.797992534935474 ], [ 12988897.68688995577395, 4854170.066049274988472 ], [ 12988791.574432291090488, 4854672.331682219170034 ] ] ] ] } },
{ "type": "Feature", "properties": { "fid": 6, "区域": "潞源街道", "分类": "城区" }, "geometry": { "type": "MultiPolygon", "coordinates": [ [ [ [ 12991847.613213015720248, 4854467.180930733680725 ], [ 12994351.867213891819119, 4853908.321987035684288 ], [ 12994394.312196956947446, 4853009.903178812004626 ], [ 12994436.757180022075772, 4852698.639969663694501 ], [ 12994259.903083916753531, 4852019.520240612328053 ], [ 12994182.087281629443169, 4851616.292901488952339 ], [ 12994131.917076159268618, 4851060.548077185638249 ], [ 12994125.49397087469697, 4850569.316652535460889 ], [ 12993955.714038612321019, 4850095.347674968652427 ], [ 12993538.338371798396111, 4850031.680200370028615 ], [ 12993059.24427842348814, 4849962.807707007974386 ], [ 12992672.376338880509138, 4849892.468081636354327 ], [ 12992191.722232172265649, 4849880.744810741394758 ], [ 12992010.318981435149908, 4849989.235217303968966 ], [ 12991706.129936130717397, 4850074.125183435156941 ], [ 12991508.053348490968347, 4850300.498426452279091 ], [ 12991607.091642310842872, 4851036.211466257460415 ], [ 12991522.201676178723574, 4852161.003517498262227 ], [ 12991366.570071605965495, 4852981.606523434631526 ], [ 12991274.605941629037261, 4853872.951167814433575 ], [ 12991210.938467031344771, 4854622.812535308301449 ], [ 12991847.613213015720248, 4854467.180930733680725 ] ] ] ] } },
{ "type": "Feature", "properties": { "fid": 7, "区域": "北苑街道", "分类": "城区" }, "geometry": { "type": "MultiPolygon", "coordinates": [ [ [ [ 12981441.518198078498244, 4852477.572349530644715 ], [ 12983019.056735353544354, 4852723.399543118663132 ], [ 12983443.506566010415554, 4852776.455771951004863 ], [ 12984583.3194211255759, 4852799.839263670146465 ], [ 12985512.699490461498499, 4853038.199834189377725 ], [ 12985540.996145838871598, 4852670.343314287252724 ], [ 12985601.126538515090942, 4852270.653057085350156 ], [ 12985629.423193892464042, 4851598.607491878792644 ], [ 12985512.699490461498499, 4851326.252183873206377 ], [ 12985441.957852018997073, 4851145.861005844548345 ], [ 12985413.661196641623974, 4850845.209042462520301 ], [ 12985431.346606252714992, 4850519.797505625523627 ], [ 12985523.310736227780581, 4850321.720917985774577 ], [ 12985695.743479931727052, 4850289.887180685997009 ], [ 12985685.13223416544497, 4850155.478067644871771 ], [ 12985437.536499615758657, 4850063.513937669806182 ], [ 12985451.68482730537653, 4850155.478067644871771 ], [ 12985388.017352705821395, 4850240.368033776059747 ], [ 12984929.08097330853343, 4850215.608460321091115 ], [ 12984370.222029611468315, 4850240.368033776991069 ], [ 12984020.050919318571687, 4850219.145542243495584 ], [ 12984009.439673552289605, 4850445.518785260617733 ], [ 12984019.166648838669062, 4850799.226977474987507 ], [ 12983799.867569664493203, 4851209.528480443172157 ], [ 12983516.9010158944875, 4851870.962799883447587 ], [ 12983417.862722074612975, 4852107.947288666851819 ], [ 12983180.878233291208744, 4852288.338466695509851 ], [ 12982873.152106065303087, 4852352.005941294133663 ], [ 12981452.129443850368261, 4852373.228432827629149 ], [ 12981441.518198078498244, 4852477.572349530644715 ] ] ] ] } },
{ "type": "Feature", "properties": { "fid": 8, "区域": "中仓街道", "分类": "城区" }, "geometry": { "type": "MultiPolygon", "coordinates": [ [ [ [ 12985608.200702365487814, 4851991.223585234023631 ], [ 12985569.292801221832633, 4852557.156692776829004 ], [ 12986633.9544597864151, 4852624.361249296925962 ], [ 12987380.278745356947184, 4852634.972495063208044 ], [ 12987585.42949684150517, 4852702.177051584236324 ], [ 12987723.375691805034876, 4852779.992853871546686 ], [ 12987953.286016743630171, 4852939.161540367640555 ], [ 12988222.104242825880647, 4852744.622034650295973 ], [ 12988497.996632752940059, 4852585.453348153270781 ], [ 12988865.140367774292827, 4852303.415798623114824 ], [ 12989781.957370489835739, 4851736.553686839528382 ], [ 12989612.177438227459788, 4851481.883788445964456 ], [ 12989272.627779243513942, 4851346.153672653250396 ], [ 12988943.668954942375422, 4851198.91723467502743 ], [ 12988147.193773295730352, 4851053.071900270879269 ], [ 12987688.00487258285284, 4850933.6360905142501 ], [ 12987021.759767347946763, 4850877.222836841829121 ], [ 12986375.747479468584061, 4850884.116943604312837 ], [ 12986372.210397547110915, 4851025.600220489315689 ], [ 12985968.983058422803879, 4851036.211466256529093 ], [ 12985933.612239202484488, 4850894.728189370594919 ], [ 12985413.661196647211909, 4850912.413598981685936 ], [ 12985445.494933946058154, 4851195.380152752622962 ], [ 12985576.366965064778924, 4851439.438805379904807 ], [ 12985604.663620442152023, 4851690.571621851995587 ], [ 12985608.200702365487814, 4851991.223585234023631 ] ] ] ] } },
{ "type": "Feature", "properties": { "fid": 9, "区域": "杨庄街道", "分类": "城区" }, "geometry": { "type": "MultiPolygon", "coordinates": [ [ [ [ 12981677.61841638199985, 4852387.376760516315699 ], [ 12982363.81230927631259, 4852394.450924360193312 ], [ 12982813.021713389083743, 4852334.320531683973968 ], [ 12983139.227402754127979, 4852300.73378471005708 ], [ 12983676.069702392444015, 4851839.129062584601343 ], [ 12983913.0541911739856, 4851000.840647037141025 ], [ 12984019.166648838669062, 4850675.429110200144351 ], [ 12984005.018321149051189, 4850204.112944074906409 ], [ 12983983.795829616487026, 4849560.364034245721996 ], [ 12983959.036256162449718, 4849217.267087797634304 ], [ 12983923.665436940267682, 4848704.39020908717066 ], [ 12982427.479783875867724, 4848711.464372931979597 ], [ 12982346.126899667084217, 4849264.133423266001046 ], [ 12982346.126899667084217, 4849617.84161548037082 ], [ 12982235.679659875109792, 4849857.703034167177975 ], [ 12981526.43747234903276, 4849863.494555862620473 ], [ 12980899.460393510758877, 4849846.867669939063489 ], [ 12980867.626656211912632, 4850218.261271763592958 ], [ 12980854.393541080877185, 4850412.907103790901601 ], [ 12981034.940141372382641, 4850618.990388847887516 ], [ 12980811.033345457166433, 4850590.539144068956375 ], [ 12980730.129407020285726, 4850723.975626626051962 ], [ 12980750.902952780947089, 4850929.214738113805652 ], [ 12981306.224814556539059, 4850919.487762827426195 ], [ 12981419.411436066031456, 4851085.730613168329 ], [ 12981143.519046138972044, 4851053.012605388648808 ], [ 12981171.815701514482498, 4851255.510545430704951 ], [ 12981313.298978401347995, 4851304.145421860739589 ], [ 12981642.247597159817815, 4851761.313260297290981 ], [ 12981751.897136745974422, 4851938.167356404475868 ], [ 12981571.505958717316389, 4851938.167356404475868 ], [ 12981553.820549106225371, 4852030.131486379541457 ], [ 12981454.782255286350846, 4852033.668568301945925 ], [ 12981459.272179877385497, 4852238.504374521784484 ], [ 12981451.245173364877701, 4852419.210497815161943 ], [ 12981677.61841638199985, 4852387.376760516315699 ] ] ] ] } },
{ "type": "Feature", "properties": { "fid": 10, "区域": "九棵树街道", "分类": "城区" }, "geometry": { "type": "MultiPolygon", "coordinates": [ [ [ [ 12983997.944157300516963, 4850228.872517530806363 ], [ 12985391.55443462356925, 4850232.409599453210831 ], [ 12985458.758991142734885, 4850158.130879088304937 ], [ 12985448.147745376452804, 4850069.703831034712493 ], [ 12985713.428889537230134, 4849981.27678298112005 ], [ 12986205.083276715129614, 4849815.033932641148567 ], [ 12986746.256810802966356, 4849188.970432422123849 ], [ 12987630.527291337028146, 4848279.940378432162106 ], [ 12987294.50450873374939, 4847943.91759582888335 ], [ 12987114.113330705091357, 4847795.36015509814024 ], [ 12985557.79728496260941, 4847781.211827410385013 ], [ 12984815.010081313550472, 4847834.268056241795421 ], [ 12984602.785165986046195, 4848004.047988505102694 ], [ 12984390.560250656679273, 4848251.643723054789007 ], [ 12984153.575761873275042, 4848424.960737239569426 ], [ 12983888.294617712497711, 4848690.241881400346756 ], [ 12983909.51710924692452, 4849036.875909769907594 ], [ 12983980.258747689425945, 4849376.435774295590818 ], [ 12983997.944157300516963, 4850228.872517530806363 ] ] ] ] } },
{ "type": "Feature", "properties": { "fid": 11, "区域": "玉桥街道", "分类": "城区" }, "geometry": { "type": "MultiPolygon", "coordinates": [ [ [ [ 12985837.226756813004613, 4850890.306836971081793 ], [ 12986296.902489889413118, 4850849.833247361704707 ], [ 12987084.076637912541628, 4850859.317273241467774 ], [ 12987842.79870829731226, 4850963.641557918861508 ], [ 12988478.228442244231701, 4851096.417920236475766 ], [ 12989199.01440910808742, 4851295.58246371243149 ], [ 12989505.180710071697831, 4851410.25787952542305 ], [ 12989809.369755376130342, 4851714.446924829855561 ], [ 12990021.594670705497265, 4851572.963647943921387 ], [ 12990156.00378374569118, 4851236.940865340642631 ], [ 12990315.172470241785049, 4850936.288901958614588 ], [ 12990484.952402506023645, 4850709.915658941492438 ], [ 12990347.006207542493939, 4850610.877365121617913 ], [ 12990205.522930655628443, 4850472.931170158088207 ], [ 12989950.853032261133194, 4850313.762483661994338 ], [ 12989692.6460519451648, 4850235.946681374683976 ], [ 12989367.234515108168125, 4850246.557927140966058 ], [ 12989381.382842797785997, 4849952.980127603746951 ], [ 12989476.884054694324732, 4849634.64275461062789 ], [ 12989558.236938904970884, 4849319.842463540844619 ], [ 12989377.845760874450207, 4849203.118760109879076 ], [ 12987630.527291338890791, 4848279.940378431230783 ], [ 12986785.164711946621537, 4849192.507514343596995 ], [ 12986505.73524009808898, 4849521.456133102066815 ], [ 12986173.249539416283369, 4849800.885604951530695 ], [ 12985479.981482677161694, 4850027.258847968652844 ], [ 12985593.168104184791446, 4850151.056715243496001 ], [ 12985709.891807615756989, 4850129.834223710931838 ], [ 12985706.354725694283843, 4850235.946681374683976 ], [ 12985617.9276776406914, 4850310.22540173958987 ], [ 12985529.500629587098956, 4850320.836647505871952 ], [ 12985409.239844234660268, 4850593.191955511458218 ], [ 12985444.610663454979658, 4850922.140574269928038 ], [ 12985837.226756813004613, 4850890.306836971081793 ] ] ] ] } },
{ "type": "Feature", "properties": { "fid": 12, "区域": "梨园镇", "分类": "城区" }, "geometry": { "type": "MultiPolygon", "coordinates": [ [ [ [ 12982454.610427025705576, 4848579.367761724628508 ], [ 12983911.888178946450353, 4848621.812744789756835 ], [ 12984280.910711076110601, 4848380.747213210910559 ], [ 12984662.915558667853475, 4847942.149054865352809 ], [ 12984845.846530279144645, 4847777.008862305432558 ], [ 12987109.777315022423863, 4847736.316328494809568 ], [ 12987282.901201419532299, 4847840.190660333260894 ], [ 12987604.41699044406414, 4848141.92086234036833 ], [ 12988133.77195948548615, 4847722.048302275128663 ], [ 12988567.854000709950924, 4847411.586766544729471 ], [ 12989473.346972778439522, 4847086.175229707732797 ], [ 12989558.236938908696175, 4846760.763692870736122 ], [ 12989350.758823184296489, 4846667.377834368497133 ], [ 12989098.416289031505585, 4846633.428743673488498 ], [ 12989070.119633654132485, 4846329.239698369987309 ], [ 12989353.086187424138188, 4846272.64638761524111 ], [ 12989537.014447376132011, 4846039.198980754241347 ], [ 12989166.599351342767477, 4845838.237145070917904 ], [ 12988398.573388807475567, 4845948.786336647346616 ], [ 12982719.835968859493732, 4845913.876065623946488 ], [ 12982434.735422162339091, 4845803.326874046586454 ], [ 12982236.477360079064965, 4845621.823313942179084 ], [ 12982114.724604438990355, 4845634.593897429294884 ], [ 12982132.179739952087402, 4845727.687953494489193 ], [ 12981868.620840176939964, 4845954.309014623053372 ], [ 12981826.175857109948993, 4846180.682257640175521 ], [ 12981782.938449583947659, 4846596.45758406445384 ], [ 12981487.105379827320576, 4846556.344625453464687 ], [ 12981411.893582431599498, 4846771.951777988113463 ], [ 12981607.444255661219358, 4847087.841327050700784 ], [ 12981782.938449583947659, 4847298.434359758161008 ], [ 12981948.404403854161501, 4847689.535706216469407 ], [ 12981983.503242639824748, 4847995.397015625610948 ], [ 12981943.390284027904272, 4848391.512481910176575 ], [ 12981918.319684896618128, 4848546.95019652787596 ], [ 12982454.610427025705576, 4848579.367761724628508 ] ] ] ] } },
{ "type": "Feature", "properties": { "fid": 13, "区域": "临河里街道", "分类": "城区" }, "geometry": { "type": "MultiPolygon", "coordinates": [ [ [ [ 12987676.509356329217553, 4848281.708919391967356 ], [ 12987959.475910099223256, 4848508.082162409089506 ], [ 12988270.739119248464704, 4848628.342947761528194 ], [ 12989437.976153554394841, 4849229.64687452558428 ], [ 12989508.717791996896267, 4849399.426806788891554 ], [ 12989466.272808931767941, 4849675.319196715019643 ], [ 12989353.086187422275543, 4850227.103976569138467 ], [ 12989692.64605194889009, 4850198.807321191765368 ], [ 12989954.39011418633163, 4850319.068106545135379 ], [ 12990159.540865670889616, 4850425.180564208887517 ], [ 12990463.729910975322127, 4850715.221281824633479 ], [ 12991029.663018517196178, 4850425.180564208887517 ], [ 12991496.55783224105835, 4850205.881485036574304 ], [ 12991489.483668396249413, 4849526.761755985207856 ], [ 12991376.297046886757016, 4849031.57028688583523 ], [ 12991277.258753066882491, 4848366.598885523155332 ], [ 12991128.701312337070704, 4847793.591614136472344 ], [ 12990944.773052386939526, 4847220.584342749789357 ], [ 12990704.251481680199504, 4846661.72539905179292 ], [ 12990428.359091753140092, 4846796.134512092918158 ], [ 12989911.945131121203303, 4846972.988608200103045 ], [ 12989317.715368201956153, 4847142.768540463410318 ], [ 12988765.930588347837329, 4847312.548472725786269 ], [ 12988150.478333896026015, 4847687.479156472720206 ], [ 12987676.509356329217553, 4848281.708919391967356 ] ] ] ] } },
{ "type": "Feature", "properties": { "fid": 14, "区域": "永顺镇", "分类": "城区" }, "geometry": { "type": "MultiPolygon", "coordinates": [ [ [ [ 12992812.428269311785698, 4849863.49455586168915 ], [ 12993569.28783861361444, 4850036.101552774198353 ], [ 12993753.216098565608263, 4850106.843191216699779 ], [ 12993986.663505425676703, 4850085.620699684135616 ], [ 12994121.072618467733264, 4849951.211586643010378 ], [ 12994305.000878417864442, 4849823.876637445762753 ], [ 12994283.778386885300279, 4849654.09670518245548 ], [ 12994234.259239975363016, 4849399.426806788891554 ], [ 12994135.220946155488491, 4849144.756908394396305 ], [ 12994276.704223042353988, 4848932.531993065960705 ], [ 12994389.89084454998374, 4848741.529569271020591 ], [ 12994510.151629902422428, 4848557.601309319026768 ], [ 12994630.412415254861116, 4848352.450557835400105 ], [ 12994078.627635400742292, 4848019.964857153594494 ], [ 12993873.476883918046951, 4847913.852399489842355 ], [ 12993724.919443188235164, 4848246.338100170716643 ], [ 12993519.768691703677177, 4848203.893117105588317 ], [ 12993378.285414818674326, 4847984.594037932343781 ], [ 12992996.280567226931453, 4848331.228066301904619 ], [ 12992798.203979587182403, 4848175.596461728215218 ], [ 12992593.053228102624416, 4848423.19219627790153 ], [ 12992154.45506975799799, 4848027.03902099840343 ], [ 12992034.194284403696656, 4848281.708919391967356 ], [ 12991857.340188298374414, 4848246.338100170716643 ], [ 12991786.598549854010344, 4847970.445710243657231 ], [ 12991546.076979149132967, 4848331.228066301904619 ], [ 12991326.777899976819754, 4848522.230490097776055 ], [ 12991418.742029953747988, 4848932.531993065960705 ], [ 12991439.964521486312151, 4849279.166021436452866 ], [ 12991531.92865146137774, 4849604.57755827344954 ], [ 12991503.631996084004641, 4850177.584829659201205 ], [ 12991921.007662896066904, 4849986.582405864261091 ], [ 12992253.493363577872515, 4849937.063258954323828 ], [ 12992423.273295840248466, 4849901.692439733073115 ], [ 12992812.428269311785698, 4849863.49455586168915 ] ] ] ] } },
{ "type": "Feature", "properties": { "fid": 15, "区域": "文景街道", "分类": "城区" }, "geometry": { "type": "MultiPolygon", "coordinates": [ [ [ [ 12982476.860744850710034, 4846015.97410860657692 ], [ 12988108.033350830897689, 4846046.273144597187638 ], [ 12988843.746390637010336, 4845968.457342309877276 ], [ 12989509.883683081716299, 4845873.147416095249355 ], [ 12989996.835097253322601, 4846067.495636129751801 ], [ 12990201.985848737880588, 4845515.7108562765643 ], [ 12989480.421136621385813, 4844044.284776666201651 ], [ 12988532.483181487768888, 4842770.935284695588052 ], [ 12988263.664955405518413, 4842459.672075547277927 ], [ 12986602.047888712957501, 4842794.937571617774665 ], [ 12984917.585457060486078, 4843259.052589951083064 ], [ 12983736.200095064938068, 4843817.911533649079502 ], [ 12983120.747840613126755, 4844263.583855838514864 ], [ 12982576.037224603816867, 4844638.514539585448802 ], [ 12982116.216574724763632, 4844949.777748733758926 ], [ 12981826.175857109948993, 4845218.595974816940725 ], [ 12982144.513230102136731, 4845544.007511653006077 ], [ 12982714.017590356990695, 4845925.512822631746531 ], [ 12982632.560291299596429, 4845966.241472160443664 ], [ 12982476.860744850710034, 4846015.97410860657692 ] ] ] ] } },
{ "type": "Feature", "properties": { "fid": 16, "区域": "台湖镇", "分类": "乡镇" }, "geometry": { "type": "MultiPolygon", "coordinates": [ [ [ [ 12981735.037138186395168, 4845196.774922641925514 ], [ 12981839.559716518968344, 4845170.64427805878222 ], [ 12981839.559716518968344, 4845170.64427805878222 ], [ 12983324.13005113042891, 4844119.44776751101017 ], [ 12983727.357390254735947, 4843871.852032961323857 ], [ 12984173.029712444171309, 4843588.885479190386832 ], [ 12984944.113571470603347, 4843249.325614664703608 ], [ 12985920.34818198159337, 4842987.581552426330745 ], [ 12986924.879447869956493, 4842747.059981720522046 ], [ 12987009.769414, 4842209.423529555089772 ], [ 12987837.446583781391382, 4842577.280049458146095 ], [ 12988261.896414438262582, 4842492.39008332695812 ], [ 12988389.231363635510206, 4842214.729152438230813 ], [ 12988382.15719979070127, 4841875.169287913478911 ], [ 12988693.420408939942718, 4841974.207581733353436 ], [ 12988834.903685824945569, 4841861.020960224792361 ], [ 12989358.391810301691294, 4841995.430073265917599 ], [ 12989407.910957211628556, 4841606.351061830297112 ], [ 12989591.839217163622379, 4841118.233756574802101 ], [ 12989492.800923343747854, 4840778.673892049118876 ], [ 12989202.76020572707057, 4840502.781502122990787 ], [ 12988905.645324267446995, 4840333.001569859683514 ], [ 12988113.338973708450794, 4839561.917710833251476 ], [ 12987092.890839170664549, 4838839.468728235922754 ], [ 12986484.512748561799526, 4838227.553555705584586 ], [ 12986350.103635521605611, 4837731.477816125378013 ], [ 12985982.24711561948061, 4837126.636807439848781 ], [ 12985706.895114824175835, 4837017.883168116211891 ], [ 12985283.673435995355248, 4836846.323065110482275 ], [ 12984937.039407625794411, 4836517.374446351081133 ], [ 12984763.722393441945314, 4836305.149531022645533 ], [ 12984608.090788867324591, 4835944.367174964398146 ], [ 12984381.717545852065086, 4835618.955638126470149 ], [ 12984268.530924344435334, 4835259.941823028959334 ], [ 12984388.791709696874022, 4834665.712060109712183 ], [ 12984303.90174356661737, 4834113.927280255593359 ], [ 12983914.82273213006556, 4833703.62577728740871 ], [ 12983971.416042884811759, 4833222.582635876722634 ], [ 12983617.707850670441985, 4833371.140076606534421 ], [ 12983320.59296921081841, 4833632.884138844907284 ], [ 12983355.963788433000445, 4833229.656799720600247 ], [ 12982989.308078177273273, 4833228.939703560434282 ], [ 12982489.378717508167028, 4833180.137652810662985 ], [ 12982354.969604467973113, 4833703.62577728740871 ], [ 12981428.254140866920352, 4833562.142500402405858 ], [ 12980883.543524857610464, 4833555.068336557596922 ], [ 12980890.617688700556755, 4833222.582635876722634 ], [ 12980996.730146365240216, 4832741.539494465105236 ], [ 12980911.840180233120918, 4832288.793008431792259 ], [ 12980331.75874500349164, 4832225.125533833168447 ], [ 12979864.863931279629469, 4832218.051369988359511 ], [ 12979879.012258969247341, 4832005.826454659923911 ], [ 12979722.977505283430219, 4831896.276829819194973 ], [ 12978259.028738629072905, 4831828.972358553670347 ], [ 12978167.064608654007316, 4832239.273861521854997 ], [ 12978131.69378943182528, 4832656.64952833391726 ], [ 12978025.581331767141819, 4833201.360144344158471 ], [ 12976979.259824052453041, 4832810.849390229210258 ], [ 12976575.377743689343333, 4832699.094511399976909 ], [ 12976462.191122181713581, 4833569.216664246283472 ], [ 12976363.152828361839056, 4834453.487144781276584 ], [ 12975646.596950313076377, 4834404.818709801882505 ], [ 12975045.592124899849296, 4834248.034842303022742 ], [ 12974679.763100735843182, 4833986.728396471589804 ], [ 12974131.019564488902688, 4833751.552595223300159 ], [ 12973745.712205978110433, 4833781.441579574719071 ], [ 12973512.264799116179347, 4833986.592331059277058 ], [ 12973646.673912158235908, 4834559.599602445960045 ], [ 12973193.927426123991609, 4834602.044585511088371 ], [ 12973123.185787681490183, 4834934.530286192893982 ], [ 12972939.25752772949636, 4834941.604450036771595 ], [ 12972918.035036196932197, 4835238.719331496395171 ], [ 12972171.221220754086971, 4835162.607402713038027 ], [ 12971909.914774922654033, 4835293.260625628754497 ], [ 12971727.000262839719653, 4835214.868691879324615 ], [ 12971680.056363448500633, 4835429.721755292266607 ], [ 12971651.759708071127534, 4835670.243325998075306 ], [ 12971977.171244908124208, 4835832.949094416573644 ], [ 12971913.503770308569074, 4836207.879778162576258 ], [ 12972161.099504858255386, 4836257.398925072513521 ], [ 12972122.191603714600205, 4836424.526045893318951 ], [ 12971991.319572595879436, 4836533.291314999572933 ], [ 12971991.319572595879436, 4836915.296162591315806 ], [ 12972249.61315450258553, 4836965.621878949925303 ], [ 12972369.787338264286518, 4837190.30428203754127 ], [ 12972702.273038944229484, 4837296.416739701293409 ], [ 12972702.273038944229484, 4838230.206367146223783 ], [ 12972504.196451304480433, 4838605.137050893157721 ], [ 12972301.874443668872118, 4839029.942801019176841 ], [ 12972014.437353255227208, 4839029.942801019176841 ], [ 12971831.522841172292829, 4839526.425048098899424 ], [ 12972051.449965270236135, 4839531.852514494210482 ], [ 12972040.567997837439179, 4839866.123427679762244 ], [ 12972447.603140549734235, 4839871.412379018962383 ], [ 12972432.52766658551991, 4840179.691162677481771 ], [ 12971980.708326827734709, 4840218.046407389454544 ], [ 12972009.004982206970453, 4840660.181647657416761 ], [ 12972185.85907831415534, 4840695.552466879598796 ], [ 12972291.971535976976156, 4840914.85154605191201 ], [ 12972058.524129116907716, 4841091.705642159096897 ], [ 12971700.869618257507682, 4841538.484681000933051 ], [ 12971909.914774922654033, 4841538.484681000933051 ], [ 12972537.050244918093085, 4841172.655656836926937 ], [ 12972765.940513543784618, 4841219.040591356344521 ], [ 12972854.367561597377062, 4841876.937828874215484 ], [ 12973059.663136580958962, 4842008.836283497512341 ], [ 12973320.969582412391901, 4841721.399193082936108 ], [ 12973851.824663640931249, 4841784.973698898218572 ], [ 12974446.054426560178399, 4841721.30622429959476 ], [ 12974877.578421061858535, 4841756.677043521776795 ], [ 12974905.875076439231634, 4841424.191342839971185 ], [ 12975188.841630211099982, 4841678.861241234466434 ], [ 12975733.55224622040987, 4841693.009568923152983 ], [ 12975818.442212350666523, 4841891.086156562902033 ], [ 12976051.889619212597609, 4841841.567009652964771 ], [ 12976101.408766122534871, 4841431.265506684780121 ], [ 12976631.971054444089532, 4841197.818099822849035 ], [ 12976688.564365196973085, 4840844.109907609410584 ], [ 12977710.917872380465269, 4840911.349211005493999 ], [ 12977292.827559050172567, 4840362.605674759484828 ], [ 12978195.36126402951777, 4840320.621783132664859 ], [ 12978315.678587919101119, 4840609.763792902231216 ], [ 12978768.368535416200757, 4840554.069189993664622 ], [ 12978906.867107231169939, 4840587.965169906616211 ], [ 12979263.560004515573382, 4840504.550043082796037 ], [ 12979043.580746121704578, 4841433.962102668359876 ], [ 12979479.322001764550805, 4841369.366573046892881 ], [ 12979422.728691009804606, 4841524.998177621513605 ], [ 12979309.542069502174854, 4841708.926437572576106 ], [ 12979337.838724879547954, 4842699.309375771321356 ], [ 12979656.176097871735692, 4843060.091731830500066 ], [ 12980031.106781618669629, 4843569.431528618559241 ], [ 12979627.879442494362593, 4843569.431528618559241 ], [ 12979513.932348618283868, 4844073.157205566763878 ], [ 12980271.721041528508067, 4844073.157205566763878 ], [ 12980637.550065694376826, 4844073.157205566763878 ], [ 12981735.037138186395168, 4845196.774922641925514 ] ] ] ] } },
{ "type": "Feature", "properties": { "fid": 17, "区域": "马驹桥镇", "分类": "乡镇" }, "geometry": { "type": "MultiPolygon", "coordinates": [ [ [ [ 12971538.711899388581514, 4835607.222713124006987 ], [ 12971637.611380381509662, 4835694.118628973141313 ], [ 12971842.762131866067648, 4835736.563612039200962 ], [ 12972208.259072065353394, 4835183.271984588354826 ], [ 12972907.423790430650115, 4835267.90025735553354 ], [ 12972985.239592716097832, 4834942.488720518536866 ], [ 12973126.722869602963328, 4834956.637048207223415 ], [ 12973136.164316240698099, 4834571.698073655366898 ], [ 12973636.062666390091181, 4834560.483872927725315 ], [ 12973508.727717192843556, 4833987.476601541042328 ], [ 12974085.15831596404314, 4833728.147851678542793 ], [ 12974528.022182503715158, 4833981.212918271310627 ], [ 12975181.773604534566402, 4834318.633007062599063 ], [ 12976384.375319890677929, 4834440.223087574355304 ], [ 12976433.894466800615191, 4833591.323426260612905 ], [ 12976468.187693050131202, 4832715.887585306540132 ], [ 12976974.317826235666871, 4832821.331363053061068 ], [ 12978022.044249841943383, 4833202.244414825923741 ], [ 12978114.008379817008972, 4832784.868748012930155 ], [ 12978128.156707506626844, 4832388.715572733432055 ], [ 12978113.11062590405345, 4831872.337363329716027 ], [ 12979281.245414124801755, 4831858.153284411877394 ], [ 12979840.10435782186687, 4831935.969086699187756 ], [ 12979967.439307019114494, 4832226.009804314933717 ], [ 12980411.784980792552233, 4832273.02371876873076 ], [ 12980901.228934464976192, 4832261.38062353618443 ], [ 12980971.970572907477617, 4832685.83045419305563 ], [ 12980819.876050256192684, 4833619.620081637986004 ], [ 12981491.921615462750196, 4833563.026770884171128 ], [ 12982397.414587531238794, 4833683.287556236609817 ], [ 12982373.039246888831258, 4833222.017718492075801 ], [ 12982878.457728942856193, 4833195.170250981114805 ], [ 12983317.055887287482619, 4833265.911889424547553 ], [ 12983324.130051132291555, 4833640.842573170550168 ], [ 12983960.804797116667032, 4833209.318578669801354 ], [ 12984399.402955463156104, 4832933.426188742741942 ], [ 12984724.814492300152779, 4832508.976358085870743 ], [ 12984873.371933029964566, 4831645.928369083441794 ], [ 12986090.128114245831966, 4831660.076696772128344 ], [ 12986780.589156718924642, 4830965.520874704234302 ], [ 12987413.251823199912906, 4830628.100785912945867 ], [ 12987865.743239160627127, 4830165.659584668464959 ], [ 12988587.307951277121902, 4829350.3622016152367 ], [ 12989543.216133693233132, 4828371.603942125104368 ], [ 12988863.200341204181314, 4828379.433213987387717 ], [ 12988813.681194294244051, 4827905.464236420579255 ], [ 12988634.926940018311143, 4827828.84999321680516 ], [ 12988714.642900474369526, 4827120.232049705460668 ], [ 12988481.19549361243844, 4826780.672185179777443 ], [ 12988516.566312832757831, 4826025.505194804631174 ], [ 12987229.06849317252636, 4826060.876014025881886 ], [ 12987200.77183779515326, 4825077.567239671014249 ], [ 12987214.920165484771132, 4824051.813482250086963 ], [ 12988155.783956773579121, 4824037.665154561400414 ], [ 12988119.849909633398056, 4822835.534763765521348 ], [ 12988459.973002079874277, 4822859.816874487325549 ], [ 12988516.566312832757831, 4821561.707809063605964 ], [ 12987101.733543975278735, 4821483.892006776295602 ], [ 12987080.511052442714572, 4821108.961323028430343 ], [ 12986868.286137115210295, 4821151.406306094489992 ], [ 12986910.731120180338621, 4820543.028215486556292 ], [ 12986748.025351762771606, 4820451.064085511490703 ], [ 12986302.353029571473598, 4820330.803300158120692 ], [ 12986252.833882661536336, 4820578.399034707807004 ], [ 12985793.013232784345746, 4820606.695690085180104 ], [ 12985474.96302255615592, 4820347.567898027598858 ], [ 12985262.450944462791085, 4820486.434904732741416 ], [ 12984922.891079938039184, 4820769.401458503678441 ], [ 12984979.484390692785382, 4821483.892006776295602 ], [ 12984562.108723878860474, 4821540.485317530110478 ], [ 12984452.459184292703867, 4821942.828386172652245 ], [ 12984406.477119306102395, 4822389.384978843852878 ], [ 12984668.221181543543935, 4822431.829961909912527 ], [ 12984710.666164608672261, 4822856.279792566783726 ], [ 12985198.783469865098596, 4822863.35395641066134 ], [ 12985197.174392592161894, 4823512.357314178720117 ], [ 12984714.203246532008052, 4823485.880374706350267 ], [ 12984590.405379256233573, 4823698.105290034785867 ], [ 12984247.308432808145881, 4823659.197388891130686 ], [ 12984204.863449743017554, 4823860.811058453284204 ], [ 12984063.380172858014703, 4823871.422304219566286 ], [ 12983943.119387505576015, 4824566.458901920355856 ], [ 12983610.633686823770404, 4824608.903884986415505 ], [ 12983398.408771496266127, 4825882.253376957029104 ], [ 12982612.089729811996222, 4825668.190904352813959 ], [ 12982648.547404002398252, 4826009.588326153345406 ], [ 12982319.598785242065787, 4826327.925699145533144 ], [ 12981718.294858479872346, 4826384.519009900279343 ], [ 12981619.256564659997821, 4826037.884981530718505 ], [ 12981025.026801738888025, 4826037.884981530718505 ], [ 12980996.730146363377571, 4825698.325117005035281 ], [ 12980918.914344076067209, 4825839.808393890969455 ], [ 12980643.021954149007797, 4825861.030885423533618 ], [ 12980650.096117991954088, 4825535.619348586536944 ], [ 12980190.275468114763498, 4825450.729382455348969 ], [ 12980268.09127040207386, 4825068.724534863606095 ], [ 12979765.825637457892299, 4824976.760404888540506 ], [ 12979645.56485210545361, 4824410.827297345735133 ], [ 12979426.265772931277752, 4824368.382314280606806 ], [ 12979263.560004513710737, 4824559.38473807554692 ], [ 12979228.189185291528702, 4824042.970777443610132 ], [ 12978128.722120421007276, 4824020.68834909517318 ], [ 12978216.583755560219288, 4824198.602382017299533 ], [ 12977042.272557409480214, 4824071.267432820051908 ], [ 12976985.679246654734015, 4823760.004223671741784 ], [ 12976246.429124930873513, 4823675.114257540553808 ], [ 12976246.429124930873513, 4824453.272280411794782 ], [ 12973268.20614648796618, 4824516.939755010418594 ], [ 12972062.061211038380861, 4824042.970777443610132 ], [ 12971538.711899388581514, 4824209.746019370853901 ], [ 12971665.908035758882761, 4824495.717263476923108 ], [ 12971160.596558837220073, 4824668.886075753718615 ], [ 12971496.12810349650681, 4825118.243681773543358 ], [ 12971955.9487533736974, 4824948.463749511167407 ], [ 12972267.211962522938848, 4825726.621772382408381 ], [ 12972323.805273277685046, 4826506.548336214385927 ], [ 12971708.353018824011087, 4826591.438302345573902 ], [ 12971687.130527291446924, 4827341.299669839441776 ], [ 12971672.982199603691697, 4827992.122743512503803 ], [ 12972337.953600965440273, 4827772.823664340190589 ], [ 12972514.807697074487805, 4828199.042035958729684 ], [ 12972267.934341879561543, 4828233.973572378046811 ], [ 12972274.286126367747784, 4828432.489442819729447 ], [ 12971991.319572595879436, 4828248.561182867735624 ], [ 12971694.20469113625586, 4828319.302821311168373 ], [ 12971651.759708071127534, 4828531.527736639603972 ], [ 12971184.864894347265363, 4828637.640194303356111 ], [ 12971592.728376610204577, 4829314.30311680957675 ], [ 12970611.857622960582376, 4829408.724053329788148 ], [ 12970809.489456897601485, 4831258.896296787075698 ], [ 12970377.357639124616981, 4831718.036353169940412 ], [ 12970569.412639895454049, 4832386.947031772695482 ], [ 12970930.194995954632759, 4831983.719692648388445 ], [ 12970912.36874427460134, 4831688.475537768565118 ], [ 12971295.637751890346408, 4831123.855103733018041 ], [ 12971878.132951088249683, 4831191.413342088460922 ], [ 12972186.909626048058271, 4831123.855103733018041 ], [ 12972592.623499359935522, 4831134.820031334646046 ], [ 12972507.733533227816224, 4831799.791432697325945 ], [ 12972196.470324080437422, 4831856.384743451140821 ], [ 12972154.02534101344645, 4832125.202969533391297 ], [ 12972646.049682430922985, 4832258.201125386171043 ], [ 12972781.09087548404932, 4832069.143455110490322 ], [ 12973087.814968459308147, 4832190.638985093683004 ], [ 12973002.925002327188849, 4832735.349601102992892 ], [ 12972538.016727987676859, 4832393.242318440228701 ], [ 12972024.860194383189082, 4832366.234079829417169 ], [ 12971457.687183555215597, 4833635.621294536627829 ], [ 12972281.360290210694075, 4834067.060944789089262 ], [ 12971673.75309244170785, 4834850.992032022215426 ], [ 12971871.058787243440747, 4834986.702244545333087 ], [ 12971779.094657266512513, 4835149.408012963831425 ], [ 12971943.835478549823165, 4835229.107372572645545 ], [ 12971623.463052693754435, 4835432.37456673476845 ], [ 12971538.711899388581514, 4835607.222713124006987 ] ] ] ] } },
{ "type": "Feature", "properties": { "fid": 18, "区域": "于家务回族乡", "分类": "乡镇" }, "geometry": { "type": "MultiPolygon", "coordinates": [ [ [ [ 12989873.037229970097542, 4828466.09172108117491 ], [ 12990056.96548992022872, 4828480.24004876986146 ], [ 12990180.763357196003199, 4828183.125167310237885 ], [ 12990651.19525283947587, 4827859.482171433977783 ], [ 12991754.764812545850873, 4828531.527736640535295 ], [ 12991804.283959455788136, 4829295.537431823089719 ], [ 12991797.209795612841845, 4830031.250471628271043 ], [ 12992433.884541597217321, 4830066.621290849521756 ], [ 12993388.896660575643182, 4830080.769618538208306 ], [ 12993576.362002450972795, 4829868.544703209772706 ], [ 12993915.921866975724697, 4830094.917946226894855 ], [ 12994184.740093057975173, 4830300.068697710521519 ], [ 12994778.969855979084969, 4830059.54712700471282 ], [ 12994793.118183666840196, 4829569.661280788481236 ], [ 12994722.37654522433877, 4829017.876500934362411 ], [ 12994814.340675199404359, 4828833.948240983299911 ], [ 12995083.158901281654835, 4828904.689879425801337 ], [ 12995861.316924152895808, 4828749.058274852111936 ], [ 12996016.948528727516532, 4828586.352506433613598 ], [ 12996137.20931407995522, 4828451.94339339248836 ], [ 12996271.618427122011781, 4827949.677760448306799 ], [ 12996391.879212474450469, 4827871.861958160996437 ], [ 12996321.137574031949043, 4827482.782946726307273 ], [ 12996391.879212474450469, 4827107.852262979373336 ], [ 12996391.879212474450469, 4826292.554879925213754 ], [ 12995479.312076561152935, 4826320.851535302586854 ], [ 12995443.941257340833545, 4825585.138495497405529 ], [ 12995620.795353448018432, 4825514.396857054904103 ], [ 12995656.166172668337822, 4824218.056332590058446 ], [ 12995337.828799676150084, 4824147.31469414755702 ], [ 12995373.199618898332119, 4823510.639948162250221 ], [ 12996101.838494857773185, 4823503.565784318372607 ], [ 12996031.096856415271759, 4822980.077659841626883 ], [ 12995557.127878848463297, 4822892.534882267937064 ], [ 12995546.516633082181215, 4821264.592927603051066 ], [ 12995741.05613880045712, 4821229.222108381800354 ], [ 12995801.186531476676464, 4821020.534274974837899 ], [ 12995928.521480673924088, 4820953.329718454740942 ], [ 12996317.600492108613253, 4820917.958899233490229 ], [ 12996352.971311330795288, 4820390.933692834340036 ], [ 12996618.252455491572618, 4820334.340382079593837 ], [ 12996911.830255027860403, 4820075.249131282791495 ], [ 12997074.536023447290063, 4819583.594744105823338 ], [ 12997262.001365320757031, 4819572.983498339541256 ], [ 12997407.021724129095674, 4819587.131826028227806 ], [ 12997421.170051816850901, 4819141.459503837861121 ], [ 12997725.359097121283412, 4819056.569537706673145 ], [ 12997976.49191359244287, 4818705.514156933873892 ], [ 12997957.037963021546602, 4817860.151577542535961 ], [ 12997497.217313142493367, 4817853.077413698658347 ], [ 12997097.527055941522121, 4817806.211078230291605 ], [ 12997118.749547474086285, 4816825.555115316994488 ], [ 12996563.427685698494315, 4816814.943869550712407 ], [ 12995930.290021635591984, 4816804.332623783499002 ], [ 12995891.382120491936803, 4816340.974891983903944 ], [ 12995588.961616149172187, 4816219.829836150631309 ], [ 12995592.498698070645332, 4816007.604920822195709 ], [ 12995744.593220721930265, 4815752.93502242770046 ], [ 12995779.964039944112301, 4815452.283059045672417 ], [ 12996020.485610648989677, 4815240.058143717236817 ], [ 12995779.964039944112301, 4815187.001914884895086 ], [ 12995238.790505856275558, 4815208.224406418390572 ], [ 12994414.650417998433113, 4815217.951381703838706 ], [ 12994425.261663764715195, 4814970.355647154152393 ], [ 12994290.852550722658634, 4814920.836500244215131 ], [ 12994029.108488485217094, 4814924.373582166619599 ], [ 12993940.681440431624651, 4815207.340135937556624 ], [ 12993579.899084372445941, 4815196.728890171274543 ], [ 12993555.139510918408632, 4814609.573291095905006 ], [ 12993749.679016634821892, 4814591.887881484813988 ], [ 12993678.937378192320466, 4814209.883033894002438 ], [ 12993484.397872475907207, 4814174.512214672751725 ], [ 12993433.110184604302049, 4813354.793479217216372 ], [ 12992854.797290334478021, 4813396.354191802442074 ], [ 12992230.502331076189876, 4813620.074623377993703 ], [ 12991961.6841049939394, 4813542.258821090683341 ], [ 12991615.050076624378562, 4813524.573411479592323 ], [ 12991516.011782804504037, 4813326.496823839843273 ], [ 12991165.840672511607409, 4813864.133276005275548 ], [ 12991102.173197913914919, 4814316.879762039519846 ], [ 12990956.351661596447229, 4814726.314373769797385 ], [ 12990790.909988764673471, 4814953.554508024826646 ], [ 12990691.871694944798946, 4815420.449321746826172 ], [ 12990674.186285333707929, 4816334.784998619928956 ], [ 12990858.114545285701752, 4817148.313840712420642 ], [ 12990957.152839105576277, 4817662.074989903718233 ], [ 12990911.17077411711216, 4818153.72937708068639 ], [ 12990808.595398375764489, 4818543.692658997140825 ], [ 12989779.730517417192459, 4818695.041612112894654 ], [ 12989662.580855602398515, 4818901.822203613817692 ], [ 12988622.678770493716002, 4818855.840138625353575 ], [ 12988265.433496357873082, 4818714.356861740350723 ], [ 12987715.28159049898386, 4818792.566902292892337 ], [ 12987522.646292706951499, 4818848.765974781475961 ], [ 12987271.513476235792041, 4818675.448960596695542 ], [ 12986985.009840542450547, 4818682.523124440573156 ], [ 12986839.06698252260685, 4818946.685503225773573 ], [ 12986719.728696381673217, 4818979.638005901128054 ], [ 12986709.117450615391135, 4819450.069901545532048 ], [ 12986903.65695633366704, 4819598.627342275343835 ], [ 12986931.953611711040139, 4819953.219804969616234 ], [ 12986691.432041004300117, 4820395.355045237578452 ], [ 12986917.805284021422267, 4820550.986649811267853 ], [ 12986871.82321903295815, 4821131.952355522662401 ], [ 12987108.807707816362381, 4821131.952355522662401 ], [ 12987069.899806674569845, 4821513.957203114405274 ], [ 12988481.195493606850505, 4821532.526883205398917 ], [ 12988488.269657451659441, 4822817.371891423128545 ], [ 12988148.709792926907539, 4822813.834809500724077 ], [ 12988141.635629082098603, 4824024.401097353547812 ], [ 12987179.549346260726452, 4824071.267432821914554 ], [ 12987193.697673948481679, 4826030.810817687772214 ], [ 12988486.501116489991546, 4826038.769252012483776 ], [ 12988472.352788802236319, 4826884.131831403821707 ], [ 12988652.743966830894351, 4827033.573542614467442 ], [ 12988642.132721064612269, 4827440.337963660247624 ], [ 12988666.892294520512223, 4827857.71363047324121 ], [ 12988776.54183410666883, 4827861.250712394714355 ], [ 12988822.523899093270302, 4827995.659825436770916 ], [ 12988843.74639062769711, 4828359.979263416491449 ], [ 12989323.277338722720742, 4828352.458339827135205 ], [ 12989614.830249654129148, 4828384.73883687146008 ], [ 12989873.037229970097542, 4828466.09172108117491 ] ] ] ] } },
{ "type": "Feature", "properties": { "fid": 19, "区域": "永乐店镇", "分类": "乡镇" }, "geometry": { "type": "MultiPolygon", "coordinates": [ [ [ [ 12993422.072854710742831, 4813368.012787862680852 ], [ 12993513.982508176937699, 4814225.070306437090039 ], [ 12993661.037953723222017, 4814197.497410397045314 ], [ 12993734.565676495432854, 4814583.517954955808818 ], [ 12993596.701196296140552, 4814629.472781688906252 ], [ 12993605.892161643132567, 4815199.312633180990815 ], [ 12993890.812087388709188, 4815162.548771793954074 ], [ 12994083.82235966809094, 4814914.392707435414195 ], [ 12994396.315181454643607, 4814969.538499514572322 ], [ 12994460.651938879862428, 4815180.930702487938106 ], [ 12996004.734117116779089, 4815180.930702487938106 ], [ 12995774.959983449429274, 4815456.65966288652271 ], [ 12995609.522607211023569, 4815870.253103485330939 ], [ 12995609.522607211023569, 4816237.891717351041734 ], [ 12995922.015428995713592, 4816366.565232204273343 ], [ 12995931.206394342705607, 4816770.967707456089556 ], [ 12997070.886097326874733, 4816807.731568843126297 ], [ 12997126.031889406964183, 4817839.417429002933204 ], [ 12997999.173597337678075, 4817857.799359695985913 ], [ 12997980.791666643694043, 4819089.388716146349907 ], [ 12997466.097607232630253, 4819089.388716146349907 ], [ 12997374.18795376457274, 4819597.189551548101008 ], [ 12997107.649958712980151, 4819633.953412934206426 ], [ 12996942.212582472711802, 4820157.838437693193555 ], [ 12996436.709488408640027, 4820360.039675318636 ], [ 12996317.226938901469111, 4820874.733734730631113 ], [ 12995876.060602262616158, 4821003.407249583862722 ], [ 12995563.567780477926135, 4821279.136209983378649 ], [ 12995545.185849783942103, 4822926.616748368367553 ], [ 12995894.83904386870563, 4822937.854591583833098 ], [ 12996265.215464599430561, 4823030.448696766979992 ], [ 12996335.608869595453143, 4823223.025380797684193 ], [ 12996638.910726035013795, 4823250.598276836797595 ], [ 12996847.114541199058294, 4823397.53331181127578 ], [ 12997364.996988419443369, 4823379.271791690029204 ], [ 12997539.625330004841089, 4823590.663994662463665 ], [ 12997787.781394364312291, 4823599.854960009455681 ], [ 12997833.736221097409725, 4823921.538747142069042 ], [ 12997686.680775551125407, 4823903.15681644808501 ], [ 12997502.861468618735671, 4824105.358054074458778 ], [ 12997668.298844857141376, 4824344.323153086937964 ], [ 12997842.927186444401741, 4824307.559291700832546 ], [ 12997980.791666643694043, 4824528.142460020259023 ], [ 12998238.138696350157261, 4824748.7256283396855 ], [ 12998265.711592391133308, 4825614.97411226015538 ], [ 12999442.155156759545207, 4825539.148648150265217 ], [ 12999589.210602305829525, 4825686.204093696549535 ], [ 13000342.869760731235147, 4825706.883765726350248 ], [ 13000480.734240932390094, 4826249.150721178390086 ], [ 13001804.23325084708631, 4826276.723617218434811 ], [ 13002310.1667469907552, 4825712.385941384360194 ], [ 13002769.28461224399507, 4825624.165077607147396 ], [ 13003293.169637003913522, 4825734.456661766394973 ], [ 13003302.360602349042892, 4825339.245151860639453 ], [ 13004703.982817711308599, 4825293.290325127542019 ], [ 13005209.485911775380373, 4824273.093171650543809 ], [ 13005659.843213761225343, 4824401.766686503775418 ], [ 13006271.042409313842654, 4823618.23689070250839 ], [ 13005940.1676568351686, 4823351.698895649984479 ], [ 13006482.434612287208438, 4822846.195801584981382 ], [ 13007153.375082591548562, 4822074.154712467454374 ], [ 13007962.180033095180988, 4821256.158796616829932 ], [ 13008660.69339944049716, 4821035.575628297403455 ], [ 13009101.859736079350114, 4820511.690603538416326 ], [ 13009111.050701424479485, 4820125.670058979652822 ], [ 13008872.085602412000299, 4820116.479093632660806 ], [ 13008918.040429145097733, 4819682.205981004051864 ], [ 13009120.2416667714715, 4819571.914396844804287 ], [ 13009221.342285584658384, 4819121.557094858959317 ], [ 13009377.588696477934718, 4818956.11971861962229 ], [ 13009423.543523211032152, 4818643.626896834000945 ], [ 13009680.89055291749537, 4818340.325040395371616 ], [ 13009993.383374702185392, 4818055.405114648863673 ], [ 13009855.51889450289309, 4817853.203877023421228 ], [ 13009478.689315291121602, 4818147.314768115989864 ], [ 13008881.276567758992314, 4818138.123802768997848 ], [ 13008394.155404387041926, 4817807.249050290323794 ], [ 13008293.054785573855042, 4817595.85684731695801 ], [ 13007614.215631077066064, 4817644.692786397412419 ], [ 13007270.497596438974142, 4817721.074571873061359 ], [ 13007309.621493482962251, 4817703.850690140388906 ], [ 13007208.520874671638012, 4816931.809601022861898 ], [ 13007328.003424176946282, 4816270.060096064582467 ], [ 13007355.57632021792233, 4815884.039551505818963 ], [ 13007447.485973684117198, 4815433.682249519973993 ], [ 13007098.229290511459112, 4815155.655547784641385 ], [ 13006601.917161792516708, 4815054.554928971454501 ], [ 13006307.806270699948072, 4814981.027206198312342 ], [ 13006022.886344954371452, 4814769.635003225877881 ], [ 13006105.605033073574305, 4814493.906042826361954 ], [ 13006096.414067726582289, 4814236.559013120830059 ], [ 13005839.067038021981716, 4814153.840325000695884 ], [ 13005462.237458810210228, 4814383.614458667114377 ], [ 13005416.282632075250149, 4813905.684260641224682 ], [ 13005002.689191477373242, 4813611.573369548656046 ], [ 13004809.67891919799149, 4813712.67398836184293 ], [ 13004589.095750877633691, 4813427.75406261626631 ], [ 13004772.915057811886072, 4812947.526123254559934 ], [ 13004579.90478553250432, 4812653.415232161991298 ], [ 13005324.372978609055281, 4811817.037385617382824 ], [ 13005857.448968714103103, 4811136.905949966050684 ], [ 13005379.518770689144731, 4810923.216005656868219 ], [ 13005508.192285543307662, 4810619.914149217307568 ], [ 13005434.66456276923418, 4810325.803258125670254 ], [ 13005168.126567717641592, 4810243.084570005536079 ], [ 13004818.869884544983506, 4810068.456228419207036 ], [ 13004524.75899345241487, 4809893.827886832877994 ], [ 13004285.793894439935684, 4810316.612292778678238 ], [ 13003844.62755780108273, 4810610.723183871246874 ], [ 13003104.754847396165133, 4810231.59586332179606 ], [ 13002249.995070157572627, 4809863.957249457016587 ], [ 13001974.266109758988023, 4809919.103041536174715 ], [ 13001790.446802826598287, 4809818.002422722987831 ], [ 13001716.919080052524805, 4809588.22828905750066 ], [ 13001211.415985988453031, 4809588.22828905750066 ], [ 13000908.114129548892379, 4809468.745739551261067 ], [ 13000503.711654296144843, 4809376.836086085066199 ], [ 13000632.385169150307775, 4808696.704650433734059 ], [ 13000797.822545388713479, 4808182.010591021738946 ], [ 13000448.565862216055393, 4808182.010591021738946 ], [ 13000494.520688951015472, 4807409.969501904211938 ], [ 13000290.09280669502914, 4807311.744252105243504 ], [ 12999979.826629538089037, 4807189.386333584785461 ], [ 12999878.726010724902153, 4806849.320615759119391 ], [ 12999495.013719504699111, 4806813.135333019308746 ], [ 12999106.684921607375145, 4807180.195368237793446 ], [ 12998867.719822594895959, 4807382.396605864167213 ], [ 12998693.091481009498239, 4807998.191284088417888 ], [ 12998674.709550315514207, 4808632.367893006652594 ], [ 12998164.610973576083779, 4808972.433610832318664 ], [ 12997974.084145732223988, 4808944.847765012644231 ], [ 12997971.600701296702027, 4809156.252917765639722 ], [ 12997521.243399310857058, 4809634.183115790598094 ], [ 12996440.564685247838497, 4810282.598783733323216 ], [ 12995842.38333541341126, 4810413.111078242771327 ], [ 12995922.015428995713592, 4810626.807373227551579 ], [ 12995646.286468597128987, 4810406.224204908125103 ], [ 12995398.130404237657785, 4810590.043511841446161 ], [ 12995342.984612157568336, 4810213.213932628743351 ], [ 12994984.536963639780879, 4810204.022967282682657 ], [ 12994975.345998292788863, 4810020.203660349361598 ], [ 12994653.66221115924418, 4810148.877175202593207 ], [ 12994488.224834920838475, 4810305.123586094938219 ], [ 12994240.068770561367273, 4810286.741655401885509 ], [ 12994166.541047789156437, 4810544.088685108348727 ], [ 12993844.857260655611753, 4810573.959322484210134 ], [ 12993881.621122041717172, 4810976.064056400209665 ], [ 12993854.048226002603769, 4811125.417243283241987 ], [ 12993504.791542829945683, 4811070.271451203152537 ], [ 12993256.635478470474482, 4811290.854619522579014 ], [ 12993155.534859657287598, 4811796.357713587582111 ], [ 12992778.705280445516109, 4812072.086673987098038 ], [ 12992787.896245792508125, 4812715.454248251393437 ], [ 12993137.152928965166211, 4812798.172936371527612 ], [ 12993082.007136885076761, 4813368.012787862680852 ], [ 12993422.072854710742831, 4813368.012787862680852 ] ] ] ] } },
{ "type": "Feature", "properties": { "fid": 20, "区域": "漷县镇", "分类": "乡镇" }, "geometry": { "type": "MultiPolygon", "coordinates": [ [ [ [ 12994143.563634425401688, 4830336.832559088245034 ], [ 12994120.586221057921648, 4830635.538932854309678 ], [ 12994267.641666604205966, 4830934.245306620374322 ], [ 12994446.865490864962339, 4830948.031754639931023 ], [ 12994446.865490864962339, 4831219.165232365950942 ], [ 12994653.66221116296947, 4831196.187818999402225 ], [ 12994713.403485916554928, 4831339.796652540564537 ], [ 12995090.233065128326416, 4831368.518419248983264 ], [ 12995062.660169091075659, 4832048.649854900315404 ], [ 12994883.436344830319285, 4832177.32336975261569 ], [ 12994897.222792848944664, 4832416.288468766026199 ], [ 12995085.637582454830408, 4832439.265882132574916 ], [ 12995214.31109730899334, 4832466.838778172619641 ], [ 12995122.401443842798471, 4832729.930161220021546 ], [ 12995526.803919093683362, 4832863.19915874581784 ], [ 12995517.612953748553991, 4833001.063638946041465 ], [ 12995568.163263153284788, 4833295.174530037678778 ], [ 12996000.138634447008371, 4833272.197116671130061 ], [ 12996069.0708745457232, 4833406.61498486623168 ], [ 12996188.553424052894115, 4833503.120121005922556 ], [ 12996165.576010685414076, 4833677.748462592251599 ], [ 12995981.75670375302434, 4833815.612942791543901 ], [ 12995669.263881966471672, 4833797.231012098491192 ], [ 12995632.500020580366254, 4833925.904526950791478 ], [ 12995655.477433947846293, 4834137.296729924157262 ], [ 12995477.297860639169812, 4834157.149459081701934 ], [ 12995448.680713647976518, 4834504.935343789868057 ], [ 12995425.703300280496478, 4835108.092444662936032 ], [ 12995301.6252681016922, 4835140.260823375545442 ], [ 12995287.838820081204176, 4835319.484647635370493 ], [ 12995214.31109730899334, 4835484.92202387470752 ], [ 12995039.682755721732974, 4835691.718744174577296 ], [ 12994387.124216111376882, 4835682.52777882758528 ], [ 12994396.315181458368897, 4836506.268048020079732 ], [ 12994419.292594823986292, 4837466.723926744423807 ], [ 12994920.569592764601111, 4837398.103304207324982 ], [ 12995554.37681513465941, 4837636.756785657256842 ], [ 12995882.95382627658546, 4837950.398478111252189 ], [ 12995850.785447563976049, 4838115.835854350589216 ], [ 12996052.986685190349817, 4838193.959059797227383 ], [ 12995970.26799706928432, 4838350.205470689572394 ], [ 12995993.245410436764359, 4838474.283502869307995 ], [ 12996259.783405488356948, 4838497.260916235856712 ], [ 12996374.670472322031856, 4838621.338948415592313 ], [ 12996245.996957469731569, 4839030.336906340904534 ], [ 12996595.25364064052701, 4839227.942661293782294 ], [ 12996944.510323813185096, 4838832.731151388026774 ], [ 12997128.329630747437477, 4838897.06790881510824 ], [ 12997192.666388172656298, 4838809.753738021478057 ], [ 12998217.459024323150516, 4839250.920074660331011 ], [ 12998543.738294128328562, 4838740.821497921831906 ], [ 12998695.389222348108888, 4838373.182884056121111 ], [ 12999049.241388194262981, 4838465.092537523247302 ], [ 12999017.073009481653571, 4838938.427252874709666 ], [ 12998994.095596114173532, 4839347.425210800021887 ], [ 12999439.857415426522493, 4839443.930346939712763 ], [ 12999444.452898100018501, 4839090.078181094489992 ], [ 12999389.307106019929051, 4838717.844084555283189 ], [ 12999345.650020623579621, 4838408.79787477478385 ], [ 12999552.446740923449397, 4838353.6520826946944 ], [ 12999621.378981022164226, 4838082.518604968674481 ], [ 12999823.580218648537993, 4837852.744471303187311 ], [ 13000060.445189150050282, 4837969.877623551525176 ], [ 13000517.498102320358157, 4838077.923122296109796 ], [ 13000549.666481032967567, 4837701.093543083406985 ], [ 13000724.294822620227933, 4837405.833781322464347 ], [ 13000402.611035486683249, 4837180.655130329541862 ], [ 13000531.284550340846181, 4836721.106862997636199 ], [ 13000581.834859747439623, 4836209.859415590763092 ], [ 13000655.362582519650459, 4835966.298833904787898 ], [ 13000921.900577573105693, 4835998.467212618328631 ], [ 13000908.114129552617669, 4835603.255702712573111 ], [ 13000614.003238460049033, 4835580.278289346024394 ], [ 13000725.443693285807967, 4835375.779310383833945 ], [ 13001012.661360369995236, 4835148.302918054163456 ], [ 13001389.490939581766725, 4835047.202299240976572 ], [ 13002171.005709961056709, 4835010.311839778907597 ], [ 13002471.727109149098396, 4834755.38914948515594 ], [ 13002398.19938637688756, 4834259.077020766213536 ], [ 13002104.088495284318924, 4833395.12627818249166 ], [ 13002177.61621805652976, 4832935.578010849654675 ], [ 13002674.384441532194614, 4832090.715196674689651 ], [ 13003286.78013976290822, 4831977.64320573117584 ], [ 13004346.684039862826467, 4832007.290510838851333 ], [ 13004539.694312142208219, 4832328.974297972396016 ], [ 13004946.394528741016984, 4832232.469161840155721 ], [ 13005185.35962775349617, 4832471.434260852634907 ], [ 13005621.792283991351724, 4832133.142372868023813 ], [ 13005973.48490621894598, 4832044.054372226819396 ], [ 13006157.304213151335716, 4831777.516377174295485 ], [ 13006598.47054979018867, 4831795.898307867348194 ], [ 13006846.626614149659872, 4832071.627268266864121 ], [ 13006837.435648802667856, 4832420.883951438590884 ], [ 13007177.501366628333926, 4832843.668357384391129 ], [ 13007857.632802279666066, 4833018.296698970720172 ], [ 13008105.788866639137268, 4832696.612911838106811 ], [ 13008280.417208224534988, 4832117.582095 ], [ 13008197.698520105332136, 4831584.506104894913733 ], [ 13008289.608173571527004, 4831042.239149442873895 ], [ 13008648.055822089314461, 4830849.228877163492143 ], [ 13008942.166713181883097, 4831088.193976175971329 ], [ 13009576.343322100117803, 4831823.471203907392919 ], [ 13010614.922406271100044, 4832301.401401932351291 ], [ 13011065.279708256945014, 4831998.099545493721962 ], [ 13011147.998396376147866, 4831455.832590041682124 ], [ 13011653.501490442082286, 4831097.384941522963345 ], [ 13012131.431688467040658, 4831317.968109842389822 ], [ 13012857.517950851470232, 4831648.842862321063876 ], [ 13012903.472777584567666, 4831060.621080135926604 ], [ 13012590.979955796152353, 4830931.947565284557641 ], [ 13012848.326985502615571, 4830454.017367258667946 ], [ 13013601.986143928021193, 4830582.690882111899555 ], [ 13013767.423520166426897, 4829498.156971208751202 ], [ 13014024.770549872890115, 4829332.719594968482852 ], [ 13014061.534411258995533, 4828909.93518902361393 ], [ 13014263.735648885369301, 4828542.296575157903135 ], [ 13013932.860896406695247, 4828468.768852384760976 ], [ 13013914.478965712711215, 4828248.185684065334499 ], [ 13014098.298272645100951, 4827990.838654359802604 ], [ 13014153.444064725190401, 4827696.727763267233968 ], [ 13014576.228470671921968, 4827641.581971187144518 ], [ 13014502.700747897848487, 4827053.360189002007246 ], [ 13013124.055945901200175, 4826777.631228603422642 ], [ 13012590.979955796152353, 4826226.173307804390788 ], [ 13012076.285896385088563, 4826152.645585031248629 ], [ 13011341.008668653666973, 4826207.791377111338079 ], [ 13011157.189361721277237, 4825546.041872153058648 ], [ 13010826.314609242603183, 4825141.639396901242435 ], [ 13010991.751985481008887, 4824626.945337489247322 ], [ 13011267.480945881456137, 4824204.1609315443784 ], [ 13011267.480945881456137, 4823524.02949589304626 ], [ 13011377.772530039772391, 4823101.245089947246015 ], [ 13011561.591836974024773, 4822641.696822615340352 ], [ 13011846.511762721464038, 4822283.249174096621573 ], [ 13012021.140104306861758, 4821842.082837457768619 ], [ 13011828.129832027480006, 4821336.579743392765522 ], [ 13011322.626737961545587, 4821134.378505767323077 ], [ 13011616.737629054114223, 4820674.830238434486091 ], [ 13011718.13569593988359, 4820960.140196235850453 ], [ 13012324.441960744559765, 4820757.548926554620266 ], [ 13013004.57339639775455, 4821042.468852300196886 ], [ 13013271.111391449347138, 4820895.413406753912568 ], [ 13013721.468693435192108, 4819957.934941397048533 ], [ 13013390.593940956518054, 4819847.643357237800956 ], [ 13013436.548767689615488, 4819213.46674831956625 ], [ 13012738.035401344299316, 4818992.883580000139773 ], [ 13012214.15037658624351, 4818551.717243361286819 ], [ 13012113.049757773056626, 4818809.064273066818714 ], [ 13011736.220178561285138, 4818735.536550293676555 ], [ 13011332.966573981568217, 4818931.993434578180313 ], [ 13010845.845410611480474, 4818876.847642499022186 ], [ 13010363.319729911163449, 4818545.972890019416809 ], [ 13009687.783776933327317, 4818297.816825659945607 ], [ 13009407.459333861246705, 4818614.90513011906296 ], [ 13009375.290955148637295, 4818950.375365272164345 ], [ 13009168.494234848767519, 4819092.835328144952655 ], [ 13009127.134890789166093, 4819598.338422209955752 ], [ 13008892.765274450182915, 4819631.655671591870487 ], [ 13008947.911066530272365, 4820150.945213676430285 ], [ 13009113.348442768678069, 4820114.181352290324867 ], [ 13009145.516821483150125, 4820588.664938310161233 ], [ 13008598.654383357614279, 4821030.980145617388189 ], [ 13008033.410014538094401, 4821118.294316410087049 ], [ 13006896.028052892535925, 4822346.437060855329037 ], [ 13005910.297019464895129, 4823340.210188960656524 ], [ 13006287.126598676666617, 4823611.343666686676443 ], [ 13005666.736437778919935, 4824346.62089441716671 ], [ 13005528.871957579627633, 4824392.575721151195467 ], [ 13005193.401722427457571, 4824240.924792931415141 ], [ 13004694.791852371767163, 4825299.034678462892771 ], [ 13003357.506394434720278, 4825331.203057176433504 ], [ 13003288.574154336005449, 4825740.201015101745725 ], [ 13002865.789748389273882, 4825625.31394826900214 ], [ 13002469.461501680314541, 4825705.286524167284369 ], [ 13001746.789717435836792, 4826259.490557187236845 ], [ 13000441.672638213261962, 4826250.29959184024483 ], [ 13000372.740398114547133, 4825717.223601735197008 ], [ 12999161.83071369305253, 4825569.019285520538688 ], [ 12998247.329661702737212, 4825633.356042946688831 ], [ 12998215.161282990127802, 4824718.854990956373513 ], [ 12998031.341976057738066, 4824732.641438976861537 ], [ 12997861.309117143973708, 4824323.643481050617993 ], [ 12997626.93950080499053, 4824331.685575729236007 ], [ 12997512.052433971315622, 4824010.001788596622646 ], [ 12997861.309117143973708, 4823954.855996517464519 ], [ 12997852.118151796981692, 4823587.217382651753724 ], [ 12997470.693089913576841, 4823611.343666684813797 ], [ 12997420.142780505120754, 4823407.993558391928673 ], [ 12997248.090804729610682, 4823378.539640860632062 ], [ 12997015.740305252373219, 4823358.592119651846588 ], [ 12996910.044203765690327, 4823262.086983512155712 ], [ 12996533.214624550193548, 4823234.514087472110987 ], [ 12996285.058560194447637, 4823193.154743412509561 ], [ 12996050.688943853601813, 4823519.434013218618929 ], [ 12995733.600639393553138, 4823496.456599852070212 ], [ 12995315.411716122180223, 4823524.029495892114937 ], [ 12995278.64785473421216, 4824158.206104810349643 ], [ 12995650.881951274350286, 4824190.374483522959054 ], [ 12995627.904537906870246, 4825510.426881434395909 ], [ 12995490.040057707577944, 4825620.718465593643486 ], [ 12995522.208436420187354, 4826334.167150626890361 ], [ 12996441.304971085861325, 4826316.934090602211654 ], [ 12996418.327557718381286, 4827125.73904110584408 ], [ 12996347.958734987303615, 4827946.408311947248876 ], [ 12996165.576010685414076, 4828491.74626575037837 ], [ 12995889.847050286829472, 4828698.542986050248146 ], [ 12995297.029785428196192, 4828851.342784937471151 ], [ 12995062.660169089213014, 4828901.893094344064593 ], [ 12994828.290552750229836, 4828837.55633691791445 ], [ 12994681.235107203945518, 4828865.129232957959175 ], [ 12994750.167347302660346, 4829140.858193356543779 ], [ 12994837.481518097221851, 4829582.024529995396733 ], [ 12994800.717656709253788, 4830056.508116016164422 ], [ 12994143.563634425401688, 4830336.832559088245034 ] ] ] ] } },
{ "type": "Feature", "properties": { "fid": 21, "区域": "西集镇", "分类": "乡镇" }, "geometry": { "type": "MultiPolygon", "coordinates": [ [ [ [ 13000736.932399982586503, 4840596.247627283446491 ], [ 13000764.505296021699905, 4841037.413963922299445 ], [ 13000736.191952889785171, 4841512.961949424818158 ], [ 13003178.550996001809835, 4841430.170117455534637 ], [ 13003230.208565482869744, 4841459.332096753641963 ], [ 13003295.134137781336904, 4840697.538715118542314 ], [ 13003493.109451880678535, 4840711.138604921288788 ], [ 13004274.310955964028835, 4840517.734349054284394 ], [ 13004634.57378551736474, 4840745.268767720088363 ], [ 13004649.742746762931347, 4841086.570395717397332 ], [ 13006022.533739374950528, 4841427.872023714706302 ], [ 13006017.141991628333926, 4840770.875968868844211 ], [ 13006564.004429753869772, 4840816.830795601941645 ], [ 13006628.341187180951238, 4840490.551525796763599 ], [ 13006959.215939659625292, 4840462.978629757650197 ], [ 13007060.316558470949531, 4840214.822565398178995 ], [ 13007681.661160714924335, 4840250.313368034549057 ], [ 13007951.840197093784809, 4840325.114149558357894 ], [ 13008236.760122839361429, 4840306.732218864373863 ], [ 13008034.558885212987661, 4842108.161426805891097 ], [ 13008209.187226800248027, 4842117.352392152883112 ], [ 13008337.860741652548313, 4842223.048493639566004 ], [ 13008268.92850155197084, 4842374.69942185934633 ], [ 13008112.682090658694506, 4842714.7651396850124 ], [ 13008250.546570859849453, 4842871.011550578288734 ], [ 13008281.901942497119308, 4843168.725444973446429 ], [ 13008613.589702051132917, 4843137.549545630812645 ], [ 13008599.803254030644894, 4843270.818543156608939 ], [ 13008540.061979278922081, 4843606.288778308779001 ], [ 13008779.027078291401267, 4843702.793914448469877 ], [ 13008953.655419878661633, 4843339.75078325625509 ], [ 13009679.741682263091207, 4843155.931476322934031 ], [ 13009670.550716916099191, 4843385.705609989352524 ], [ 13010212.817672368139029, 4843146.740510976873338 ], [ 13010157.671880288049579, 4843716.580362468026578 ], [ 13011012.431657526642084, 4843468.424298109486699 ], [ 13011370.879306044429541, 4842981.303134737536311 ], [ 13011720.135989217087626, 4842356.317491165362298 ], [ 13012096.965568428859115, 4841832.432466407306492 ], [ 13012731.962910879403353, 4841471.49288959056139 ], [ 13013163.117548640817404, 4841428.029991155490279 ], [ 13013539.947127852588892, 4841584.27640204783529 ], [ 13013135.544652599841356, 4842650.428382257930934 ], [ 13012887.388588240370154, 4843275.414025830104947 ], [ 13012878.197622893378139, 4844056.646080293692648 ], [ 13013102.283271295949817, 4844295.386710363440216 ], [ 13013493.992301119491458, 4844617.294966438785195 ], [ 13013870.821880331262946, 4844369.138902080245316 ], [ 13014275.224355584010482, 4844065.837045640684664 ], [ 13014596.90814271569252, 4843771.726154548116028 ], [ 13014854.255172422155738, 4843431.660436722449958 ], [ 13015185.129924900829792, 4842916.966377310454845 ], [ 13015442.47695460729301, 4842301.171699086204171 ], [ 13015607.914330849424005, 4841749.713778287172318 ], [ 13015718.205915007740259, 4840977.672689169645309 ], [ 13015764.160741740837693, 4840311.327701537869871 ], [ 13015768.756224414333701, 4839433.590510933659971 ], [ 13015888.238773919641972, 4838744.268109936267138 ], [ 13016317.916403878480196, 4838282.422101269476116 ], [ 13017257.692610573023558, 4837579.313252251595259 ], [ 13017367.984194733202457, 4837241.545275762677193 ], [ 13016481.056038782000542, 4837126.658208929933608 ], [ 13016579.858916258439422, 4836586.688994814641774 ], [ 13016800.442084578797221, 4836127.140727482736111 ], [ 13017389.003459185361862, 4835841.648315637372434 ], [ 13018195.171075927093625, 4835812.350164360366762 ], [ 13018438.731657613068819, 4835472.284446534700692 ], [ 13018585.787103159353137, 4835012.736179202795029 ], [ 13017942.419528894126415, 4834920.826525735668838 ], [ 13018149.216249193996191, 4833781.146822752431035 ], [ 13017767.791187297552824, 4833739.787478688172996 ], [ 13017372.579677402973175, 4833969.561612359248102 ], [ 13017285.513669222593307, 4833978.832096314057708 ], [ 13017234.715197203680873, 4834226.908642064779997 ], [ 13017000.345580864697695, 4834305.031847511418164 ], [ 13016643.876971457153559, 4834351.395340179093182 ], [ 13015940.146399712190032, 4834434.187172148376703 ], [ 13015008.73829005099833, 4834247.905550216324627 ], [ 13014789.918414985761046, 4833905.224854927510023 ], [ 13014532.571385281160474, 4833528.395275714807212 ], [ 13014624.481038747355342, 4833160.756661849096417 ], [ 13014753.154553601518273, 4832765.54515194427222 ], [ 13014854.255172412842512, 4832388.715572731569409 ], [ 13014137.359875377267599, 4831947.549236093647778 ], [ 13014229.269528843462467, 4831552.337726187892258 ], [ 13014100.596013991162181, 4831377.709384601563215 ], [ 13013766.787666652351618, 4831382.396381909027696 ], [ 13013595.092919925227761, 4832048.649854906834662 ], [ 13013337.745890218764544, 4831965.931166786700487 ], [ 13012566.379246938973665, 4831660.660801157355309 ], [ 13012048.930297126993537, 4831495.077137216925621 ], [ 13011664.990197135135531, 4831212.272008363157511 ], [ 13011214.632895149290562, 4831405.282280642539263 ], [ 13010828.612350590527058, 4832057.840820253826678 ], [ 13010460.97373672388494, 4832315.187849960289896 ], [ 13009854.370023846626282, 4832002.695028173737228 ], [ 13009256.957276314496994, 4831524.764830148778856 ], [ 13008558.443909969180822, 4830881.397255884483457 ], [ 13008154.041434718295932, 4831451.237107375636697 ], [ 13008190.80529610440135, 4831828.066686588339508 ], [ 13008245.9510881844908, 4832590.9168103588745 ], [ 13007909.338698633015156, 4832861.14236472081393 ], [ 13007823.166682239621878, 4833022.892181650735438 ], [ 13007051.12559312209487, 4832765.545151945203543 ], [ 13006812.160494107753038, 4831919.976340054534376 ], [ 13006122.838093111291528, 4831745.347998468205333 ], [ 13005176.168662406504154, 4832480.625226199626923 ], [ 13004946.394528741016984, 4832232.469161840155721 ], [ 13004494.175629874691367, 4832260.901582938618958 ], [ 13004477.655296063050628, 4832021.07695886772126 ], [ 13004174.353439623489976, 4832002.695028173737228 ], [ 13003540.17683070525527, 4831929.167305400595069 ], [ 13002652.057368542999029, 4832074.619961006566882 ], [ 13002097.195271283388138, 4833188.329557891003788 ], [ 13002115.577201975509524, 4833464.058518289588392 ], [ 13002262.632647521793842, 4833813.315201462246478 ], [ 13002556.743538614362478, 4834318.818295527249575 ], [ 13002556.743538614362478, 4834870.276216325350106 ], [ 13002336.160370295867324, 4835109.241315337829292 ], [ 13001472.209627710282803, 4835017.331661871634424 ], [ 13001012.661360379308462, 4835201.150968804955482 ], [ 13000645.02274651452899, 4835577.980548018589616 ], [ 13000911.560741567984223, 4835614.744409405626357 ], [ 13000929.94267226010561, 4836000.764953962527215 ], [ 13000562.304058395326138, 4836294.875845056958497 ], [ 13000497.967300970107317, 4836993.389211401343346 ], [ 13000341.720890076830983, 4837269.11817179992795 ], [ 13000718.550469288602471, 4837434.5555480401963 ], [ 13000415.24861284904182, 4838041.159260918386281 ], [ 12999568.061627665534616, 4837994.235946854576468 ], [ 12999468.579182146117091, 4838372.034013397060335 ], [ 12999551.297870265319943, 4838877.537107462063432 ], [ 12999468.579182146117091, 4839502.522751033306122 ], [ 12999857.833039559423923, 4839815.65625019185245 ], [ 13000534.731162356212735, 4840210.227082724682987 ], [ 13000736.932399982586503, 4840596.247627283446491 ] ] ] ] } },
{ "type": "Feature", "properties": { "fid": 22, "区域": "张家湾镇", "分类": "乡镇" }, "geometry": { "type": "MultiPolygon", "coordinates": [ [ [ [ 12991199.442950775846839, 4848044.724430607631803 ], [ 12991362.148719193413854, 4848476.248425108380616 ], [ 12991829.04353291541338, 4847981.05695600900799 ], [ 12992076.639267465099692, 4848271.097673624753952 ], [ 12992154.455069752410054, 4848037.650266762822866 ], [ 12992677.943194229155779, 4848419.65511435456574 ], [ 12992854.797290336340666, 4848193.28187133744359 ], [ 12993038.725550288334489, 4848313.542656689882278 ], [ 12993399.507906345650554, 4847995.20528369769454 ], [ 12993731.993607027456164, 4848242.801018247380853 ], [ 12993951.292686199769378, 4847966.908628320321441 ], [ 12994637.486579095944762, 4848405.50678666587919 ], [ 12994340.371697636321187, 4848893.624091921374202 ], [ 12994664.951117677614093, 4848745.698075720109046 ], [ 12994969.972279775887728, 4848773.363306568004191 ], [ 12995141.226919816806912, 4848983.835976789705455 ], [ 12995429.792929654940963, 4848978.514058052562177 ], [ 12995613.721189606934786, 4848822.882453477941453 ], [ 12995642.017844984307885, 4848610.657538149505854 ], [ 12995542.97955116443336, 4848313.542656689882278 ], [ 12995451.015421187505126, 4847818.351187590509653 ], [ 12995394.422110432758927, 4847330.233882335014641 ], [ 12995366.125455057248473, 4846877.487396300770342 ], [ 12995656.166172672063112, 4846352.230730863288045 ], [ 12996080.616003328934312, 4846132.931651690974832 ], [ 12996306.989246346056461, 4845998.522538648918271 ], [ 12996497.991670140996575, 4845701.407657189294696 ], [ 12996505.065833985805511, 4845206.216188089922071 ], [ 12996575.807472428306937, 4844744.626997250132263 ], [ 12996894.144845420494676, 4844405.067132725380361 ], [ 12997247.85303763486445, 4844327.251330438069999 ], [ 12997813.786145176738501, 4844242.361364306882024 ], [ 12998188.716828923672438, 4843994.765629757195711 ], [ 12998422.164235785603523, 4843526.10227507352829 ], [ 12998575.666410867124796, 4843130.618578687310219 ], [ 12998917.355704884976149, 4842486.200189963914454 ], [ 12999348.879699386656284, 4842005.157048553228378 ], [ 12999814.683228308334947, 4841720.629994166083634 ], [ 13000579.784208292141557, 4841501.122874648310244 ], [ 13000756.638304397463799, 4841041.302224769257009 ], [ 13000763.712468242272735, 4840645.149049489758909 ], [ 13000523.190897537395358, 4840192.402563456445932 ], [ 13000155.334377635270357, 4839944.806828905828297 ], [ 12999752.107038510963321, 4839612.321128224954009 ], [ 12999391.324682451784611, 4839421.318704429082572 ], [ 12998995.17150717228651, 4839364.725393675267696 ], [ 12999016.393998704850674, 4838459.232421607710421 ], [ 12998690.982461867853999, 4838367.26829163171351 ], [ 12998535.350857295095921, 4838834.163105353713036 ], [ 12998393.867580408230424, 4838834.163105353713036 ], [ 12998206.402238531038165, 4839226.77919871173799 ], [ 12997178.879940150305629, 4838815.593425262719393 ], [ 12997086.915810173377395, 4838879.260899861343205 ], [ 12996885.302140612155199, 4838843.890080640092492 ], [ 12996757.967191414907575, 4838907.557555237784982 ], [ 12996623.558078372851014, 4839201.135354775935411 ], [ 12996223.867821171879768, 4839003.058767136186361 ], [ 12996407.796081122010946, 4838536.163953413255513 ], [ 12996153.126182729378343, 4838486.64480650331825 ], [ 12995955.049595089629292, 4838359.309857306070626 ], [ 12996047.013725064694881, 4838143.54786005616188 ], [ 12995848.937137424945831, 4838154.159105822443962 ], [ 12995870.159628957509995, 4838065.732057768851519 ], [ 12995898.456284334883094, 4837959.619600104168057 ], [ 12995820.640482047572732, 4837899.489207427948713 ], [ 12995594.267239030450583, 4837719.098029399290681 ], [ 12995410.33897908218205, 4837604.142866929993033 ], [ 12995056.630786867812276, 4837420.21460697799921 ], [ 12994462.401023948565125, 4837483.882081576623023 ], [ 12994427.03020472638309, 4835656.979268791154027 ], [ 12995120.298261465504766, 4835706.49841570109129 ], [ 12995247.63321066275239, 4835423.531861930154264 ], [ 12995311.300685262307525, 4835133.491144314408302 ], [ 12995438.635634457692504, 4835091.046161249279976 ], [ 12995445.70979830250144, 4834751.486296723596752 ], [ 12995459.858125992119312, 4834312.888138378039002 ], [ 12995650.860549787059426, 4834155.487992842681706 ], [ 12995657.934713631868362, 4833773.483145251870155 ], [ 12996039.93956122174859, 4833844.224783694371581 ], [ 12996068.23621659912169, 4833709.815670653246343 ], [ 12996153.126182731240988, 4833490.51659148093313 ], [ 12995919.678775869309902, 4833271.217512307688594 ], [ 12995509.377272902056575, 4833299.514167685061693 ], [ 12995537.673928279429674, 4832882.138500872068107 ], [ 12995176.891572220250964, 4832804.322698585689068 ], [ 12995219.336555285379291, 4832491.290948475711048 ], [ 12994900.999182293191552, 4832434.697637721896172 ], [ 12994879.776690760627389, 4832180.027739327400923 ], [ 12995021.25996764563024, 4832180.027739327400923 ], [ 12995042.482459178194404, 4831345.276405702345073 ], [ 12994434.104368571192026, 4831196.718964972533286 ], [ 12994441.178532414138317, 4830970.345721955411136 ], [ 12994144.063650954514742, 4830850.084936602972448 ], [ 12994165.28614248894155, 4830319.522648281417787 ], [ 12993599.353034945204854, 4829873.850326091982424 ], [ 12993436.647266527637839, 4830079.001077576540411 ], [ 12991774.218763120472431, 4830050.704422199167311 ], [ 12991795.44125465489924, 4828515.61086799018085 ], [ 12991286.101457865908742, 4828183.125167309306562 ], [ 12990646.374037126079202, 4827908.631732126697898 ], [ 12990168.383570469915867, 4828190.199331153184175 ], [ 12990090.567768182605505, 4828501.4625403014943 ], [ 12989630.74711830355227, 4828374.127591104246676 ], [ 12988800.80530383810401, 4829158.855712742544711 ], [ 12987954.17028721049428, 4830015.333602977916598 ], [ 12987342.210659785196185, 4830706.752069694921374 ], [ 12986044.146049253642559, 4831614.094631785526872 ], [ 12984862.760687259957194, 4831670.687942539341748 ], [ 12984735.42573806270957, 4832533.735931541770697 ], [ 12984374.64338200353086, 4832908.666615288704634 ], [ 12983978.49020672403276, 4833241.152315969578922 ], [ 12983907.748568281531334, 4833708.04712969250977 ], [ 12984127.34899534471333, 4834040.682684670202434 ], [ 12984330.429857976734638, 4834218.271196961402893 ], [ 12984287.984874911606312, 4834692.240174528211355 ], [ 12984245.539891846477985, 4835295.312642253004014 ], [ 12984634.61890328116715, 4836038.099845902062953 ], [ 12985407.340213594958186, 4836898.337497505359352 ], [ 12985879.671739874407649, 4837042.631111790426075 ], [ 12986159.101211724802852, 4837355.662861899472773 ], [ 12986562.328550849109888, 4838261.155833967030048 ], [ 12986732.108483111485839, 4838508.751568517647684 ], [ 12987128.261658392846584, 4838784.643958443775773 ], [ 12988083.2737773694098, 4839529.199703054502606 ], [ 12989300.029958587139845, 4840627.463639879599214 ], [ 12989667.886478489264846, 4841009.468487470410764 ], [ 12989356.623269340023398, 4841631.994905767031014 ], [ 12989349.549105497077107, 4841957.406442604027689 ], [ 12988776.54183411039412, 4841822.997329562902451 ], [ 12988649.206884913146496, 4841950.332278760150075 ], [ 12988436.981969583779573, 4841900.813131850212812 ], [ 12988359.166167296469212, 4842197.928013309836388 ], [ 12987602.230635959655046, 4842459.67207554820925 ], [ 12987050.445856105536222, 4842169.631357932463288 ], [ 12986944.333398440852761, 4842735.564465475268662 ], [ 12988288.424528853967786, 4842466.746239392086864 ], [ 12988532.900165133178234, 4842911.319499514065683 ], [ 12989158.546681700274348, 4843565.010176217183471 ], [ 12989645.216373318806291, 4844352.824651363305748 ], [ 12990181.026650726795197, 4845573.281394344754517 ], [ 12989936.704704571515322, 4846113.477701119147241 ], [ 12989498.106546226888895, 4846035.661898831836879 ], [ 12989335.400777807459235, 4846290.331797225400805 ], [ 12989066.582551725208759, 4846318.628452602773905 ], [ 12989059.508387880399823, 4846651.114153284579515 ], [ 12989336.61558124423027, 4846661.991441360674798 ], [ 12989533.477365447208285, 4846700.633300194516778 ], [ 12989597.14484004676342, 4846997.748181654140353 ], [ 12990750.233546663075686, 4846679.410808661021292 ], [ 12991043.811346201226115, 4847500.013814597390592 ], [ 12991199.442950775846839, 4848044.724430607631803 ] ] ] ] } },
{ "type": "Feature", "properties": { "fid": 23, "区域": "潞城镇", "分类": "乡镇" }, "geometry": { "type": "MultiPolygon", "coordinates": [ [ [ [ 12992973.28953473828733, 4854851.838589770719409 ], [ 12993447.258512305095792, 4855007.47019434440881 ], [ 12993908.807177662849426, 4855206.402030090801418 ], [ 12994656.940529678016901, 4855417.771697313524783 ], [ 12994770.127151185646653, 4854965.025211279280484 ], [ 12995208.725309532135725, 4854943.802719746716321 ], [ 12995187.502818, 4854349.572956826537848 ], [ 12995321.911931039765477, 4854073.680566899478436 ], [ 12995406.801897171884775, 4853790.71401312854141 ], [ 12995463.395207924768329, 4853599.711589332669973 ], [ 12995647.323467876762152, 4853479.450803980231285 ], [ 12995880.770874738693237, 4853352.115854782983661 ], [ 12996050.550807001069188, 4853168.18759483192116 ], [ 12996312.294869238510728, 4852970.11100719217211 ], [ 12996375.962343834340572, 4851985.0336918765679 ], [ 12996666.003061449155211, 4851963.811200344003737 ], [ 12996743.818863736465573, 4851815.253759614191949 ], [ 12997520.208056505769491, 4852015.376918757334352 ], [ 12997865.073833057656884, 4851815.253759614191949 ], [ 12997865.073833057656884, 4852006.256183409132063 ], [ 12997979.691476214677095, 4851966.310445530340075 ], [ 12998650.306019771844149, 4851893.069561901502311 ], [ 12998935.10309730283916, 4851841.691538431681693 ], [ 12999619.466466438025236, 4851786.95710423681885 ], [ 12999718.504760257899761, 4851560.583861219696701 ], [ 12999690.208104882389307, 4851199.801505161449313 ], [ 12999577.02148337289691, 4850499.459284577518702 ], [ 12999661.911449505016208, 4850251.863550027832389 ], [ 12999859.988037144765258, 4849919.377849346958101 ], [ 13000142.954590914770961, 4849431.260544091463089 ], [ 13000447.143636219203472, 4848999.736549590714276 ], [ 13000967.094678774476051, 4848686.704799480736256 ], [ 13001292.506215611472726, 4848665.482307948172092 ], [ 13001462.286147873848677, 4848403.73824570979923 ], [ 13001837.216831620782614, 4848269.329132668673992 ], [ 13001858.439323153346777, 4849252.637907023541629 ], [ 13002155.554204612970352, 4849210.19292395748198 ], [ 13002367.779119940474629, 4849379.972856220789254 ], [ 13002311.185809187591076, 4849903.460980697534978 ], [ 13002549.051403157413006, 4849868.558842706494033 ], [ 13002834.673933664336801, 4849853.941833787597716 ], [ 13002827.599769819527864, 4849302.157053933478892 ], [ 13002870.044752884656191, 4848727.381241585128009 ], [ 13003230.827108943834901, 4848734.455405429936945 ], [ 13003216.678781254217029, 4848359.524721683003008 ], [ 13003213.685574349015951, 4848310.822503975592554 ], [ 13004044.355951035395265, 4848338.302230150438845 ], [ 13004341.47083249501884, 4848119.003150977194309 ], [ 13004681.030697021633387, 4847687.479156476445496 ], [ 13004992.293906169012189, 4847185.213523532263935 ], [ 13005463.163333686068654, 4846330.162970721721649 ], [ 13005756.303601352497935, 4846483.10276198759675 ], [ 13006102.937629722058773, 4846002.059620575979352 ], [ 13006683.019064951688051, 4845478.571496099233627 ], [ 13007234.803844805806875, 4845513.942315321415663 ], [ 13007383.361285535618663, 4845025.825010065920651 ], [ 13007538.992890110239387, 4844976.305863155983388 ], [ 13007616.808692397549748, 4844672.116817851550877 ], [ 13007694.62449468486011, 4844332.556953325867653 ], [ 13007906.849410012364388, 4844021.293744177557528 ], [ 13008447.679672485217452, 4843803.772030580788851 ], [ 13008508.153336778283119, 4843614.529323132708669 ], [ 13008642.56244982033968, 4843133.486181722022593 ], [ 13008458.634189868345857, 4843204.227820164524019 ], [ 13008189.815963786095381, 4843147.634509410709143 ], [ 13008288.854257605969906, 4842836.371300262399018 ], [ 13008119.074325343593955, 4842680.739695687778294 ], [ 13008324.225076826289296, 4842235.067373498342931 ], [ 13008112.000161498785019, 4842157.251571211032569 ], [ 13007998.813539989292622, 4842022.842458169907331 ], [ 13008203.964291473850608, 4841230.536107609979808 ], [ 13008260.557602228596807, 4840296.746480165049434 ], [ 13008005.887703834101558, 4840459.452248583547771 ], [ 13007963.442720768973231, 4840303.82064400985837 ], [ 13007699.9662298951298, 4840252.133178274147213 ], [ 13007065.02391254529357, 4840247.227333255112171 ], [ 13006973.059782570227981, 4840452.378084739670157 ], [ 13006654.722409576177597, 4840417.007265518419445 ], [ 13006548.609951913356781, 4840827.308768486604095 ], [ 13006018.04766359180212, 4840777.789621576666832 ], [ 13006018.741499064490199, 4841435.456504338420928 ], [ 13005442.32097177952528, 4841295.143612828105688 ], [ 13004975.87541351467371, 4841166.207442251034081 ], [ 13004645.950506450608373, 4841116.908318207599223 ], [ 13004634.57378551736474, 4840764.229969276115298 ], [ 13004505.637614941224456, 4840661.839480876922607 ], [ 13004285.687676897272468, 4840521.526589366607368 ], [ 13003508.278413124382496, 4840726.30756616499275 ], [ 13003284.536234771832824, 4840692.177403365261853 ], [ 13003231.444870416074991, 4841465.794426826760173 ], [ 13001847.828077388927341, 4841541.799316759221256 ], [ 13000998.928416075184941, 4841548.873480603098869 ], [ 13000369.327833933755755, 4841570.095972135663033 ], [ 13000050.990460941568017, 4841619.615119045600295 ], [ 12999714.967678338289261, 4841768.172559775412083 ], [ 12999163.182898484170437, 4842185.548226588405669 ], [ 12998858.993853179737926, 4842638.294712622649968 ], [ 12998491.137333277612925, 4843260.821130919270217 ], [ 12998271.838254105299711, 4843828.522779422812164 ], [ 12997928.741307655349374, 4844217.601790857501328 ], [ 12997433.549838555976748, 4844323.714248522184789 ], [ 12996924.210041768848896, 4844380.307559275999665 ], [ 12996563.427685709670186, 4844726.941587646491826 ], [ 12996471.463555734604597, 4845193.836401368491352 ], [ 12996478.537719577550888, 4845441.432135918177664 ], [ 12996513.908538799732924, 4845641.27726451959461 ], [ 12996421.944408824667335, 4845832.279688314534724 ], [ 12996301.683623472228646, 4845931.317982135340571 ], [ 12996082.384544298052788, 4846101.097914397716522 ], [ 12995707.453860551118851, 4846285.026174348779023 ], [ 12995509.377272911369801, 4846461.88027045596391 ], [ 12995410.338979091495275, 4846780.217643448151648 ], [ 12995466.932289846241474, 4847977.51987409312278 ], [ 12995636.712222108617425, 4848331.228066307492554 ], [ 12995587.193075198680162, 4848741.529569275677204 ], [ 12995438.635634468868375, 4848939.606156915426254 ], [ 12995219.336555296555161, 4848996.19946766924113 ], [ 12994830.257543861865997, 4848741.529569275677204 ], [ 12994335.066074760630727, 4848847.642026939429343 ], [ 12994193.582797879353166, 4849328.685168351046741 ], [ 12994260.787354398518801, 4849839.793506097979844 ], [ 12993991.96912831440568, 4850115.685896025039256 ], [ 12994083.933258291333914, 4850633.868397618643939 ], [ 12994190.045715956017375, 4851687.918810416013002 ], [ 12994409.344795128330588, 4852642.930929394438863 ], [ 12994324.45482899621129, 4853889.752306948415935 ], [ 12992329.540624909102917, 4854356.647120671346784 ], [ 12991211.822737513110042, 4854653.762002130970359 ], [ 12991042.042805250734091, 4855891.740674880333245 ], [ 12991197.674409825354815, 4856054.446443297900259 ], [ 12991615.050076637417078, 4856118.113917896524072 ], [ 12991798.978336587548256, 4856111.039754052646458 ], [ 12991813.126664277166128, 4855976.63064101152122 ], [ 12992364.911444131284952, 4855941.259821790270507 ], [ 12992485.17222948372364, 4856026.149787921458483 ], [ 12992845.954585541039705, 4855983.704804855398834 ], [ 12992619.581342525780201, 4855502.661663444712758 ], [ 12992570.062195615842938, 4855233.84343736153096 ], [ 12992579.538835279643536, 4854915.624580194242299 ], [ 12992973.28953473828733, 4854851.838589770719409 ] ] ] ] } },
{ "type": "Feature", "properties": { "fid": 24, "区域": "东郊森林公园", "分类": "公园" }, "geometry": { "type": "MultiPolygon", "coordinates": [ [ [ [ 12979485.034705234691501, 4870387.448968980461359 ], [ 12979896.082010699436069, 4870103.214130095206201 ], [ 12979996.657415229827166, 4869569.727201725356281 ], [ 12979345.103707630187273, 4868131.061632597818971 ], [ 12978689.177156355232, 4868476.516282935626805 ], [ 12979485.034705234691501, 4870387.448968980461359 ] ] ] ] } }
]
}
